duplicate_type,company_key,state_key,authorized_official_key,phone_key,record_count,npis,record_indexes
same_name_state_authorized_official_phone,14THAVENUEPHARMACYINC,WA,SCOTTLOUDERBACK,5095478360,3,1437193547; 1629028378; 1710091608,82334; 118231; 135490
same_name_state_authorized_official_phone,15RXLLC,TX,DHIRAJAJMANI,2106841579,2,1447604632; 1841595188,85259; 161131
same_name_state_authorized_official_phone,1918WINTERSTREETOPERATINGCOLLC,NH,KEVINMCNAMARA,6033547000,6,1003664889; 1073348850; 1093585218; 1134977812; 1316772197; 1407681281,1008; 13677; 17893; 26520; 60259; 77221
same_name_state_authorized_official_phone,1918WINTERSTREETOPERATINGCOLLC,NV,KEVINMCNAMARA,2083956200,2,1154192748; 1902654874,28551; 172401
same_name_state_authorized_official_phone,1FOOT2FOOTCENTREFORFOOTANDANKLECAREPC,VA,MATTHEWDAIRMAN,7579340768,2,1548921265; 1831477868,104650; 159084
same_name_state_authorized_official_phone,1STCLASSSLEEPDIAGNOSTICSINC,VA,YOUNGYI,7033859222,6,1144564352; 1164766572; 1326382532; 1417291626; 1508100710; 1881938090,27823; 31680; 61904; 78877; 95586; 169343
same_name_state_authorized_official_phone,21STCENTURYMEDICALSUPPLIESINC,MD,WALTERBOYD,3018077987,3,1528494853; 1548348527; 1750461984,100433; 103590; 143638
same_name_state_authorized_official_phone,21STCENTURYONCOLOGYLLC,FL,KIMCOMMINS,2396898800,3,1376752501; 1750599627; 1790993632,71963; 144053; 152140
same_name_state_authorized_official_phone,2KPHARMAKONSERVICESLLC,GA,KENNETHKICKLIGHTER,4787632151,2,1265526057; 1568831071,50055; 108294
same_name_state_authorized_official_phone,5412WESTWARRENDRUGSINC,MI,NEILTUBBEN,3138944300,2,1588733117; 1922058239,111757; 175565
same_name_state_authorized_official_phone,596MORRISAVENUEPHARMACYINC,NY,SAMINAHASSAN,7184018800,2,1306119045; 1710120704,57190; 135574
same_name_state_authorized_official_phone,5999BROADWAYINC,NY,ALLAGALITSKIY,7186016000,2,1114398237; 1386049799,21844; 72475
same_name_state_authorized_official_phone,986SPECIALTYPHARMACYPASADENAINC,CA,SIMONCHAN,6267986789,2,1831299874; 1972244747,158725; 185041
same_name_state_authorized_official_phone,AAAMOBILITYSPECIALISTSOFILLINOISINC,IL,KEITHLEWIS,2179949417,2,1487193934; 1578915120,91913; 110404
same_name_state_authorized_official_phone,AAHOGANENTERPRISES,TX,BRIANHOGAN,9727227711,2,1730589938; 1982004222,140365; 186670
same_name_state_authorized_official_phone,AAINFUSIONSPECIALTYLLC,MS,ROBERTSTOKES,6623320177,2,1225671001; 1548735558,43041; 104413
same_name_state_authorized_official_phone,AANDLOFNORTHEASTINC,LA,AUGUSTATURNER,3183361251,2,1346325461; 1396962502,65267; 76108
same_name_state_authorized_official_phone,AAPHARMACIESINC,CA,EMADYOUAKIM,7149620003,2,1053776302; 1134584436,11010; 26028
same_name_state_authorized_official_phone,ABBAMEDICALSUPPLIESCORPORATION,DE,AKINOLAADEJUWON,3024785294,2,1457369423; 1760717979,86326; 146040
same_name_state_authorized_official_phone,ABCUNLIMITEDPHARMACYSERVICESCORP,PR,EDNACOLON,9392941991,2,1336598721; 1881045276,64147; 167602
same_name_state_authorized_official_phone,ABENORMASRXINC,VA,JEFFREYGOLDSTEIN,5404639166,2,1023100211; 1750465357,4176; 143650
same_name_state_authorized_official_phone,ABILITIESINMOTIONLLC,OH,THOMASWALSH,5132450253,3,1013373331; 1396160024; 1568045680,2805; 74620; 106655
same_name_state_authorized_official_phone,ABLEMEDICALAIDSINC,FL,NANCYSIMMONS,7275862995,2,1598174252; 1891803144,112733; 170807
same_name_state_authorized_official_phone,ABLEMEDICALLLC,MN,HIKANONO,7632295470,2,1346903762; 1790538858,66435; 151021
same_name_state_authorized_official_phone,ABOSSOPTICIANSINC,PA,LINDABOSS,4125610811,2,1093705733; 1477658284,18035; 90841
same_name_state_authorized_official_phone,ABOUTCANSURVIVAL,AZ,SANDRADUVAL,4803802830,2,1215153549; 1356528145,40120; 67718
same_name_state_authorized_official_phone,ABSOLUTEPHARMACYINC,PR,OMARYSGONZALEZ,7878928700,2,1386895530; 1528210572,74102; 99891
same_name_state_authorized_official_phone,ACADEMICEYECENTERPA,NJ,JOHNKUNG,7322574900,2,1023422466; 1407262595,4993; 76681
same_name_state_authorized_official_phone,ACADEMYMEDICALEQUIPMENTINC,NV,WILLIAMPAUL,7023829991,2,1003801861; 1487709762,1118; 92744
same_name_state_authorized_official_phone,ACCESSMEDICALSUPPLIESINC,VA,ANNAMENSAH,7033605800,2,1316029895; 1518013366,58911; 97251
same_name_state_authorized_official_phone,ACCESSMEDIQUIPLLC,TX,WILLIAMELLIOTT,7139854850,2,1033223177; 1205145844,6291; 38076
same_name_state_authorized_official_phone,ACCESSRESPIRATORYHOMECARELLC,LA,GREGORYCRAWFORD,5044569355,2,1013915933; 1235602046,3465; 44824
same_name_state_authorized_official_phone,ACCESSRXLLC,GA,DHARMESHPATEL,7708847644,3,1659070597; 1700586153; 1982304341,123928; 134220; 187123
same_name_state_authorized_official_phone,ACCLAIMEDHEALTHCAREINC,NJ,RAPHAELSTAHL,7328866559,2,1265523625; 1285106401,50039; 53250
same_name_state_authorized_official_phone,ACCREDOHEALTHGROUPINC,AZ,VICTORPERINI,6029441199,2,1629029251; 1730612953,118235; 140436
same_name_state_authorized_official_phone,ACCREDOHEALTHGROUPINC,CO,VICTORPERINI,3037996550,2,1689623555; 1801714597,130394; 153278
same_name_state_authorized_official_phone,ACCREDOHEALTHGROUPINC,DE,VICTORPERINI,3023958943,2,1538281837; 1659704617,101813; 125308
same_name_state_authorized_official_phone,ACCREDOHEALTHGROUPINC,KS,VICTORPERINI,8006622922,2,1629232756; 1679426555,118959; 128188
same_name_state_authorized_official_phone,ACCREDOHEALTHGROUPINC,MI,VICTORPERINI,2484890300,2,1710933007; 1861345506,136907; 164063
same_name_state_authorized_official_phone,ACCREDOHEALTHGROUPINC,NJ,VICPERINI,9732760794,2,1447550132; 1548282510,85131; 103338
same_name_state_authorized_official_phone,ACCREDOHEALTHGROUPINC,NV,VICTORPERINI,7028958990,3,1437742616; 1548855406; 1902851157,83594; 104572; 172835
same_name_state_authorized_official_phone,ACCREDOHEALTHGROUPINC,PA,VICPERINI,7247726000,2,1417915653; 1972710176,79661; 186080
same_name_state_authorized_official_phone,ACCREDOHEALTHGROUPINC,TN,VICPERINI,9013853600,2,1275740474; 1346208949,52505; 64815
same_name_state_authorized_official_phone,ACCREDOHEALTHGROUPINC,TX,VICPERINI,9729296800,2,1073569034; 1225239940,14164; 42348
same_name_state_authorized_official_phone,ACCREDOHEALTHGROUPINC,UT,VICTORPERINI,8018320222,2,1447178132; 1902857501,84038; 172856
same_name_state_authorized_official_phone,ACCUCARERXLLC,TX,PRETIKPATEL,5128085202,2,1295512705; 1437936382,55719; 83814
same_name_state_authorized_official_phone,ACCUPATHDIAGNOSTICLABORATORIESINC,CA,KIMBERLYWILLIAMS,8007101800,2,1235132846; 1427035799,43564; 80055
same_name_state_authorized_official_phone,ACCURATERESPIRATORYINC,TX,MIRIAMMURPHY,5124520004,2,1336223999; 1558744789,63258; 106227
same_name_state_authorized_official_phone,ACEMEDICALINC,HI,ELEUTERIOARNOBIT,8086783600,2,1659378404; 1689788705,124366; 131003
same_name_state_authorized_official_phone,ACGMEDICALSUPPLYINCORPORATED,TX,DAVIDGAMPHER,9724630737,3,1548667447; 1609532753; 1972506350,104289; 115198; 185309
same_name_state_authorized_official_phone,ACHIEVEMENTREHABILITATIONTHROUGHTHERAPEUTICINTERVENTIONINC,FL,SHERRIERAMSAY,3524196570,2,1841070521; 1972384691,159899; 185178
same_name_state_authorized_official_phone,ACMEMARKETSINC,NJ,KATHYGIANNAKOPOULOS,6094639037,2,1669983037; 1790732253,127617; 151369
same_name_state_authorized_official_phone,ACMEMARKETSINC,NJ,TIFFANYELIOPULOS,2014937055,2,1265942908; 1558738849,51003; 106211
same_name_state_authorized_official_phone,ACMEMARKETSINC,NJ,TIFFANYELIOPULOS,2015299760,2,1356851091; 1679940654,68310; 129429
same_name_state_authorized_official_phone,ACMEMARKETSINC,NJ,TIFFANYELIOPULOS,2015531035,2,1598132342; 1629588074,112643; 119611
same_name_state_authorized_official_phone,ACMEMARKETSINC,NJ,TIFFANYELIOPULOS,2017121138,2,1700396140; 1730556077,134028; 140305
same_name_state_authorized_official_phone,ACMEMARKETSINC,NJ,TIFFANYELIOPULOS,2019441466,2,1063889350; 1801306543,13064; 152776
same_name_state_authorized_official_phone,ACMEMARKETSINC,NJ,TIFFANYELIOPULOS,2019462535,2,1518334440; 1568972008,98048; 108525
same_name_state_authorized_official_phone,ACMEMARKETSINC,NJ,TIFFANYELIOPULOS,6096255012,2,1134638158; 1437668266,26110; 83470
same_name_state_authorized_official_phone,ACMEMARKETSINC,NJ,TIFFANYELIOPULOS,6098149790,2,1003326448; 1134596414,589; 26051
same_name_state_authorized_official_phone,ACMEMARKETSINC,NJ,TIFFANYELIOPULOS,6098902846,2,1639688443; 1871549428,121638; 166453
same_name_state_authorized_official_phone,ACMEMARKETSINC,NJ,TIFFANYELIOPULOS,7322821634,2,1417324450; 1538679279,78943; 102539
same_name_state_authorized_official_phone,ACMEMARKETSINC,NJ,TIFFANYELIOPULOS,7323400081,2,1366952806; 1790152536,70371; 150503
same_name_state_authorized_official_phone,ACMEMARKETSINC,NJ,TIFFANYELIOPULOS,7326079260,2,1649781006; 1740657592,123597; 142365
same_name_state_authorized_official_phone,ACMEMARKETSINC,NJ,TIFFANYELIOPULOS,7328300800,2,1588031520; 1649780388,110605; 123594
same_name_state_authorized_official_phone,ACMEMARKETSINC,NJ,TIFFANYELIOPULOS,8567781049,2,1578074951; 1922055482,108693; 175563
same_name_state_authorized_official_phone,ACMEMARKETSINC,NJ,TIFFANYELIOPULOS,9734024330,2,1275990194; 1982145561,53015; 186913
same_name_state_authorized_official_phone,ACMEMARKETSINC,NJ,TIFFANYELIOPULOS,9737645380,2,1053788224; 1225548662,11031; 42889
same_name_state_authorized_official_phone,ACPPHARMACYLLC,NM,ALLANYEH,5752230795,2,1477108223; 1689236440,89761; 129876
same_name_state_authorized_official_phone,ACRXLLC,NY,ANTHONYMANGIARACINA,9142378821,2,1316326119; 1467457705,59655; 88235
same_name_state_authorized_official_phone,ACTIONDISABILITYRESOURCES,FL,JACKRUIZ,9047771979,2,1114218773; 1821287160,21486; 156936
same_name_state_authorized_official_phone,ACTIONMEDSOURCELLC,TX,JASONRICHARDS,9035304791,2,1366646564; 1639355100,69824; 121052
same_name_state_authorized_official_phone,ACTIVECAREINC,UT,MIKEACTON,8772196050,2,1093036014; 1427479443,17159; 81305
same_name_state_authorized_official_phone,ACTIVEHEALTHCARESUPPLIESINC,MI,ELIASKABBAN,9892695400,2,1265758965; 1982937819,50683; 188499
same_name_state_authorized_official_phone,ACTIVEMEDICALLLC,WV,ROBERTTANT,3043976599,2,1487206215; 1821418187,91929; 157187
same_name_state_authorized_official_phone,ACWEBMARKETINGCORP,FL,MATTHEWSTEINMETZ,7726330060,2,1578400628; 1770429672,109097; 147019
same_name_state_authorized_official_phone,ADAPTHEALTHNEWENGLANDLLC,MA,WENDYRUSSALESI,5084166134,2,1245990720; 1457156713,47249; 85976
same_name_state_authorized_official_phone,ADAPTHEALTHWESTLLC,CA,WENDYRUSSALESI,6104244515,10,1023965530; 1063375186; 1205789799; 1245198357; 1376496869; 1396688370; 1487501995; 1700739026; 1831042324; 1861350977,5648; 11742; 38884; 45562; 71067; 75230; 92273; 134386; 157916; 164078
same_name_state_authorized_official_phone,ADAPTHEALTHWESTLLC,CO,WENDYRUSSALESI,6104244515,2,1346197852; 1447103767,64806; 83984
same_name_state_authorized_official_phone,ADAPTHEALTHWESTLLC,WA,WENDYRUSSALESI,6104244515,2,1306799895; 1356284327,58087; 66814
same_name_state_authorized_official_phone,ADELANTEHEALTHCAREINC,AZ,JOELWRIGHT,8445516691,3,1356198832; 1487526398; 1568249753,66745; 92304; 106881
same_name_state_authorized_official_phone,ADEONACLINICALLABORATORYLLC,IL,NARAYANTORKE,6303782100,2,1225254113; 1366493355,42359; 69320
same_name_state_authorized_official_phone,ADVACAREHOMESERVICESINC,NC,MICHAELCONNER,3368401020,3,1558052878; 1669064044; 1851280689,104795; 125833; 162012
same_name_state_authorized_official_phone,ADVANCECOMMUNITYHEALTHINC,NC,TONCHELLELUCAS,9197555060,3,1235585662; 1417635087; 1619655297,44804; 79362; 117493
same_name_state_authorized_official_phone,ADVANCEDBRACINGSOLUTIONSLLC,MS,TAMMYSMITH,2283630500,2,1013263813; 1720364722,2617; 138149
same_name_state_authorized_official_phone,ADVANCEDDERMATOLOGYANDSKINCANCERCENTER,OH,VICKIGRONER,3309658760,2,1497912893; 1710274014,95201; 135897
same_name_state_authorized_official_phone,ADVANCEDDIAGNOSTICIMAGINGPC,TN,CHADCALENDINE,6152208788,11,1114705563; 1265985279; 1437997061; 1518410661; 1558814632; 1629816236; 1639620479; 1639932700; 1881432409; 1902256910; 1952973141,22218; 51079; 83873; 98189; 106353; 119903; 121525; 121948; 168102; 171911; 182735
same_name_state_authorized_official_phone,ADVANCEDDIAGNOSTICIMAGINGPC,TN,CHADCALENDINE,6152323838,2,1346687761; 1598102915,66127; 112597
same_name_state_authorized_official_phone,ADVANCEDDIAGNOSTICIMAGINGPC,TN,CHADCALENDINE,6153401222,2,1013310960; 1437590064,2693; 83360
same_name_state_authorized_official_phone,ADVANCEDDIAGNOSTICIMAGINGPC,TN,CHADCALENDINE,6154593244,3,1457721821; 1497125850; 1528438975,87261; 93745; 100349
same_name_state_authorized_official_phone,ADVANCEDDIAGNOSTICIMAGINGPC,TN,CHADCALENDINE,6158140885,4,1336987965; 1780422311; 1861230492; 1922846559,64607; 148879; 163935; 176964
same_name_state_authorized_official_phone,ADVANCEDDIAGNOSTICIMAGINGPC,TN,CHADCALENDINE,6158850200,5,1053114272; 1588001846; 1619386869; 1760829105; 1790024065,9566; 110555; 117128; 146233; 150263
same_name_state_authorized_official_phone,ADVANCEDDIAGNOSTICIMAGINGPC,TN,SUSANFENTON,6152208788,2,1639673965; 1881198802,121616; 167849
same_name_state_authorized_official_phone,ADVANCEDDIAGNOSTICIMAGINGPC,TN,SUSANFENTON,6153914545,2,1710552435; 1730671314,136394; 140519
same_name_state_authorized_official_phone,ADVANCEDDIAGNOSTICIMAGINGPC,TN,SUSANFENTON,6154941234,2,1619574589; 1750976452,117400; 144666
same_name_state_authorized_official_phone,ADVANCEDDIAGNOSTICIMAGINGPC,TN,SUSANFENTON,6157308626,2,1821592841; 1881374379,157484; 168059
same_name_state_authorized_official_phone,ADVANCEDHEALTHCARESC,WI,EUGENEMONROE,2622420051,2,1053496646; 1841370939,10476; 160607
same_name_state_authorized_official_phone,ADVANCEDHEALTHCARESC,WI,EUGENEMONROE,2622517500,2,1083794176; 1548345135,16617; 103582
same_name_state_authorized_official_phone,ADVANCEDHEALTHCARESC,WI,EUGENEMONROE,2622843456,2,1417037581; 1558446971,78193; 105550
same_name_state_authorized_official_phone,ADVANCEDHEALTHCARESC,WI,EUGENEMONROE,2623753700,2,1568547149; 1710067871,107585; 135355
same_name_state_authorized_official_phone,ADVANCEDHEALTHCARESC,WI,EUGENEMONROE,2623878200,2,1164501961; 1386729960,30992; 73613
same_name_state_authorized_official_phone,ADVANCEDHEALTHCARESC,WI,EUGENEMONROE,2625327600,2,1063592178; 1477638054,12478; 90715
same_name_state_authorized_official_phone,ADVANCEDHEALTHCARESC,WI,EUGENEMONROE,2626289000,2,1013097112; 1538244124,2254; 101636
same_name_state_authorized_official_phone,ADVANCEDHEALTHCARESC,WI,EUGENEMONROE,2627827770,2,1720163314; 1841370913,137660; 160606
same_name_state_authorized_official_phone,ADVANCEDHEALTHCARESC,WI,EUGENEMONROE,2627901118,2,1164502266; 1710062302,30993; 135336
same_name_state_authorized_official_phone,ADVANCEDHEALTHCARESC,WI,EUGENEMONROE,4142474500,2,1639254220; 1861572927,120722; 164711
same_name_state_authorized_official_phone,ADVANCEDHEALTHCARESC,WI,EUGENEMONROE,4143523100,2,1649355066; 1831274414,122723; 158584
same_name_state_authorized_official_phone,ADVANCEDHEALTHCARESC,WI,EUGENEMONROE,4143546434,2,1215017314; 1275618860,39699; 52104
same_name_state_authorized_official_phone,ADVANCEDHEALTHCARESC,WI,EUGENEMONROE,4147717900,2,1104906288; 1124103643,20517; 23194
same_name_state_authorized_official_phone,ADVANCEDHEALTHCARESC,WI,EUGENEMONROE,4148737768,2,1205916319; 1497830087,39317; 94900
same_name_state_authorized_official_phone,ADVANCEDHOMEMEDICALLLC,MI,SHEILAROBERSON,9069998271,2,1164359998; 1336934660,30589; 64550
same_name_state_authorized_official_phone,ADVANCEDHOMEMEDICALLLC,OH,SHEILAROBERSON,6144339011,2,1033119730; 1861368938,5816; 164090
same_name_state_authorized_official_phone,ADVANCEDHOMEMEDICALSUPPLIESINC,CT,MOHAMMADFARIDI,8605231076,2,1598747552; 1891506093,113471; 170220
same_name_state_authorized_official_phone,ADVANCEDMEDICALDMELLC,KS,GREGORYCRAWFORD,9137213737,2,1154677573; 1306999776,29757; 58813
same_name_state_authorized_official_phone,ADVANCEDMEDICALSUPPLIESPLUSCORP,FL,BELKISALVAREZ,7863448916,2,1346275815; 1801909536,65097; 153793
same_name_state_authorized_official_phone,ADVANCEDMEDICALSUPPLYCORP,PR,JOSEESTEVEZ,7878950666,2,1083742043; 1639301625,16455; 120926
same_name_state_authorized_official_phone,ADVANCEDORTHOPEDICSNEWENGLAND,CT,DAVIDKRUGER,8607286740,2,1457803702; 1528640836,87416; 100635
same_name_state_authorized_official_phone,ADVANCEDPAINMANAGEMENTSC,IN,VISHALLAL,8123160601,3,1467812347; 1669832655; 1760842520,89293; 127403; 146251
same_name_state_authorized_official_phone,ADVANCEDPAINMANAGEMENTSC,WI,VISHALLAL,4143257246,20,1043603509; 1063805547; 1144614272; 1295129021; 1326431891; 1356734438; 1386037752; 1437542511; 1477946416; 1477947208; 1497148969; 1619360179; 1629461702; 1689067126; 1720472558; 1730573569; 1750774253; 1750788915; 1790179968; 1891188975,8946; 12924; 27915; 55207; 61988; 68126; 72447; 83275; 91462; 91467; 93785; 117077; 119425; 129640; 138349; 140337; 144368; 144397; 150548; 169815
same_name_state_authorized_official_phone,ADVANCEDPAINMANAGEMENTSPECIALISTSLLC,MD,BRITNICULLEN,4105712946,3,1124683131; 1679136469; 1922609643,24358; 127851; 176729
same_name_state_authorized_official_phone,ADVANCEDPAINMANAGEMENTSPECIALISTSLLC,MD,BRITNICULLEN,8555277246,3,1396334363; 1740875715; 1922953124,74884; 142674; 177077
same_name_state_authorized_official_phone,ADVANCEDPAINMANAGEMENTSPECIALISTSLLC,MD,DAMEANFREAS,4105712946,8,1316315740; 1326554288; 1326562174; 1427572270; 1578087334; 1598217291; 1720496649; 1952825705,59635; 62184; 62202; 81424; 108722; 112819; 138397; 182538
same_name_state_authorized_official_phone,ADVANCEDPAINMANAGEMENTSPECIALISTSLLC,MD,DAMEANFREAS,8555277246,11,1023384310; 1104638261; 1215784756; 1376345413; 1376355438; 1477815751; 1649035098; 1700152105; 1790209542; 1912787979; 1922374255,4923; 19960; 41039; 70936; 70944; 91220; 122043; 133614; 150611; 174743; 176330
same_name_state_authorized_official_phone,ADVANCEDPAINMANAGEMENTSPECIALISTSLLC,MD,IRAKORNBLUTH,8555277246,4,1164166328; 1336889591; 1497325369; 1699490557,30425; 64497; 94052; 132143
same_name_state_authorized_official_phone,ADVANCEDPAINMANAGEMENTSPECIALISTSLLC,MI,BRITNICULLEN,2486972880,2,1245795848; 1326503921,47032; 62117
same_name_state_authorized_official_phone,ADVANCEDPAINMANAGEMENTSPECIALISTSLLC,TX,DAMEANFREAS,8555277246,2,1548072796; 1912719162,102963; 174677
same_name_state_authorized_official_phone,ADVANCEDPROSTHETICSOFAMERICAINC,FL,RODFRIEDLAND,8003308881,2,1376628313; 1902981954,71576; 173236
same_name_state_authorized_official_phone,ADVANCEDRXDERMLLC,FL,PARVINDERKAINTH,4077536310,2,1053716936; 1063893964,10912; 13074
same_name_state_authorized_official_phone,ADVANCEDSLEEPANDBREATHINGCENTERSLLC,SC,JEFFREYHOROWITZ,8433975337,2,1164185120; 1346032273,30451; 64658
same_name_state_authorized_official_phone,ADVANCEDSLEEPTHERAPYLTD,IL,CARYNMCARDLE,8473578782,2,1558324376; 1790227825,105126; 150639
same_name_state_authorized_official_phone,ADVANCEDTHERAPEUTICSINC,MI,ROBERTROTH,8009291867,2,1205896875; 1366483026,39249; 69283
same_name_state_authorized_official_phone,ADVANCEORTHOTICPROSTHETICSERVICESINC,ME,APRILANDERSON,2077867022,2,1265244867; 1558173138,49430; 104927
same_name_state_authorized_official_phone,ADVANCEPARENTMEDICALENTERPRISELLC,WY,HOWARDRHETT,7137662796,2,1003744350; 1245168293,1052; 45522
same_name_state_authorized_official_phone,ADVANTACAREHEALTHINC,CA,ELIZABETHMCCARTER,8004814662,2,1164438438; 1235149741,30780; 43664
same_name_state_authorized_official_phone,ADVANTAGEMEDICALEQUIPMENTANDSUPPLIESINC,MO,KARAMCMILLAN,6602481445,2,1508990466; 1952363228,97185; 181520
same_name_state_authorized_official_phone,ADVANTAGEPLUSMARKETINGFIRMLLC,MS,CHRISTOPHERWHITFIELD,6626201012,2,1437397189; 1982887378,82989; 188379
same_name_state_authorized_official_phone,ADVANTEDGEPHARMACYINC,TX,EUSTACIORIVAS,9155950409,2,1003994518; 1477547552,1836; 90292
same_name_state_authorized_official_phone,ADVENTDMELLC,WI,MADANKANDULA,4146157044,2,1265064687; 1801429121,49257; 152973
same_name_state_authorized_official_phone,ADVENTHEALTHBONDCLINICINC,FL,JAMESPRESSWOOD,8632931191,2,1053294678; 1245113869,9727; 45477
same_name_state_authorized_official_phone,ADVENTISTBOLINGBROOKHOSPITAL,IL,TRISTANSHAW,6303123970,3,1184923260; 1205120706; 1336925817,35743; 38026; 64535
same_name_state_authorized_official_phone,ADVENTISTGLENOAKSHOSPITAL,IL,KYLEGLASS,6305457310,2,1386881290; 1518114750,74065; 97622
same_name_state_authorized_official_phone,ADVENTISTHEALTHSYSTEMSUNBELTHEALTHCARECORPORATION,FL,DANAWEATHERBY,8554409068,2,1356019707; 1790503548,66573; 150979
same_name_state_authorized_official_phone,AEROMEDIXAMLLC,TX,JAZIBBILAL,4843313408,2,1215866132; 1295665362,41110; 55857
same_name_state_authorized_official_phone,AEROMOBILITYINC,CA,KAMRANMESHKANI,3108541000,2,1558252650; 1598611253,105001; 113274
same_name_state_authorized_official_phone,AEVAIILLC,NV,BARBARADEINET,7025582382,2,1164924197; 1821792292,31932; 157715
same_name_state_authorized_official_phone,AEVINC,CT,ROGERBEAUDOIN,2034672600,2,1205057064; 1821143124,37892; 156510
same_name_state_authorized_official_phone,AFAMILYPHARMACYINC,CA,DAVIDESTAPHNOUS,7602443777,2,1164393922; 1215814983,30631; 41072
same_name_state_authorized_official_phone,AFFORDABLEDME,IL,BRITTNEYRIDGLEY,8159997494,2,1003186099; 1639440035,390; 121217
same_name_state_authorized_official_phone,AFPDRUGSTOREINC,CA,THOMASTEKELE,7602425452,2,1114037942; 1316204241,21058; 59416
same_name_state_authorized_official_phone,AGATENOTECHNOLOGIESLLC,TX,PAULKRUGER,8884929733,3,1104026889; 1750581427; 1952501629,19085; 144026; 181948
same_name_state_authorized_official_phone,AGELESSRXSYSTEMSLLC,IL,TERRYALLAN,2178392877,2,1134104219; 1164374542,24757; 30609
same_name_state_authorized_official_phone,AGMRXINC,CA,LUSINEMARDYAN,8183087538,3,1508488362; 1699775205; 1821459579,96166; 132550; 157266
same_name_state_authorized_official_phone,AGOODNIGHTSSLEEPLLC,TN,DAVIDANDREWS,9313818149,2,1952961104; 1982250031,182721; 187053
same_name_state_authorized_official_phone,AGRACELLC,TX,ADISESHUGELLI,8332247223,2,1386274363; 1639436561,72786; 121209
same_name_state_authorized_official_phone,AHAVAMEDICALANDREHABILITATIONCENTERLLC,NY,GEORGELEBOVITS,7189518800,2,1093652968; 1942036033,17952; 179023
same_name_state_authorized_official_phone,AHCMEDICALSUPPLYLLC,AZ,MARKEMMETT,8017133254,2,1437398435; 1609015601,82994; 114375
same_name_state_authorized_official_phone,AHCSSPECIALTYCARELLC,CA,NEVILJHAVERI,7149021582,3,1205342524; 1457941478; 1992395917,38414; 87631; 189224
same_name_state_authorized_official_phone,AHKATSCHKELTD,NV,ADAMKATSCHKE,7757263771,2,1124459631; 1891738951,24047; 170668
same_name_state_authorized_official_phone,AHSTORESINC,WA,STACEYHENDRICKSON,4252557083,3,1518169010; 1801098397; 1861694366,97745; 152379; 165060
same_name_state_authorized_official_phone,AIRAFFILIATESINC,TN,BRADLEYSENSING,6154600017,2,1184732703; 1629499843,35278; 119489
same_name_state_authorized_official_phone,AIREXCHANGEOXYGEN,MT,HENRYKLOBUCAR,4067826708,2,1215012448; 1760629786,39682; 145860
same_name_state_authorized_official_phone,AIRSENSELLC,TX,RACHELMAZUR,9365821378,2,1114618501; 1134127517,22109; 24807
same_name_state_authorized_official_phone,AIRWAYBREATHINGCO,VA,JUSTINMILLER,7578262600,2,1457635260; 1639668791,87125; 121607
same_name_state_authorized_official_phone,AIRWAYBREATHINGCO,VA,JUSTINMILLER,8048648700,3,1306378328; 1336407733; 1740712769,57654; 63758; 142474
same_name_state_authorized_official_phone,AIRWAYOXYGENINC,MI,WENDYRUSSALESI,9474268565,2,1316789951; 1700960887,60277; 134960
same_name_state_authorized_official_phone,AKALAMOMEDICALSERVICESINC,FL,MANUELDIEGO,3212555549,2,1679541296; 1699078774,128374; 131535
same_name_state_authorized_official_phone,AKERYLAUGHLINLLC,TX,TANYACLEMMONS,4099832081,2,1215120464; 1528096526,40054; 99493
same_name_state_authorized_official_phone,ALABAMAARTIFICIALLIMBORTHOPEDICSERVICEINC,AL,BRADFORDGARDNER,3342840250,2,1619932001; 1740794734,117882; 142584
same_name_state_authorized_official_phone,ALABAMACVSPHARMACYLLC,AL,SUSANCOLBERT,3343650661,2,1427151141; 1780787507,80554; 149728
same_name_state_authorized_official_phone,ALALALLC,SC,SHERRYNORRIS,8035694373,2,1336887124; 1366460248,64495; 69149
same_name_state_authorized_official_phone,ALAMEDAORTHOPEDICFOOTCARECENTER,CA,SALEMALKATEB,9493023910,3,1093682049; 1326679481; 1922728278,17990; 62347; 176845
same_name_state_authorized_official_phone,ALAMOCITYPHARMACYLLC,TX,ERNESTOGARZAGONGORA,2102680153,2,1023423738; 1750788329,4999; 144395
same_name_state_authorized_official_phone,ALANCOPRODUCTSINC,IL,MUHAMMADARSALAN,6468209003,2,1255223798; 1265321269,47524; 49509
same_name_state_authorized_official_phone,ALANTAJERSTEINMD,NY,ALANTAJERSTEIN,7189725000,2,1356524581; 1528403193,67704; 100285
same_name_state_authorized_official_phone,ALASKAMOBILITYLLC,AK,PATRICKDELIA,9072443550,2,1225329543; 1336803303,42502; 64402
same_name_state_authorized_official_phone,ALBAMEDICALSUPPLYINC,FL,ALBAPEREZ,3056440177,2,1124066543; 1215017967,23117; 39700
same_name_state_authorized_official_phone,ALBEMARLELABORATORIES,MD,FELIXDAWSON,4109481051,2,1083311658; 1215572870,15595; 40820
same_name_state_authorized_official_phone,ALBERTASANATURALLOOKLLC,OH,EILEENTRACY,9372910010,2,1023455433; 1992764823,5059; 189853
same_name_state_authorized_official_phone,ALBERTSONSLLC,ID,KATHYGIANNAKOPOULOS,2083956200,2,1356432140; 1538821053,67360; 102712
same_name_state_authorized_official_phone,ALBERTSONSLLC,NV,KATHYGIANNAKOPOULOS,2083956200,2,1326528126; 1336801257,62152; 64400
same_name_state_authorized_official_phone,ALCAMMEDICALINC,CA,ALPHASANUSI,8668477187,5,1114574340; 1164586103; 1275180408; 1346894227; 1598057796,22064; 31281; 51344; 66420; 112517
same_name_state_authorized_official_phone,ALCAMMEDICALINC,CA,ALPHASANUSI,9517827000,6,1154815025; 1548754401; 1871191742; 1902224884; 1952759359; 1982198842,30001; 104438; 165881; 171855; 182427; 186975
same_name_state_authorized_official_phone,ALCAMMEDICALINC,CA,STEPHANIEMCDOWELL,8668477187,2,1629867437; 1659925998,119953; 125658
same_name_state_authorized_official_phone,ALCHEMISTGENERALINC,MN,JAMESSTAGE,6516458636,2,1447323480; 1942875315,84516; 180740
same_name_state_authorized_official_phone,ALDERSTONELLC,MO,ARTHURCLEMENTS,8168849444,2,1316863806; 1790601268,60332; 151086
same_name_state_authorized_official_phone,ALEPHRESPIRATORYDMEINC,TX,DANIELARRIOLA,9154741812,2,1144386061; 1912984733,27436; 175220
same_name_state_authorized_official_phone,ALEXANDERDRUGINCORPORATED,ID,JEFFJAUSORO,2085873346,2,1245327402; 1962578526,46053; 183902
same_name_state_authorized_official_phone,ALEXANDERPHERSELMDINC,CA,ALEXANDERHERSEL,8053677522,3,1023438934; 1831519743; 1831519784,5028; 159182; 159183
same_name_state_authorized_official_phone,ALFAHEALTHCARESUPPLY,NY,MILTONHENRY,9143689166,2,1053733329; 1164843579,10937; 31806
same_name_state_authorized_official_phone,ALFREDJWROBLEWSKIMDPC,MI,ALFREDWROBLEWSKI,2313475155,2,1003196015; 1023301017,404; 4758
same_name_state_authorized_official_phone,ALHOMECAREANDMEDICALSUPPLY,CA,KARAPETBASTEGYAN,8187829282,2,1063604205; 1730298787,12519; 139793
same_name_state_authorized_official_phone,ALHOUTINC,NJ,AATIFALHOUT,2012910844,2,1578675575; 1598133746,109886; 112646
same_name_state_authorized_official_phone,ALICKSHOMEMEDICALEQUIPMENTINC,IN,NAFEALICK,5742736000,2,1194304386; 1780663823,36389; 149307
same_name_state_authorized_official_phone,ALIVATIONPHARMACYLLC,NE,WALTERDUFFY,4024765686,2,1215473293; 1609310192,40706; 114909
same_name_state_authorized_official_phone,ALLABOUTPEDIATRICSLLC,FL,MARSHABERG,9042404555,3,1497389845; 1588976815; 1629507579,94128; 112365; 119501
same_name_state_authorized_official_phone,ALLAMERICANSLEEPALTERNATIVESLLC,PA,NEALLOCKE,7248758322,2,1144898867; 1609477066,28277; 115133
same_name_state_authorized_official_phone,ALLAMERICANSLEEPALTERNATIVESWVLLC,WV,NEALLOCKE,7248758322,3,1043988090; 1093459398; 1578229480,9425; 17766; 108902
same_name_state_authorized_official_phone,ALLCAREHEALTHSERVICESINC,DE,FENILDOSHI,5038771314,2,1689535049; 1962363317,130234; 183176
same_name_state_authorized_official_phone,ALLCAREORTHOTICPROSTHETICSERVICESLLC,NJ,RICHARDLERNER,9087909222,4,1144401092; 1487325379; 1598288508; 1770440976,27491; 92086; 112922; 147037
same_name_state_authorized_official_phone,ALLCAREPC,GA,ROBERTDRIGGERS,9125263200,2,1023098829; 1639441983,4171; 121224
same_name_state_authorized_official_phone,ALLDESERTRESPIRATORY,CA,RANDALLWOLFE,6619748009,2,1417773326; 1447435813,79501; 84917
same_name_state_authorized_official_phone,ALLEGHENYHEALTHNETWORKHOMEMEDICALEQUIPMENTLLC,PA,PAULHARBAUGH,7247638889,2,1033160742; 1134170087,6081; 25079
same_name_state_authorized_official_phone,ALLEGHENYHEALTHNETWORKHOMEMEDICALEQUIPMENTLLC,PA,PAULHARBAUGH,8002723233,2,1205887833; 1932150539,39240; 177510
same_name_state_authorized_official_phone,ALLENCGUEHLDPMINC,OH,ALLENGUEHL,9372529653,6,1033397872; 1205014040; 1669659892; 1750569596; 1922286764; 1952589798,6727; 37795; 127089; 144002; 176154; 182127
same_name_state_authorized_official_phone,ALLENHILLPHARMACYANDMEDICALSUPPLY,TN,RANDALLALLEN,6157903885,2,1386804680; 1427155142,73889; 80593
same_name_state_authorized_official_phone,ALLEVIAHEALTHINC,OR,JURAJHALAJ,8006849343,2,1558812172; 1841457512,106345; 160859
same_name_state_authorized_official_phone,ALLIANCEHANDANDPHYSICALTHERAPYPC,NJ,PAMELAMUSCARA,2018220100,2,1225212525; 1912193509,42275; 173870
same_name_state_authorized_official_phone,ALLIANCEHOMECAREMOBILEDIAGNOSTICSLLC,AZ,GREGORYCRAWFORD,9287171560,2,1215381579; 1598779845,40571; 113606
same_name_state_authorized_official_phone,ALLIANCEPHYSICIANSINC,OH,TIMOTHYKO,9374369825,2,1659772887; 1922409622,125431; 176396
same_name_state_authorized_official_phone,ALLIANCEPROSTHETICSANDORTHOTICS,GA,JASONAUYER,7706793090,3,1265089478; 1588492425; 1760843650,49287; 111185; 146253
same_name_state_authorized_official_phone,ALLIEDHOMEMEDICALINC,TN,LINDACASKEY,9317388102,3,1114171493; 1528390408; 1760487078,21397; 100253; 145341
same_name_state_authorized_official_phone,ALLIEDMEDICALSUPPLYINC,CA,LIVIADELOSRIOS,7146174622,2,1124704721; 1154369049,24375; 28965
same_name_state_authorized_official_phone,ALLIEDPHYSICIANSOFMICHIANALLC,IN,SHERYROUSSARIE,5742474667,2,1295139723; 1356745657,55230; 68150
same_name_state_authorized_official_phone,ALLIEDPHYSICIANSOFMICHIANALLC,IN,SHERYROUSSARIE,5745402500,2,1013310192; 1902200298,2692; 171814
same_name_state_authorized_official_phone,ALLINAHEALTHSYSTEM,MN,ANNBYRE,5072175808,2,1063449213; 1477336527,12021; 90032
same_name_state_authorized_official_phone,ALLINAHEALTHSYSTEM,MN,ANNBYRE,5074973797,2,1598822686; 1689457624,113811; 130133
same_name_state_authorized_official_phone,ALLINAHEALTHSYSTEM,MN,ANNBYRE,6127753100,2,1316901333; 1851174890,60380; 161890
same_name_state_authorized_official_phone,ALLINAHEALTHSYSTEM,MN,ANNBYRE,6128635370,2,1053194100; 1700840097,9640; 134626
same_name_state_authorized_official_phone,ALLINAHEALTHSYSTEM,MN,ANNBYRE,6512410420,2,1538942685; 1851355135,102829; 162322
same_name_state_authorized_official_phone,ALLINAHEALTHSYSTEM,MN,ANNBYRE,6512413140,2,1104880384; 1447033592,20465; 83915
same_name_state_authorized_official_phone,ALLINAHEALTHSYSTEM,MN,ANNBYRE,6512413800,2,1730862210; 1982641346,140736; 187660
same_name_state_authorized_official_phone,ALLINAHEALTHSYSTEM,MN,ANNBYRE,7632364111,2,1063295095; 1760446124,11649; 145274
same_name_state_authorized_official_phone,ALLINAHEALTHSYSTEM,MN,ANNBYRE,7632367111,2,1699558635; 1699739045,132209; 132484
same_name_state_authorized_official_phone,ALLINAHEALTHSYSTEM,MN,ANNBYRE,7636897809,2,1124801279; 1780648964,24470; 149282
same_name_state_authorized_official_phone,ALLINAHEALTHSYSTEM,MN,ANNBYRE,9524285100,2,1588447528; 1780094698,111150; 148511
same_name_state_authorized_official_phone,ALLINONEPHARMACYINC,CA,GEORGELOPEZROSSI,3105306100,2,1184938219; 1801867742,35770; 153678
same_name_state_authorized_official_phone,ALLMEDINC,OR,WILLIAMDICKINSON,5414853411,2,1629066246; 1932412624,118304; 178198
same_name_state_authorized_official_phone,ALLMONDWHIPPLEINC,GA,BENJAMINBLACK,9125374147,4,1154468551; 1477691475; 1578601563; 1881650612,29293; 90962; 109562; 168572
same_name_state_authorized_official_phone,ALLPRORXINC,NY,SVETLANASHLYAM,3474624949,2,1326915588; 1578249355,62612; 108920
same_name_state_authorized_official_phone,ALLSAINTSHOMEMEDICALLLC,OK,JAYTIPPS,9185567127,2,1073948824; 1649441387,15085; 123041
same_name_state_authorized_official_phone,ALLWELLPHARMACYINC,NY,MINSHI,7184396688,2,1144190844; 1770215832,26718; 146801
same_name_state_authorized_official_phone,ALPHAANDOMEGAORTHOPEDICSPLLC,TX,ERICRITCHIE,2104811700,2,1285318881; 1366126963,53536; 68675
same_name_state_authorized_official_phone,ALPHADRUGSLLC,DC,PANAGIOTISMETAXOTOS,2022657979,2,1477587004; 1972734572,90528; 186118
same_name_state_authorized_official_phone,ALPHALABSERVICES,PA,PIYUSHARUNPATIL,9453428624,2,1629945449; 1972470144,120047; 185264
same_name_state_authorized_official_phone,ALPHAMEDICALPHARMACY,CA,VICTORLAW,6262891990,2,1508316845; 1821409814,95948; 157176
same_name_state_authorized_official_phone,ALPHAOMEGAMEDICALSERVICESLLC,MO,PETERWILLIAMS,4177241185,2,1679878714; 1780956912,129347; 150107
same_name_state_authorized_official_phone,ALPHAOMEGAORTHOTICSPROSTHETICSINC,MO,RONALDVAHL,4178868881,2,1588085278; 1679684013,110694; 128944
same_name_state_authorized_official_phone,ALSHAAFIINC,CA,ASIFPERVAIZ,3109218356,3,1275488454; 1295296390; 1558216671,51644; 55506; 104960
same_name_state_authorized_official_phone,ALTAMEDHEALTHSERVICESCORP,CA,ROBERTYOUNG,8884999303,7,1275156960; 1295575769; 1326672205; 1487277174; 1538782230; 1720607997; 1871116574,51309; 55782; 62338; 92014; 102669; 138571; 165789
same_name_state_authorized_official_phone,ALTAMEDHEALTHSERVICESCORPORATION,CA,ROBERTYOUNG,8884999303,2,1033957972; 1902644842,7525; 172389
same_name_state_authorized_official_phone,ALTAVIEWHEALTHCARELLC,CA,AMJADALQAZQI,6194704550,2,1518534189; 1851430805,98381; 162515
same_name_state_authorized_official_phone,ALTERNACAREINC,OK,JOHNWATSON,9186277773,2,1710973854; 1790026631,136972; 150273
same_name_state_authorized_official_phone,ALTOONAUNIONAVENUEPHARMACY,PA,WILLIAMEARNEST,8149442095,2,1366780405; 1811084031,70090; 154361
same_name_state_authorized_official_phone,ALTOPHARMACYLLC,CA,LAURENHAMMOND,8008745881,6,1154842524; 1235736737; 1295409506; 1497848832; 1710408695; 1891394128,30045; 45057; 55616; 94969; 136201; 170095
same_name_state_authorized_official_phone,ALTOPHARMACYLLC,CO,LAURENHAMMOND,8008745881,2,1417411513; 1679107486,79082; 127824
same_name_state_authorized_official_phone,ALTOPHARMACYLLC,TX,LAURENHAMMOND,8008745881,3,1407469471; 1891392387; 1922677301,76976; 170093; 176788
same_name_state_authorized_official_phone,ALTRUHEALTHSYSTEM,ND,DEREKGOEBEL,7017805000,3,1033257704; 1235277179; 1457629834,6391; 44224; 87114
same_name_state_authorized_official_phone,AMAPHARMACYINC,CA,SUNILPATEL,5107826494,2,1518263003; 1659382240,97908; 124379
same_name_state_authorized_official_phone,AMBERENTERPRISESINC,NE,KRISTINWILLIAMS,4028965000,2,1508329012; 1770586349,95961; 147370
same_name_state_authorized_official_phone,AMBUHEALTHINC,TX,JESSEMYERS,7139237222,2,1043284516; 1578645636,8120; 109715
same_name_state_authorized_official_phone,AMBULATORYSTRATEGIESPHYSICIANGROUP,TX,PAULGENERALE,2105981517,2,1053949156; 1770111874,11277; 146676
same_name_state_authorized_official_phone,AMCOHIOLLC,OH,THOMASSALTSMAN,6149875621,2,1376493643; 1447936604,71060; 85739
same_name_state_authorized_official_phone,AMDMEDICALINC,PA,ALLANPISARZ,5705580690,2,1063557031; 1073708459,12358; 14606
same_name_state_authorized_official_phone,AMEDMEDICALINC,TX,WALTERCROWDER,4099354901,2,1558539742; 1568427581,105847; 107140
same_name_state_authorized_official_phone,AMEHRCOENTERPRISESINC,TX,SIAMAKKEIVAN,9155951300,2,1255471215; 1487754339,48259; 92936
same_name_state_authorized_official_phone,AMERICANBRACELIMBENTERPRISELLC,TN,JERRYHINTON,4233188824,2,1205908506; 1942849914,39285; 180716
same_name_state_authorized_official_phone,AMERICANHEALTHNETWORKOFINDIANALLC,IN,BENPARK,7652813443,2,1306261375; 1407941347,57473; 77844
same_name_state_authorized_official_phone,AMERICANHEALTHNETWORKOFINDIANALLC,IN,BENPARK,7653613000,2,1376793570; 1497928923,72039; 95235
same_name_state_authorized_official_phone,AMERICANHEALTHNETWORKOFINDIANALLC,IN,BENPARK,7654565687,2,1679746101; 1922258128,129097; 176064
same_name_state_authorized_official_phone,AMERICANHEALTHNETWORKOFINDIANALLC,IN,BENPARK,8444243668,3,1306459011; 1457964033; 1932525698,57747; 87655; 178415
same_name_state_authorized_official_phone,AMERICANHOMECARESUPPLYMIDATLANTICLLC,PA,LOREEANDERSONIAROCCI,6108828880,2,1568569770; 1699872804,107730; 132975
same_name_state_authorized_official_phone,AMERICANMOBILITYPRODUCTSLLC,KY,DAVIDBAXTER,2704691391,3,1144093899; 1487653044; 1881476448,26629; 92450; 168170
same_name_state_authorized_official_phone,AMERICANPROSTHETICSINC,MA,JEFFREYGOODE,7817949991,2,1417260662; 1891742458,78807; 170683
same_name_state_authorized_official_phone,AMERICANPROSTHETICSINC,MA,JEFFREYGOODE,8006340606,2,1023056496; 1689611204,4098; 130345
same_name_state_authorized_official_phone,AMERICANRXLLC,NJ,ROSSWAGNER,8565068556,2,1316348147; 1316806888,59701; 60300
same_name_state_authorized_official_phone,AMERICANSPECIALTYPHARMACYINC,TX,ABDULHAMEED,2105982678,2,1255097531; 1720496276,47386; 138395
same_name_state_authorized_official_phone,AMERICANSPECIALTYPHARMACYINC,TX,ABDULHAMEED,8325003575,2,1528410982; 1861074650,100297; 163761
same_name_state_authorized_official_phone,AMERIPATHFLORIDALLC,FL,DARRENWHEELER,2392751164,2,1407820889; 1437920600,77378; 83800
same_name_state_authorized_official_phone,AMERIPATHFLORIDALLC,FL,DARRENWHEELER,8139727100,3,1194501122; 1619940517; 1962254987,36614; 117892; 183052
same_name_state_authorized_official_phone,AMERIPATHFLORIDALLC,FL,DARRENWHEELER,8885581164,3,1740051911; 1790556967; 1881465060,140920; 151041; 168149
same_name_state_authorized_official_phone,AMERIPATHMISSISSIPPIINC,MS,EDWARDKRAMER,6019328370,2,1174821391; 1962474700,33645; 183565
same_name_state_authorized_official_phone,AMERIPATHTUCSONINC,AZ,DARRENWHEELER,5203207681,2,1497805733; 1720817125,94816; 138813
same_name_state_authorized_official_phone,AMESUPPLYINC,FL,ABELGONZALEZ,3055997877,2,1437216785; 1619036779,82419; 116303
same_name_state_authorized_official_phone,AMGILLINOISLTD,IL,JEFFREYBAILET,8477463752,2,1699062141; 1871873778,131515; 167298
same_name_state_authorized_official_phone,AMINOQUESTPHARMACY,PA,LAWRENCESALVADOR,4843871060,2,1144153941; 1750214557,26668; 143012
same_name_state_authorized_official_phone,AMKENORTHOPEDICSINC,NY,KENNETHGREEN,8009528222,3,1134159262; 1366472490; 1568498251,25023; 69235; 107432
same_name_state_authorized_official_phone,AMZAINC,MI,ANTONIOHARLAN,3136326527,2,1437255049; 1952773301,82577; 182454
same_name_state_authorized_official_phone,ANAPATHDIAGNOSTICSINC,WY,CINDYHEGNER,3076349238,2,1386743169; 1467507616,73656; 88540
same_name_state_authorized_official_phone,ANAYINVESTMENTSLLC,FL,SAMIRJARECHA,3864003545,2,1134790900; 1922713577,26333; 176828
same_name_state_authorized_official_phone,ANDREWBROWNSDRUGSTOREINC,PA,ROBERTBROWN,5703467319,2,1518955582; 1588741540,98896; 111787
same_name_state_authorized_official_phone,ANDREWDEVELOPMENTCOMPANYINC,AL,ROBERTWILSON,2052652617,2,1548851736; 1871183350,104570; 165864
same_name_state_authorized_official_phone,ANDREWSPHARMACYLLC,KY,MICHAELANDREWS,2707537688,2,1073670352; 1972868545,14496; 186407
same_name_state_authorized_official_phone,ANDSARINC,IL,WILLIAMFUNK,6305840310,2,1104937168; 1699892349,20699; 133101
same_name_state_authorized_official_phone,ANEWSTEPPROSTHETICSLLC,FL,JOANNALLEN,4078840808,2,1245394048; 1841387289,46305; 160666
same_name_state_authorized_official_phone,ANKLEANDFOOTCENTERSOFNASHVILLEPLLC,TN,JEFFREYMITCHELL,6158140885,4,1114623089; 1245996859; 1457931495; 1609457340,22111; 47263; 87611; 115107
same_name_state_authorized_official_phone,ANNROBERTHLURIECHILDRENSHOSPITALOFCHICAGO,IL,ALEXMILLER,8723235080,2,1477420412; 1912874959,90111; 174829
same_name_state_authorized_official_phone,ANOVORXGROUPLLC,TN,JONPETERS,9012015470,3,1548780646; 1619213212; 1992248702,104473; 116807; 189040
same_name_state_authorized_official_phone,ANPFOOTANKLECLINICSLLC,IA,NAVINGUPTA,5159617114,2,1184008096; 1669855334,34003; 127438
same_name_state_authorized_official_phone,ANTHONYMRICCIARDIJRLTDINC,NV,ANTHONYRICCIARDI,7028782455,2,1316159478; 1871746453,59309; 166992
same_name_state_authorized_official_phone,ANTONCORP,CA,HASHEMHEIATI,7607247125,2,1689674889; 1972800449,130488; 186303
same_name_state_authorized_official_phone,AONPHARMACYLLC,FL,DAVIDMCBREEN,8338861725,2,1649775693; 1740958081,123588; 142766
same_name_state_authorized_official_phone,APEXDXLABLLC,TX,MOHAMMADMAHMOOD,6572546655,2,1891657938; 1972479640,170387; 185274
same_name_state_authorized_official_phone,APEXFAMILYPHARMACYINC,NC,WENDYHAUN,9197817986,2,1114065513; 1871893107,21119; 167330
same_name_state_authorized_official_phone,APEXSPINEINSTITUTE,WA,ALEXLINDE,5096065040,2,1366153967; 1528715240,68705; 100726
same_name_state_authorized_official_phone,APNEACAREINC,NY,EDMIS,7169232727,4,1194755116; 1245260264; 1902000961; 1982730958,37032; 45810; 171380; 187956
same_name_state_authorized_official_phone,APNEACAREINC,NY,FRANCISFERMOILE,7169232727,4,1245559293; 1386905263; 1497021067; 1750311817,46644; 74123; 93555; 143176
same_name_state_authorized_official_phone,APOLLOSERVICESINC,KS,CHARLESARGO,6204044206,2,1063061083; 1376198226,11396; 70765
same_name_state_authorized_official_phone,APOLLOSERVICESINC,KS,CHARLESARGO,6204230274,3,1225361249; 1396757746; 1538871520,42565; 75417; 102768
same_name_state_authorized_official_phone,APOTHERAINC,CA,SAEEDBINAEI,9493877711,2,1215287966; 1801226501,40402; 152625
same_name_state_authorized_official_phone,APPALACHIANMEDICALLLC,WV,MARYWISEMAN,3043458501,3,1144949041; 1720689805; 1891299681,28321; 138678; 169979
same_name_state_authorized_official_phone,APPALACHIANREGIONALHEALTHCAREINC,KY,HOLLIEHARRIS,6064391331,2,1508908302; 1790829893,96870; 151614
same_name_state_authorized_official_phone,APPAROINC,KY,GREGORYCRAWFORD,5022229222,2,1629077201; 1811764269,118340; 155515
same_name_state_authorized_official_phone,APPECPLLC,NC,ATHANASSIOSPAPAIOANU,2522342841,2,1386123842; 1578708368,72578; 109973
same_name_state_authorized_official_phone,APPLEDRUGINC,NY,KWONGLEUNG,2127589614,2,1467597716; 1982820890,88863; 188207
same_name_state_authorized_official_phone,APPLEINDEPENDENCEMOBILITYLLC,TN,JEFFREYAPPLE,9315285788,2,1801030663; 1841348315,152217; 160519
same_name_state_authorized_official_phone,APPLIEDORTHOTICSANDPROSTHETICS,CA,JONATHANSMITH,4083589741,2,1316883523; 1720068000,60354; 137363
same_name_state_authorized_official_phone,APRIAHEALTHCARELLC,FL,PERRYBERNOCCHI,4072970100,2,1518191527; 1689782476,97774; 130970
same_name_state_authorized_official_phone,APRIAHEALTHCARELLC,IN,PERRYBERNOCCHI,3178654200,2,1336234194; 1538273651,63291; 101767
same_name_state_authorized_official_phone,APRIAHEALTHCARELLC,VA,PERRYBERNOCCHI,7578262600,2,1023784642; 1477229003,5483; 89905
same_name_state_authorized_official_phone,APTIVAHEALTH,KY,THOMASHUHN,5029090772,5,1023777554; 1326877952; 1487329025; 1649964396; 1942147111,5475; 62571; 92090; 123833; 179118
same_name_state_authorized_official_phone,ARAPAHOPHARMACY,TX,ORVILLEWEISS,9722357133,2,1447357348; 1477685576,84682; 90944
same_name_state_authorized_official_phone,ARCADIAEGOINC,MO,BRIANMITCHELL,5738889094,2,1487843231; 1558588657,93227; 105944
same_name_state_authorized_official_phone,ARCADIAHEALTHPHARMACYCORP,NY,JIAHE,7188786999,2,1346678778; 1457780868,66105; 87372
same_name_state_authorized_official_phone,ARCADIANHEALTHCAREINC,NJ,DONALDCARLBERG,8006374423,2,1396079646; 1477521771,74485; 90244
same_name_state_authorized_official_phone,ARCCOREPHARMACYLLC,NJ,RAJESHPIPALIA,9736391900,2,1598179376; 1609137165,112743; 114651
same_name_state_authorized_official_phone,ARCHERROSELLC,TX,CASEYHARRIS,8309904775,2,1366857591; 1659846798,70237; 125551
same_name_state_authorized_official_phone,ARCISHEALTHCARE,SC,ANNMARGARETMCCRAW,8032564107,5,1013334085; 1124445192; 1750708723; 1780135475; 1811448517,2732; 24025; 144255; 148577; 155157
same_name_state_authorized_official_phone,ARCISHEALTHCARELLC,SC,SEANMCNALLY,8437975050,4,1144644725; 1881406767; 1972927564; 1992129563,27958; 168077; 186534; 188817
same_name_state_authorized_official_phone,ARDENTPHARMACYINC,NY,BENIAMINYUNUS,7184059111,2,1588546667; 1750667598,111242; 144179
same_name_state_authorized_official_phone,AREAWIDEMEDICALINC,TX,JEFFJENKINS,8068946551,2,1114963303; 1689619223,22714; 130380
same_name_state_authorized_official_phone,ARETESLEEPTHERAPYLLC,AZ,ANTHONYBAUMANN,4802826500,2,1134172125; 1558404228,25085; 105424
same_name_state_authorized_official_phone,ARETESLEEPTHERAPYLLC,AZ,ANTHONYBAUMANN,8663962287,9,1013075886; 1134287980; 1245398007; 1275693277; 1457593907; 1467772855; 1700944576; 1730247511; 1881835031,2168; 25453; 46316; 52401; 87059; 89221; 134908; 139565; 169112
same_name_state_authorized_official_phone,ARETESLEEPTHERAPYLLC,TX,ANTHONYBAUMANN,8663962287,2,1710033766; 1780871905,135244; 149958
same_name_state_authorized_official_phone,ARFSTROMPHARMACIESINC,MI,ANDREWMCMILLAN,9066321923,2,1265474605; 1487825485,49895; 93176
same_name_state_authorized_official_phone,ARHTUGVALLEYHEALTHSERVICESINC,KY,HOLLIEHARRIS,6067893640,2,1366000747; 1770648107,68518; 147569
same_name_state_authorized_official_phone,ARHTUGVALLEYHEALTHSERVICESINC,KY,HOLLIEHARRIS,6068867685,2,1447818828; 1689739013,85610; 130776
same_name_state_authorized_official_phone,ARISEORTHOTICSPROSTHETICSINC,MN,THERESEKUFFEL,7637559500,2,1003351990; 1417142001,642; 78554
same_name_state_authorized_official_phone,ARIZONACENTERFORHANDSURGERYPC,AZ,ALLENLIU,6022584788,6,1467284828; 1508369836; 1609588235; 1710634878; 1811336605; 1982959698,88016; 96025; 115247; 136484; 154961; 188541
same_name_state_authorized_official_phone,ARIZONASPINEANDPAINSPECIALISTSLLC,AZ,PATRICKHOGAN,6027958700,9,1093277535; 1154712727; 1285082388; 1336509520; 1578025011; 1710370960; 1871124206; 1972912699; 1992273205,17558; 29813; 53215; 63981; 108634; 136113; 165795; 186498; 189081
same_name_state_authorized_official_phone,ARJOURNEYLABLLC,AR,HEATHERMASON,5012048749,2,1467178574; 1558929224,87904; 106522
same_name_state_authorized_official_phone,ARKANSASCOMPRESSIONSHOPLLC,AR,TROYALBERSON,5017723224,2,1508548157; 1669154217,96235; 125931
same_name_state_authorized_official_phone,ARLINGTONORTHOPEDICASSOCIATESPA,TX,JAMESPOLLIFRONE,8173755200,8,1013533314; 1083197347; 1093372989; 1134767411; 1326483413; 1558436824; 1780167049; 1952086001,3033; 15454; 17683; 26300; 62084; 105520; 148616; 180986
same_name_state_authorized_official_phone,ARMACINC,NJ,ANDRESMORENO,8884223044,3,1164775771; 1851047518; 1902972268,31701; 161751; 173195
same_name_state_authorized_official_phone,ARMASSOCIATESLP,TX,ALICIACOWAN,2815500990,3,1356548192; 1508062332; 1508063173,67767; 95516; 95517
same_name_state_authorized_official_phone,ARMASSOCIATESLP,TX,ALICIAGROFF,2815500990,12,1144427717; 1164629739; 1346407384; 1366994436; 1417264078; 1538495445; 1588930267; 1609073279; 1891021705; 1972831204; 1992902563; 1992953830,27558; 31401; 65579; 70469; 78817; 102235; 112285; 114526; 169512; 186359; 190327; 190412
same_name_state_authorized_official_phone,ARMSCAREINC,PA,JOHNLEWIS,7245453200,2,1417932864; 1750681292,79693; 144199
same_name_state_authorized_official_phone,ARNETTCLINICLLC,IN,MICHAELSKEHAN,7654488000,18,1003970971; 1093879967; 1124182209; 1184788051; 1275698714; 1346304441; 1356405484; 1376504712; 1427112341; 1457415507; 1508920471; 1568526432; 1578627618; 1609930742; 1639234537; 1699839563; 1720142698; 1881758852,1740; 18720; 23494; 35439; 52418; 65197; 67262; 71083; 80395; 86557; 96896; 107514; 109636; 115893; 120648; 132838; 137582; 168847
same_name_state_authorized_official_phone,ARNZENSUPERDRUGINC,ID,RODARNZEN,2089352301,2,1336717248; 1376627596,64312; 71573
same_name_state_authorized_official_phone,ARROWHEADFAMILYHEALTHCENTERPC,AZ,JANNAWELLS,6233344000,2,1255681730; 1992055396,48716; 188688
same_name_state_authorized_official_phone,ARTHRITISANDRHEUMATISMASSOCIATES,MD,LINDACOUTURE,3019427600,2,1487771648; 1760509335,93046; 145448
same_name_state_authorized_official_phone,ARTHURFEIGENBAUMDMDPLLC,NY,ARTHURFEIGENBAUM,7182684742,2,1073908273; 1942618152,15004; 180350
same_name_state_authorized_official_phone,ARTISANORTHOTICPROSTHETICTECHNOLOGIESINC,OR,RYANKEELE,8773530545,2,1366026312; 1740399989,68544; 141861
same_name_state_authorized_official_phone,ARTISTRYOFTECHNIQUESINC,NY,MELISSAHARVEY,3472151209,2,1083396097; 1255114211,15680; 47418
same_name_state_authorized_official_phone,ASCENDANTORTHOPEDICALLIANCELLC,IN,JACQUELINEKERWIN,5742479441,3,1164934295; 1437661576; 1629580758,31946; 83455; 119600
same_name_state_authorized_official_phone,ASCENSIONMEDICALGROUPFOXVALLEYWISCONSININC,WI,DAVIDJIROVEC,9207308414,2,1477658110; 1821194283,90839; 156716
same_name_state_authorized_official_phone,ASCENSIONPHARMACYSERVICESLLC,TX,MICHAELWASCOVICH,8336337279,2,1073345799; 1427741503,13674; 81645
same_name_state_authorized_official_phone,ASCENSIONSETON,TX,JULIEHOLLY,5123240000,2,1508572728; 1932773884,96256; 178754
same_name_state_authorized_official_phone,ASCENSIONWISCONSINPHARMACYINC,WI,JONATHANSOHN,7153559573,3,1104305085; 1154812303; 1356336002,19590; 29996; 66903
same_name_state_authorized_official_phone,ASCENSIONWISCONSINPHARMACYINC,WI,KEVINCASEY,2626872151,2,1144159864; 1629907332,26681; 120006
same_name_state_authorized_official_phone,ASCPHARMACYINC,FL,ASCANIOSERNA,3056985411,2,1770625683; 1831592492,147498; 159309
same_name_state_authorized_official_phone,ASFPHARMACYINC,FL,GUSTAVOSERRANO,3058610837,2,1205095015; 1942469804,37979; 180048
same_name_state_authorized_official_phone,ASHLANDDRUGSINC,MS,LARRYMELTON,6622248922,2,1235205154; 1255461299,43917; 48234
same_name_state_authorized_official_phone,ASHLANDHOSPITALCORPORATION,KY,SARAMARKS,6064084000,2,1043641327; 1871334185,9019; 166035
same_name_state_authorized_official_phone,ASHLEYCLINICLLC,KS,ROBERTTHOMEN,6204312500,2,1033288337; 1326114224,6494; 61224
same_name_state_authorized_official_phone,ASHLIHEALTHCAREINC,CA,HERIBERTODIAZ,8888317977,2,1366678294; 1477807006,69861; 91214
same_name_state_authorized_official_phone,ASIANAMERICANHEALTHCOALITIONOFTHEGREATERHOUSTONAREA,TX,JIMMYMAI,7137730803,2,1174236632; 1891576492,32364; 170293
same_name_state_authorized_official_phone,ASPIREINDIANAPHARMACYLLC,IN,TIMOTHYCROCKETT,3172685319,2,1902695802; 1932907557,172435; 178889
same_name_state_authorized_official_phone,ASPIREPROSTHETICSORTHOTICSINC,PA,KNITTELANSA,7174306100,3,1447738596; 1457729584; 1881365641,85491; 87280; 168048
same_name_state_authorized_official_phone,ASSOCIATEDHEALTHCARESYSTEMSINC,NY,JANETHOMAS,3154348804,2,1164720892; 1386942092,31574; 74191
same_name_state_authorized_official_phone,ASSOCIATEDMEDICALINC,CT,MARCUSSIMPSON,2032042874,3,1609105147; 1740627215; 1891187399,114578; 142318; 169813
same_name_state_authorized_official_phone,ASSOCIATEDPHARMACEUTICALSERVICESINC,NC,DAVIDPRICE,8286863804,2,1730102724; 1821030628,139087; 156208
same_name_state_authorized_official_phone,ASSOCIATEDUROLOGISTSOFNORTHCAROLINAPA,NC,TONYGURLEY,9198654641,3,1417226176; 1700155462; 1841560380,78717; 133622; 161079
same_name_state_authorized_official_phone,ASSUREDCAREASSISTEDLIVINGLLC,MI,THOMASNOBEL,2694280715,2,1154633972; 1245542067,29688; 46615
same_name_state_authorized_official_phone,ASTEPAHEADLLC,TN,JOSEPHRIEGER,6153830048,3,1285009910; 1437319597; 1487028023,53056; 82797; 91619
same_name_state_authorized_official_phone,ASTEPAHEADORTHOTICSANDPROSTHETICSINC,AL,JOSEPHRIEGER,2565348637,2,1386186674; 1891238994,72668; 169909
same_name_state_authorized_official_phone,ASTEPAHEADORTHOTICSANDPROSTHETICSINC,TN,JOSEPHRIEGER,6153830048,5,1396287686; 1437691714; 1689116972; 1760259881; 1831631126,74811; 83528; 129718; 144941; 159402
same_name_state_authorized_official_phone,ASTHMAANDRESPIRATORYSERVICESOFOKLAHOMAINC,OK,MARIALUCAS,9186320170,3,1245266006; 1245266162; 1851327795,45839; 45841; 162221
same_name_state_authorized_official_phone,ASTOUNDINGHEALTHCARESERVICESLLC,TX,SYEDALIKHAN,8478586620,2,1073395299; 1447020706,13726; 83897
same_name_state_authorized_official_phone,ASTRUPDRUGINC,MN,TINAMILLER,5076653301,2,1114409257; 1932716339,21861; 178692
same_name_state_authorized_official_phone,ASTRUPDRUGINC,MN,TINAMILLER,5077253328,2,1184231573; 1932468311,34342; 178310
same_name_state_authorized_official_phone,ATHENSPHARMACYINC,AL,PHILLIPPRESLEY,2562322242,2,1073916300; 1427451582,15019; 81254
same_name_state_authorized_official_phone,ATHOMEMEDICALINC,NJ,DAVIDFERGUSON,9735380485,2,1447236567; 1871144931,84140; 165820
same_name_state_authorized_official_phone,ATIINC,NV,JAMESBERKABILE,7024524999,2,1164146627; 1962122523,30410; 182912
same_name_state_authorized_official_phone,ATLANTICPROSTHETICORTHOTICSERVICESINC,NJ,PAULRUTLEDGE,8565351106,2,1255765400; 1659706992,48861; 125311
same_name_state_authorized_official_phone,ATLANTICPROSTHETICSORTHOTICSLLC,NC,JILLBARHAM,9199450215,2,1467511014; 1942509450,88554; 180157
same_name_state_authorized_official_phone,ATLANTICRXINC,NY,JOSEBISONO,3478656718,2,1033079207; 1376403063,5751; 70983
same_name_state_authorized_official_phone,ATLANTISPHARMACYINC,FL,YANETRODRIGUEZCLAVERO,3052650001,2,1114095908; 1538400759,21230; 102070
same_name_state_authorized_official_phone,ATMEDICALEQUIPMENTINC,CA,ARTASHESGABRIYELYAN,6264621400,2,1043520158; 1174708200,8793; 33418
same_name_state_authorized_official_phone,ATOZDRUGSINC,NC,BRANDYLETSON,8287433114,2,1497845457; 1609254713,94956; 114841
same_name_state_authorized_official_phone,ATOZMEDICALEQUIPMENTSUPPLIESLLC,TX,MOHAMMADNAWAZ,2143492869,2,1114173176; 1639117138,21405; 120261
same_name_state_authorized_official_phone,ATPHARMACYMANAGEMENTLLC,TX,ARNOLDTIEU,4698098112,2,1306591235; 1932683513,57879; 178656
same_name_state_authorized_official_phone,AUDRAINHANDICAPPEDSERVICES,MO,TIMOTHYCREWS,5735818210,2,1235261058; 1346372166,44181; 65488
same_name_state_authorized_official_phone,AUMEDICALASSOCIATESINC,GA,CONNIETHOMPSON,7067218623,2,1114574126; 1740837756,22063; 142641
same_name_state_authorized_official_phone,AUMEDICALCENTERINC,GA,RASHADDARBY,7067215722,2,1558028308; 1790441657,104771; 150911
same_name_state_authorized_official_phone,AUROPHARMACIESINC,CA,NAYANPATEL,5626916754,2,1093010399; 1528146644,17104; 99654
same_name_state_authorized_official_phone,AURORAADVANCEDHEALTHCAREINC,WI,EUGENEMONROE,4142747220,2,1508001777; 1700021953,95374; 133343
same_name_state_authorized_official_phone,AURORACARESLLC,TX,RIZWANHAFEEZ,8325003565,2,1659768141; 1922756451,125422; 176871
same_name_state_authorized_official_phone,AURORAMEDICALGROUPINC,WI,KARARICHARDSON,9203038700,2,1386784536; 1750438818,73833; 143557
same_name_state_authorized_official_phone,AUSTINDRUGCOINC,AL,SAMUELCOSTELLO,2563531121,4,1508918301; 1770635849; 1851443659; 1942352745,96891; 147535; 162555; 179750
same_name_state_authorized_official_phone,AUSTINMEDICALTESTINGCORP,IL,AMJADNASER,2244061045,2,1326794405; 1780323071,62483; 148780
same_name_state_authorized_official_phone,AUSTINREGIONALCLINICPA,TX,ANASDAGHESTANI,5122593467,2,1093283137; 1124505920,17566; 24120
same_name_state_authorized_official_phone,AUSTINREGIONALCLINICPA,TX,ANASDAGHESTANI,5124431311,2,1124323845; 1568949360,23802; 108492
same_name_state_authorized_official_phone,AUTENPHARMACYINC,KS,TERIAUTEN,9137554111,2,1770633893; 1780795468,147528; 149792
same_name_state_authorized_official_phone,AVASCOMEDICALSUPPLYINC,CA,RANDYABABSEH,8055225333,2,1295053858; 1326040502,55072; 60823
same_name_state_authorized_official_phone,AVELLAOFPHOENIXIIINC,AZ,JOHNMUSIL,6022773181,2,1366447005; 1386931616,69055; 74175
same_name_state_authorized_official_phone,AVENZASUPPLYINC,NY,AZAMATKASIMOV,2024829058,2,1114859527; 1306795893,22371; 58079
same_name_state_authorized_official_phone,AVEVEINC,NC,ZHAOHUICHEN,8288946112,2,1457395774; 1548411028,86499; 103835
same_name_state_authorized_official_phone,AVEVORXLLC,NC,DOUGLASHILL,8772838679,2,1295531028; 1750123204,55737; 142916
same_name_state_authorized_official_phone,AVONDALEHMEINC,CA,NICHOLASBURRUSS,8885434039,2,1114441573; 1962932566,21906; 184631
same_name_state_authorized_official_phone,AVPHARMALLC,FL,VIPULMAMTORA,8442248493,2,1033870209; 1184003311,7440; 33998
same_name_state_authorized_official_phone,AVSPHARMACYINC,CA,VARDUIMALUMYAN,8184848680,2,1366262081; 1790090280,68828; 150400
same_name_state_authorized_official_phone,AXESPHYSICALTHERAPYLLC,MO,JOHNTEEPE,6362063654,2,1093312241; 1669069993,17607; 125841
same_name_state_authorized_official_phone,AXISCAREHEALTHLOGISTICSINC,PR,GUILLERMOMARRERO,7872512323,2,1114267127; 1659389997,21581; 124448
same_name_state_authorized_official_phone,AXXESSMEDICALLLC,TX,AMANDAMITCHELL,9037449053,2,1730666926; 1770105264,140512; 146671
same_name_state_authorized_official_phone,AYZALLC,MD,ZUBAIRAZAM,4105491900,2,1376312876; 1912055575,70902; 173527
same_name_state_authorized_official_phone,AZCAREPHARMACYLLC,NV,KARDAMPANJABI,7257109120,2,1043199797; 1114807831,7765; 22323
same_name_state_authorized_official_phone,BACHMANDRUGINC,KS,ANGELABACHMAN,6208732641,2,1316121536; 1871613273,59229; 166600
same_name_state_authorized_official_phone,BADGERMANAGEMENTLLC,UT,CRYSTALGRIMES,3854722385,2,1306718135; 1356215008,58024; 66759
same_name_state_authorized_official_phone,BADRIINC,CA,VIPULBHAVANI,6614930408,2,1669919791; 1912472226,127540; 174396
same_name_state_authorized_official_phone,BAKARIKACORP,MD,BAKARICHAKHMAKHASHVILI,4438838634,2,1497616148; 1922948801,94371; 177070
same_name_state_authorized_official_phone,BAKERBAKERINC,AR,SCOTTYBAKER,8708953811,2,1245454172; 1316950041,46445; 60460
same_name_state_authorized_official_phone,BAKERDRUG,MT,ALYSEWEBBER,4067782214,2,1134746605; 1508945502,26271; 96983
same_name_state_authorized_official_phone,BAKEROPENTERPRISESINC,TX,BRADFORDGARDNER,8173327313,2,1447824438; 1942398078,85616; 179895
same_name_state_authorized_official_phone,BAKERSFIELDPATHOLOGYMEDICALGROUP,CA,LILIBETHGUINTOMIRANDA,6613360622,2,1033362363; 1235198474,6649; 43892
same_name_state_authorized_official_phone,BAKERSPHARMACY,IL,JAMESSHUPENUS,2177423149,2,1023199304; 1477603835,4540; 90609
same_name_state_authorized_official_phone,BALAGANAPATIINC,NJ,RASIKNAGRECHA,9739269701,3,1336758564; 1568981330; 1841390044,64362; 108550; 160679
same_name_state_authorized_official_phone,BALAJIDRUGSINCORPORATED,NJ,KALYANDANDU,7324496157,2,1215456918; 1477589703,40693; 90543
same_name_state_authorized_official_phone,BALANCEFOOTANDANKLELLC,OH,JENNIFERPREZIOSO,2166580111,5,1033009931; 1144110040; 1356231252; 1558251447; 1982594883,5687; 26648; 66772; 104996; 187428
same_name_state_authorized_official_phone,BALTIMOREPODIATRYGROUPDRBENJAMINKLEINMANPA,MD,BENJAMINKLEINMAN,4102475333,3,1326443151; 1538549209; 1700259082,62010; 102334; 133805
same_name_state_authorized_official_phone,BALTROLLC,OK,WILLIEHIGGINS,9188652164,2,1306909916; 1730437955,58479; 140088
same_name_state_authorized_official_phone,BANDYSPHARMACYINC,IL,ERICBANDY,6185484000,2,1306894787; 1316109721,58435; 59207
same_name_state_authorized_official_phone,BANNERARIZONAMEDICALCLINICLTD,AZ,MARGARETBURKE,6238763952,2,1447381207; 1487785002,84789; 93068
same_name_state_authorized_official_phone,BANNERHOMECAREARIZONA,AZ,RUSSELLFUNK,4806571000,2,1679125009; 1851943286,127842; 163618
same_name_state_authorized_official_phone,BANNERPHARMACYSERVICESLLC,AZ,DENNISLARAWAY,4802565450,2,1356710867; 1427427301,68075; 81215
same_name_state_authorized_official_phone,BANNERPHARMACYSERVICESLLC,AZ,DENNISLARAWAY,4805433060,2,1487023412; 1609245588,91611; 114823
same_name_state_authorized_official_phone,BANNERPHYSICIANSPECIALISTSARIZONALLC,AZ,SHIVABIRDI,6027474000,6,1063260909; 1477301364; 1821846726; 1861249740; 1912755810; 1992553895,11606; 89985; 157758; 163951; 174713; 189381
same_name_state_authorized_official_phone,BANNERPHYSICIANSPECIALISTSARIZONALLC,AZ,SHIVABIRDI,6238763800,2,1548538069; 1992073498,104057; 188713
same_name_state_authorized_official_phone,BANNERPRIMARYCAREPHYSICIANSARIZONALLC,AZ,SHIVABIRDI,6238763800,2,1093083503; 1750630836,17249; 144106
same_name_state_authorized_official_phone,BANNERUNIVERSITYPHYSICIANSPECIALISTSLLC,AZ,BENJAMINSCHWARTZ,6027474000,2,1427806942; 1720836232,81699; 138840
same_name_state_authorized_official_phone,BAPTISTHEALTHCAREINC,FL,ASHLEEHUDNALL,8504378400,2,1356470363; 1437475878,67547; 83144
same_name_state_authorized_official_phone,BAPTISTHEALTHCARESYSTEMINC,KY,RICHARDCARRICO,2707371212,2,1356941058; 1568075588,68439; 106698
same_name_state_authorized_official_phone,BAPTISTHEALTHCARESYSTEMINC,KY,RICHARDCARRICO,8592606100,2,1487874715; 1689846974,93293; 131134
same_name_state_authorized_official_phone,BAPTISTHEALTHMEDICALGROUPORTHOPEDICSLLC,FL,MATTHEWARSENAULT,7862686200,5,1043998313; 1598268625; 1700389681; 1720942881; 1790389351,9435; 112884; 134021; 138941; 150843
same_name_state_authorized_official_phone,BAPTISTHEALTHMEDICALGROUPORTHOPEDICSLLC,FL,MATTHEWARSENAULT,7864673430,2,1114420247; 1558864470,21874; 106415
same_name_state_authorized_official_phone,BAPTISTHEALTHMEDICALGROUPORTHOPEDICSLLC,FL,RALPHLAWSON,7862686200,2,1396248449; 1891298774,74751; 169978
same_name_state_authorized_official_phone,BAPTISTHEALTHMEDICALGROUPUPPERKEYSLLC,FL,MATTHEWARSENAULT,3054343300,2,1427774645; 1437875655,81672; 83755
same_name_state_authorized_official_phone,BARBARAANNKARMANOSCANCERHOSPITAL,MI,BRIANGAMBLE,8335774968,2,1497326805; 1639661077,94054; 121598
same_name_state_authorized_official_phone,BARCLAYPHARMACYINC,FL,MARKBARCLAY,9414842494,2,1346324472; 1457402083,65263; 86520
same_name_state_authorized_official_phone,BARNABASHEALTHMEDICALGROUPPC,NJ,RURICANDERSON,2017165850,3,1013755347; 1316772668; 1518792860,3279; 60260; 98669
same_name_state_authorized_official_phone,BARNABASHEALTHMEDICALGROUPPC,NJ,RURICANDERSON,6096897031,2,1265270599; 1730927054,49456; 140796
same_name_state_authorized_official_phone,BARNESHEALTHCAREOFFLLLC,FL,CHARLESBARNES,2292456039,2,1609275924; 1689078990,114870; 129659
same_name_state_authorized_official_phone,BARNESHEALTHCAREVARIETY,AL,STEVENBARNES,2567643961,2,1376553131; 1528256815,71189; 100006
same_name_state_authorized_official_phone,BARNETDULANEYPERKINSEYECENTERIIPLLC,AZ,ARTHURBROOKFIELD,9285372010,2,1760973259; 1801387261,146468; 152914
same_name_state_authorized_official_phone,BARNETDULANEYPERKINSEYECENTERPC,AZ,ARTHURBROOKFIELD,6029551000,15,1033201546; 1083289953; 1134205347; 1235214073; 1285706838; 1306921143; 1306922513; 1326123167; 1346630696; 1568034213; 1639253206; 1659463156; 1740433408; 1891887329; 1902488604,6159; 15573; 25148; 43947; 54227; 58524; 58528; 61262; 66025; 106637; 120715; 124714; 141936; 171081; 172240
same_name_state_authorized_official_phone,BARNWELLHEALTHINVESTORSINC,SC,KYLEMCHUGH,8032591234,2,1336484948; 1982949590,63931; 188523
same_name_state_authorized_official_phone,BARRPHARMACYINC,CA,MICHAELOHASHI,5598752517,2,1467544478; 1922359785,88660; 176306
same_name_state_authorized_official_phone,BARTLESPHARMACYINC,NY,BRIANBARTLE,6078432841,2,1154400646; 1497842363,29025; 94942
same_name_state_authorized_official_phone,BARUCHSLSINC,MI,CHRISTOPHERMURPHY,6168474242,2,1245549286; 1629387683,46626; 119276
same_name_state_authorized_official_phone,BASILEIAGROUPINC,TX,CARLOSHEATH,7132637680,2,1215236351; 1275725566,40295; 52476
same_name_state_authorized_official_phone,BASSOPHARMACYINC,CA,ALIREZAALIBANAEI,8186344198,2,1205301520; 1700482239,38354; 134112
same_name_state_authorized_official_phone,BATONROUGECLINICAMEDICALCORPORATION,LA,SHUNNPHILLIPS,2257694044,2,1235098203; 1518811736,43502; 98684
same_name_state_authorized_official_phone,BAYAREAFOOTCAREINC,CA,ALEXANDERREYZELMAN,9169613434,2,1275244659; 1851161012,51406; 161870
same_name_state_authorized_official_phone,BAYCARECLINICLLP,WI,NICOLEHETTMANN,9204909046,2,1376129833; 1437789450,70674; 83651
same_name_state_authorized_official_phone,BAYCAREHOMECAREINC,FL,TIMISIJOHNSON,7273946461,2,1407976301; 1700848678,78031; 134636
same_name_state_authorized_official_phone,BAYCAREURGENTCARELLC,FL,LYNDAGORKEN,7272819065,2,1104586684; 1114687688,19909; 22190
same_name_state_authorized_official_phone,BAYCAREURGENTCARELLC,FL,LYNDAGORKEN,7272819390,2,1013475466; 1023580735,2972; 5246
same_name_state_authorized_official_phone,BAYCAREURGENTCARELLC,FL,LYNDAGORKEN,8135333494,2,1043752173; 1104324839,9192; 19608
same_name_state_authorized_official_phone,BAYLORCOLLEGEOFMEDICINE,TX,RICHARDALLISON,7134321500,2,1124002837; 1609850445,22824; 115593
same_name_state_authorized_official_phone,BAYLORPATHOLOGYCONSULTANTS,TX,DAVIDTITUS,7134813544,2,1225363393; 1679808745,42576; 129220
same_name_state_authorized_official_phone,BAYONNEPHARMACYINC,NJ,MICHAELBOLOGH,2013391992,2,1508385337; 1639102940,96057; 120187
same_name_state_authorized_official_phone,BAYOUFOOTCARELLC,LA,DARRENVIGEE,9856499795,2,1285853853; 1750500468,54697; 143837
same_name_state_authorized_official_phone,BAYPHARMACIESINC,WI,ERICHAGEN,9207462158,2,1275675696; 1518442771,52342; 98244
same_name_state_authorized_official_phone,BAYPHARMACYINC,FL,GEORGEWARREN,3523574341,2,1295829638; 1639262280,56370; 120742
same_name_state_authorized_official_phone,BAYSTATEMEDICALCENTERINC,MA,LAURIEMARTIN,4137943291,2,1013392117; 1124125547,2835; 23312
same_name_state_authorized_official_phone,BAYSTATEMEDICALCENTERINC,MA,LAURIEMARTIN,4137949960,2,1134067242; 1881799427,24716; 169043
same_name_state_authorized_official_phone,BAYSTATEMEDICALCENTERINC,MA,LAURIEMARTIN,8558655432,2,1376967968; 1972936623,72356; 186547
same_name_state_authorized_official_phone,BAYSTREETORTHOPAEDICSPLLC,MI,MARKMCMURRAY,2313475155,2,1003147885; 1215269287,321; 40374
same_name_state_authorized_official_phone,BBAYHIENTERPRISESLLC,LA,BELINDABAYHI,5046825236,2,1174125454; 1508257536,32255; 95837
same_name_state_authorized_official_phone,BCBMEDICALINC,GA,WILLIAMBYLER,9123550715,2,1386782126; 1871700906,73824; 166910
same_name_state_authorized_official_phone,BEAMANDBLIZZARDLLC,NC,TERRYDEVINE,7048217617,2,1407252745; 1740374974,76657; 141689
same_name_state_authorized_official_phone,BEAMWEASEOFKINGSMOUNTAININC,NC,DAVIDDELLINGER,7047391698,2,1952682262; 1962440859,182305; 183471
same_name_state_authorized_official_phone,BEARDRUGSINC,NC,STEPHENARCHBELL,2522617999,2,1285889006; 1518978170,54759; 99002
same_name_state_authorized_official_phone,BEAVANSMEDICAL,CA,ZENAIDABEAVANS,7142815906,2,1497903397; 1518988740,95178; 99083
same_name_state_authorized_official_phone,BEAVANSMEDICALINC,CA,ZENAIDABEAVANS,7142815906,3,1154561256; 1790925808; 1982844080,29527; 151975; 188257
same_name_state_authorized_official_phone,BEAVERMEDICALGROUPPC,CA,EMILYCASTILLO,9518450313,2,1063045656; 1609110667,11385; 114593
same_name_state_authorized_official_phone,BECKMANSGREENESTREETPHARMACYINC,MD,JOHNBECKMAN,3017777336,2,1265736359; 1679577498,50638; 128463
same_name_state_authorized_official_phone,BEECHMONTPHARMACYINC,KY,ELIZABETHGENTRY,2703383800,2,1326179490; 1386731537,61488; 73617
same_name_state_authorized_official_phone,BEFITTINGYOULLC,MI,GREGNEWMAN,8884680485,2,1437845005; 1467256321,83722; 87991
same_name_state_authorized_official_phone,BELAIRPHARMACYLLC,MD,BUKOLAAJIBADE,4106013136,2,1578254587; 1720450406,108927; 138307
same_name_state_authorized_official_phone,BELMONTWESTERNFARMACIALLC,IL,KAMLESHSHETH,7738805544,2,1346787058; 1912063959,66286; 173553
same_name_state_authorized_official_phone,BENJAMINPHARMACYCORP,NY,JORGERESTNEPO,7184577884,2,1134296320; 1265474720,25492; 49896
same_name_state_authorized_official_phone,BENJAMINVPHAM,CA,BENJAMINPHAM,9164085580,2,1235396078; 1518134790,44502; 97647
same_name_state_authorized_official_phone,BENNETTDENTALCORPORATION,CA,CHASEBENNETT,6194945091,2,1083156517; 1912516998,15403; 174445
same_name_state_authorized_official_phone,BENNETTDRUGINC,OK,BRIANHARRISON,5806541111,2,1467463026; 1972657930,88256; 185910
same_name_state_authorized_official_phone,BENTLEYPHARMACY,TX,FREDBENTLEY,9725633311,2,1164592978; 1598760761,31309; 113498
same_name_state_authorized_official_phone,BENTONDISCOUNTPHARMACYINC,KY,KIRKDRIPPS,2705271521,2,1619154929; 1992754923,116682; 189831
same_name_state_authorized_official_phone,BERNIESPHARMACYINC,AK,TERESAHALL,9075622138,2,1447851951; 1790781912,85650; 151435
same_name_state_authorized_official_phone,BESOFOHIOLLCDBAMEDGROUP,OH,DEANERICKSON,3308641916,2,1124268032; 1386870798,23696; 74042
same_name_state_authorized_official_phone,BESSIKASOLUTIONSINC,TX,BESIKBUJIASHVILI,2142818267,2,1699652289; 1932087582,132314; 177216
same_name_state_authorized_official_phone,BESTAIDCOMMUNITYPHARMACYLLC,NY,PARESHGANDHI,7184664700,2,1558475533; 1629395389,105718; 119291
same_name_state_authorized_official_phone,BESTCAREMEDICALMANAGEMENTINC,CA,PETERBAGDASARIAN,8185001517,2,1225320633; 1770579518,42487; 147343
same_name_state_authorized_official_phone,BESTCOVIDCARELLC,IL,MOHAMMEDCHUCK,7736791400,4,1386373702; 1649909060; 1841929262; 1972232304,72900; 123764; 161622; 185020
same_name_state_authorized_official_phone,BESTFITDMEINC,CT,SHARONPEART,8669260035,2,1396580304; 1447006622,75137; 83883
same_name_state_authorized_official_phone,BESTFITDMEINC,VA,SHARONPEART,8669260035,2,1497590475; 1922843937,94349; 176959
same_name_state_authorized_official_phone,BESTFITDMEINC,WA,SHARONPEART,8669260035,2,1083459051; 1972340974,15746; 185131
same_name_state_authorized_official_phone,BESTMEDICALOPTIONSLLC,PR,JUANPAGAN,7873303330,2,1285452714; 1477371995,53707; 90064
same_name_state_authorized_official_phone,BETHANYMEDICALCENTERPA,NC,LENINPETERS,3368830029,2,1134631591; 1831601863,26104; 159328
same_name_state_authorized_official_phone,BETHESDACHEVYCHASEORTHOPAEDICASSOCIATESLLC,MD,CHUCKGRASMEDER,3015301010,2,1275014573; 1851759898,51115; 163327
same_name_state_authorized_official_phone,BETHESDAHOSPITALINC,OH,JOHNREILLY,8774034229,2,1336160308; 1457858201,62973; 87487
same_name_state_authorized_official_phone,BETHISRAELLAHEYHEALTHPHARMACYINC,MA,LUCACATTANEO,7813526600,2,1306567938; 1346027620,57853; 64654
same_name_state_authorized_official_phone,BETTERHEALTHPHARMACYINC,FL,MERLENEED,8136814225,2,1497830236; 1790797611,94901; 151545
same_name_state_authorized_official_phone,BETTERLIFEMEDICALSURGICALSUPPLYINC,FL,SARDORBEKMUMINOV,3059090880,2,1124858352; 1477138386,24511; 89790
same_name_state_authorized_official_phone,BETTERLIFEPHARMACYINC,FL,JAIMEPROSPER,3052666277,2,1386946044; 1487094991,74199; 91739
same_name_state_authorized_official_phone,BETTERLIFEPHARMACYPC,OK,TROYSIMONS,4053411504,3,1023761582; 1063287605; 1972458842,5459; 11641; 185250
same_name_state_authorized_official_phone,BETTERNIGHTSSLEEPCENTERINC,CA,ERNIEDIAZ,6615885010,2,1467844092; 1942677760,89345; 180444
same_name_state_authorized_official_phone,BETTERSLEEPWASHINGTON,WA,SMITAPATEL,4253754789,2,1619837598; 1649071267,117708; 122078
same_name_state_authorized_official_phone,BEXARCOUNTYHOSPITALDISTRICT,TX,JENNIFERRODRIGUEZ,2103582905,2,1629836556; 1851499453,119931; 162810
same_name_state_authorized_official_phone,BEYDOUNDRUGSTORESPC,MI,WISSAMBEYDOUN,2485410600,2,1255980264; 1922243435,49158; 176029
same_name_state_authorized_official_phone,BHSMREHABILITATIONLLC,AZ,MICHAELTARVIN,7179721100,8,1083121628; 1154838589; 1265949697; 1366959702; 1578070066; 1699282178; 1811404254; 1962919449,15335; 30037; 51014; 70389; 108689; 131864; 155076; 184597
same_name_state_authorized_official_phone,BHSPHYSICIANSNETWORKINC,TX,BRIANRASMUS,2104775151,5,1144866799; 1306464110; 1497529762; 1881230423; 1891331435,28246; 57752; 94282; 167890; 170026
same_name_state_authorized_official_phone,BHSPHYSICIANSNETWORKINC,TX,BRIANRASMUS,2105457171,4,1225928773; 1376433821; 1487544938; 1730079286,43338; 71011; 92317; 139069
same_name_state_authorized_official_phone,BHSPHYSICIANSNETWORKINC,TX,BRIANRASMUS,2813517261,2,1114795580; 1922876390,22310; 177001
same_name_state_authorized_official_phone,BHSPHYSICIANSNETWORKINC,TX,BRIANRASMUS,2814406960,4,1083366728; 1275285900; 1285386912; 1891448643,15648; 51455; 53614; 170151
same_name_state_authorized_official_phone,BHSPHYSICIANSNETWORKINC,TX,BRIANRASMUS,7137227454,2,1619554433; 1669081832,117371; 125852
same_name_state_authorized_official_phone,BHSPHYSICIANSNETWORKINC,TX,BRIANRASMUS,9153136300,2,1669036158; 1902401797,125804; 172139
same_name_state_authorized_official_phone,BHSPHYSICIANSNETWORKINC,TX,BRIANRASMUS,9155337465,2,1215491972; 1326602715,40732; 62281
same_name_state_authorized_official_phone,BHWDIAGNOSTICS,NC,KATINABLUE,9194049006,2,1730016668; 1992653919,138995; 189474
same_name_state_authorized_official_phone,BIGBULLCOUNTRYLLC,MT,HUGHDANIELS,4062664379,2,1013906429; 1861331571,3447; 164044
same_name_state_authorized_official_phone,BIGHORNVALLEYHEALTHCENTERINCORPORATED,MT,SHAWNPATRICK,4068674141,2,1407212871; 1740761204,76582; 142538
same_name_state_authorized_official_phone,BIGHORNVALLEYHEALTHCENTERINCORPORATED,MT,SHAWNPATRICK,4069220843,2,1215884960; 1598387409,41132; 113033
same_name_state_authorized_official_phone,BIGSANDYPHARMACY,KY,DANSALYER,6067895371,2,1073773503; 1609048990,14733; 114464
same_name_state_authorized_official_phone,BIGYFOODSINC,CT,GEORGEPAPPAS,8603545554,2,1609027440; 1821329335,114409; 157026
same_name_state_authorized_official_phone,BIGYFOODSINC,CT,MICHAELGOLD,4135044492,2,1144404344; 1982887030,27502; 188378
same_name_state_authorized_official_phone,BINSONSHOSPITALSUPPLIESINC,MI,JAMESBINSON,2482880440,2,1376621524; 1891844908,71555; 170933
same_name_state_authorized_official_phone,BINSONSHOSPITALSUPPLIESINC,MI,JAMESBINSON,2484193520,2,1336543438; 1891190534,64059; 169816
same_name_state_authorized_official_phone,BINSONSHOSPITALSUPPLIESINC,MI,JAMESBINSON,3137897708,2,1073040879; 1285151480,13288; 53310
same_name_state_authorized_official_phone,BINSONSHOSPITALSUPPLIESINC,MI,JAMESBINSON,5867552300,6,1174110589; 1386792471; 1811179492; 1811486418; 1811532997; 1922001189,32241; 73855; 154639; 155206; 155262; 175254
same_name_state_authorized_official_phone,BINSONSHOSPITALSUPPLIESINC,MI,JAMESBINSON,5867797771,2,1548564230; 1871899245,104099; 167352
same_name_state_authorized_official_phone,BINSONSHOSPITALSUPPLIESINC,MI,JAMESBINSON,7342811800,2,1275692477; 1427106319,52395; 80382
same_name_state_authorized_official_phone,BINSONSHOSPITALSUPPLIESINC,MI,JAMESBINSON,7344212041,2,1427325653; 1629346432,81029; 119192
same_name_state_authorized_official_phone,BINSONSHOSPITALSUPPLIESINC,MI,JAMESBINSON,7346552866,2,1023424470; 1932516689,5000; 178398
same_name_state_authorized_official_phone,BIOMEDKANSASINC,KS,ANDREWWALK,9136610100,2,1437602331; 1720205933,83386; 137853
same_name_state_authorized_official_phone,BIOMETRICSINC,CT,DAVIDROONEY,2032611162,2,1487647319; 1699368985,92439; 132003
same_name_state_authorized_official_phone,BIONICPROSTHETICSANDORTHOTICSGROUPLLC,IL,SUMESHSAXENA,7089662850,2,1164080743; 1730561150,30345; 140316
same_name_state_authorized_official_phone,BIONICPROSTHETICSANDORTHOTICSGROUPLLC,IN,SUMESHSAXENA,2197919200,2,1013182971; 1285144352,2416; 53296
same_name_state_authorized_official_phone,BIONICPROSTHETICSANDORTHOTICSGROUPLLC,IN,SUMESHSAXENA,5748553744,2,1003326174; 1477911550,588; 91396
same_name_state_authorized_official_phone,BIONICPROSTHETICSANDORTHOTICSGROUPLLC,IN,SUMESHSAXENA,7658388222,2,1619561941; 1861932469,117381; 165521
same_name_state_authorized_official_phone,BIONICSORTHOTICSANDPROSTHETICSINC,CA,BRANDONCALVO,8582709972,2,1144897018; 1396312062,28274; 74850
same_name_state_authorized_official_phone,BIOSCRIPTPHARMACYMILLC,MI,HEMAPATEL,7343244000,2,1073250361; 1124399670,13560; 23952
same_name_state_authorized_official_phone,BIRDIINC,MI,PETERFLECK,8552473479,2,1073462537; 1124711411,13780; 24382
same_name_state_authorized_official_phone,BISHOPPHARMACYINC,KY,JAMESRICKETT,6065156134,2,1023569100; 1073865408,5232; 14925
same_name_state_authorized_official_phone,BISYATADISHMAYAMANAGEMENTSERVICESINC,NY,SAMUELTEITELBAUM,7187820600,3,1568042273; 1700035169; 1740860626,106648; 133381; 142661
same_name_state_authorized_official_phone,BJCHOMECARESERVICES,MO,ANGELAMARTINDAVIS,3149532000,2,1154331809; 1831998293,28722; 159816
same_name_state_authorized_official_phone,BKDPRODUCTIONSLLC,IN,BRIANDADE,7654187320,2,1336465103; 1487967675,63883; 93463
same_name_state_authorized_official_phone,BKENTSMITHDDSPA,TX,BRADYSMITH,8444094657,3,1417244054; 1588419972; 1821844721,78763; 111120; 157756
same_name_state_authorized_official_phone,BKENTSMITHDDSPA,TX,NIKEYIABRAXTON,8444094657,2,1245165745; 1780482968,45514; 148957
same_name_state_authorized_official_phone,BLACKSDRUGSTOREINC,SC,ROBERTWYLIE,8035812102,2,1194927459; 1760678361,37608; 145963
same_name_state_authorized_official_phone,BLACKVILLEHEALTHINVESTORS,SC,KYLEMCHUGH,8032843372,2,1427393024; 1821186461,81154; 156655
same_name_state_authorized_official_phone,BLOODWORKS,WA,ROBERTGLEASON,2062926500,2,1053799403; 1588662084,11046; 111426
same_name_state_authorized_official_phone,BLUEDOORPHARMACIES,MD,SHEILAALIZADEH,3019484222,2,1245245851; 1902127087,45689; 171670
same_name_state_authorized_official_phone,BLUEGRASSORTHOPAEDICSPSC,KY,REGINAACOSTA,8592635140,6,1164922266; 1174484240; 1295696359; 1356772933; 1720949886; 1952757635,31929; 32629; 55895; 68204; 138948; 182423
same_name_state_authorized_official_phone,BLUEGRASSOXYGENINC,KY,CRAIGCOLEMAN,8592772583,2,1295797587; 1932391208,56265; 178155
same_name_state_authorized_official_phone,BLUEGRASSPRIMARYHEALTHCARECENTERINC,KY,ALANWRIGHTSON,8599777481,2,1174363014; 1801517412,32505; 153084
same_name_state_authorized_official_phone,BLUENOTEPARTNERSLLC,CA,CLEVEYU,9257300081,2,1497894885; 1558678680,95157; 106110
same_name_state_authorized_official_phone,BLUERIBBONHEALTHSERVICESINC,FL,DAVIDFERRY,8508748280,5,1063447225; 1114952421; 1407872310; 1528093770; 1679576375,12005; 22669; 77548; 99486; 128458
same_name_state_authorized_official_phone,BLUESKYORTHOTICANDPROSTHETICS,TX,AARONFOREMAN,9702311313,3,1023510369; 1376045617; 1457728560,5147; 70538; 87278
same_name_state_authorized_official_phone,BMPHARMACYINC,TX,PHUONGNGUYEN,7134573600,2,1396142675; 1912133216,74583; 173723
same_name_state_authorized_official_phone,BOARDMANMEDICALSUPPLYCO,OH,ROBINIVANY,3305456700,2,1255491833; 1609831395,48317; 115576
same_name_state_authorized_official_phone,BOCAMEDICALSUPPLYLLC,FL,CARLENGLISH,5613687430,2,1063511129; 1154508695,12177; 29433
same_name_state_authorized_official_phone,BOIESPHARMACYINC,CA,JAMILHARB,2096348511,2,1366889628; 1629414073,70298; 119335
same_name_state_authorized_official_phone,BONDENTERPRISESINC,WA,TAMMYKVINSLAND,2538589941,4,1164530630; 1225185150; 1720182140; 1902953060,31135; 42193; 137730; 173132
same_name_state_authorized_official_phone,BONSECOURSMEDICALGROUPHAMPTONROADSSPECIALTYCARELLC,VA,WILBURGAY,7575627301,4,1023633369; 1114542453; 1205451028; 1932724275,5325; 22023; 38592; 178702
same_name_state_authorized_official_phone,BONSECOURSMEDICALGROUPRICHMONDSPECIALTYCARELLC,VA,JOSEPHHARDY,8042852300,2,1134790181; 1780255737,26331; 148711
same_name_state_authorized_official_phone,BOONEDRUGSINC,NC,SPENCERHODGES,8282953482,2,1033256953; 1386105336,6388; 72555
same_name_state_authorized_official_phone,BOONESPHARMACYINC,AL,RAYMONDBOONE,3342898989,2,1356579205; 1831035880,67829; 157909
same_name_state_authorized_official_phone,BOOTHENTERPRISESINC,AL,JAMESBOOTH,3346842272,2,1538215454; 1982739355,101538; 187979
same_name_state_authorized_official_phone,BOROPARKPHARMACYCORP,NY,AKIVATESSLER,7184800700,2,1285275586; 1538669833,53488; 102528
same_name_state_authorized_official_phone,BOSTONMEDICALCENTERCORPORATION,MA,ANTHONYHOLLENBERG,6174144880,2,1083952329; 1417290131,16985; 78874
same_name_state_authorized_official_phone,BOSTONMEDICALCENTERCORPORATION,MA,BHAVESHSHAH,6176388220,2,1699473629; 1851005763,132119; 161703
same_name_state_authorized_official_phone,BOSTONMEDICALCENTERCORPORATION,MA,DAVIDTWITCHELL,6176388150,2,1073395836; 1740046549,13728; 140913
same_name_state_authorized_official_phone,BOSTONPEDORTHICASSOCIATESLLC,MA,ELIZABETHSCHUSTER,6177878779,2,1275504102; 1760784003,51664; 146145
same_name_state_authorized_official_phone,BOURBONNAISSLEEPSOLUTIONSLLC,IL,THOMASGEORGE,8159374455,2,1790354769; 1932600459,150802; 178532
same_name_state_authorized_official_phone,BOURGETHEALTHSERVICESINC,WA,KURTROGERS,5097558600,2,1023253374; 1033117338,4635; 5806
same_name_state_authorized_official_phone,BOWLINGGREENWARRENCOUNTYCOMMUNITYHOSPITALCORPORATION,KY,MICHELELAWLESS,2707802650,2,1194736603; 1649126848,36915; 122146
same_name_state_authorized_official_phone,BPLPAPHARMACYCORPORATION,CA,GEORGEIBRAHIM,9098774224,2,1043314099; 1346605706,8224; 65987
same_name_state_authorized_official_phone,BRADENPARTNERSLP,CA,YEHOSHUAPARNES,6616656040,2,1093731010; 1205894706,18167; 39245
same_name_state_authorized_official_phone,BRADSHAWSLEEPSOLUTIONSLLC,MO,JOSEPHBRADSHAW,6025387474,2,1275274722; 1316684236,51445; 60166
same_name_state_authorized_official_phone,BRANDYWINEPODIATRYPA,DE,CHRISTOPHERSAVAGE,3023781022,3,1083255392; 1346980463; 1902279623,15528; 66515; 171949
same_name_state_authorized_official_phone,BRANDYWINEPODIATRYPA,DE,CHRISTOPHERSAVAGE,3026581129,2,1134269491; 1699266387,25400; 131838
same_name_state_authorized_official_phone,BRAYPHARMACYINC,KY,AARONMCINTOSH,5022232827,2,1134335201; 1184600280,25574; 34740
same_name_state_authorized_official_phone,BREATHERITEMEDICALANDSURGICALEQUIPMENTLLC,NJ,HEMANGRAVAL,6093942770,2,1134443450; 1508966631,25775; 97095
same_name_state_authorized_official_phone,BREATHOFLIFEO2LLC,IN,JOHNNAUYOKAS,3178963048,2,1366861536; 1609013747,70243; 114369
same_name_state_authorized_official_phone,BRENHAMCLINICASSN,TX,GRACIESLATTERY,9798366153,3,1760496442; 1760526370; 1932115318,145374; 145486; 177316
same_name_state_authorized_official_phone,BRETTHAVENINC,TN,RACHELCROSS,9315373211,2,1063743904; 1174845861,12819; 33692
same_name_state_authorized_official_phone,BREVARDHEALTHALLIANCEINC,FL,ANGELACRAIG,3212416800,4,1194589341; 1285111732; 1508735150; 1740167048,36696; 53255; 96445; 141053
same_name_state_authorized_official_phone,BREWERDRUGSINC,MO,SUSANMARSHALL,5736493923,2,1306032404; 1891838959,57001; 170915
same_name_state_authorized_official_phone,BREWERHEALTH,KY,DREWBREWER,8599000330,2,1508440512; 1841864790,96117; 161541
same_name_state_authorized_official_phone,BREWTONMEDICALCENTERPHARMACYPC,AL,CHARLESCOTTRELL,2518675454,2,1265639348; 1396151924,50454; 74602
same_name_state_authorized_official_phone,BRIANDWITTENBERGMDPC,MI,BRIANWITTENBERG,2313475155,2,1710271218; 1952694010,135893; 182321
same_name_state_authorized_official_phone,BRIANSPAGEDOLLC,AZ,MICHAELVONKOLEN,6234666350,5,1023827250; 1063221299; 1205645447; 1457160699; 1619786845,5526; 11561; 38768; 85984; 117634
same_name_state_authorized_official_phone,BRIDGESTREETPHARMACYINC,NC,RICHARDRIPLEY,3368353131,2,1427194570; 1447209978,80750; 84100
same_name_state_authorized_official_phone,BRIGHTPHARMAINC,NY,RAVICHENNA,7182930040,2,1669504007; 1851543045,126533; 162903
same_name_state_authorized_official_phone,BRISTOLORTHOTICSPROSTHETICSINC,TN,JOSHUAGRAYBEAL,4239684442,2,1033132378; 1437563665,5929; 83311
same_name_state_authorized_official_phone,BRLIGENPATHDIAGNOSTICSINC,TX,GREGORYHENDERSON,2017912600,2,1780135335; 1780983023,148574; 150153
same_name_state_authorized_official_phone,BROADVIEWHEALTHLLC,GA,DHARMESHPATEL,7708847644,2,1497549885; 1982408357,94300; 187244
same_name_state_authorized_official_phone,BROADWAYDRUGCENTERLLC,VA,NELSONSHOWALTER,5408963251,2,1407927197; 1689751836,77803; 130825
same_name_state_authorized_official_phone,BROCKTONHOSPITALINC,MA,CYNTHIACOLBY,5088940399,2,1750236964; 1871448704,143049; 166152
same_name_state_authorized_official_phone,BROGDENCORPORATION,NC,HARRYBROGDEN,3366447058,3,1285861310; 1376866699; 1699734962,54705; 72173; 132475
same_name_state_authorized_official_phone,BROOKFIELDMEDICALSURGICALSUPPLIESINC,CT,JAMESCANGELOSI,2037759040,2,1659465060; 1700173168,124720; 133652
same_name_state_authorized_official_phone,BROOKFORESTDMELLC,TX,PAULMESSER,7138361905,2,1417640574; 1881552362,79369; 168261
same_name_state_authorized_official_phone,BROOKINSINC,NC,GEORGEBROOKINS,7047352556,2,1184914558; 1700164431,35727; 133642
same_name_state_authorized_official_phone,BROOKINSINC,NC,GEORGEBROOKINS,7047427365,2,1043538317; 1710209465,8838; 135772
same_name_state_authorized_official_phone,BROOKLEREGROUPLLC,AL,JOHNBROOKLERE,2056486059,2,1730199282; 1891163275,139424; 169774
same_name_state_authorized_official_phone,BROOKSHIREGROCERYCOMPANY,TX,JIMCOUSINEAU,9035935369,2,1790858025; 1922171495,151707; 175891
same_name_state_authorized_official_phone,BROOKSMEDICALOFMOUNTAINHOMEINC,AR,RHONDAFLOWERS,8704249808,2,1225226988; 1902224843,42325; 171854
same_name_state_authorized_official_phone,BROWNDRUGCOINC,AL,TIMOTHYGIBBS,3348723255,2,1023145935; 1841206570,4364; 160068
same_name_state_authorized_official_phone,BROWNINGSPHARMACYANDHEALTHCAREINC,FL,COLLEENHUNTER,3217256320,6,1114208717; 1194023952; 1356632343; 1366733354; 1841596798; 1922304872,21471; 35929; 67938; 69982; 161138; 176194
same_name_state_authorized_official_phone,BROWNPHARMACYLLC,NC,WILLIAMBROWN,9107630845,2,1740745603; 1992817902,142515; 190050
same_name_state_authorized_official_phone,BROWNSDISCOUNTDRUGS,MS,EUGENEBROWN,6016562272,2,1487852323; 1871503680,93254; 166207
same_name_state_authorized_official_phone,BROWNSPHARMACYLLC,LA,DARLENEBROWN,2254653669,2,1346642329; 1619595584,66047; 117428
same_name_state_authorized_official_phone,BROWNSVILLEFAMILYPHARMACYINC,TX,JUANBENITEZ,9565411112,2,1144425810; 1699940593,27554; 133194
same_name_state_authorized_official_phone,BRUNERSMONETTPHARMACYINC,MO,JOHNBRUNER,4172353139,2,1336285121; 1922089549,63489; 175612
same_name_state_authorized_official_phone,BRYCEHAYES,TX,BRYCEHAYES,9036178800,2,1467300152; 1629926316,88034; 120025
same_name_state_authorized_official_phone,BSAHARRINGTONPHYSICIANSINC,TX,STEPHENPETROVICH,8062124673,2,1578458923; 1932692571,109164; 178667
same_name_state_authorized_official_phone,BSEINC,NC,MARKHESTER,9108633949,2,1659356525; 1992001895,124307; 188604
same_name_state_authorized_official_phone,BSMEDICALSUPPLYINC,NY,BORISSIMON,7183369240,2,1225023625; 1508347824,41559; 95993
same_name_state_authorized_official_phone,BTMEDICALSUPPLIELLC,TX,WILLIAMHOLDEN,9038858700,2,1114329547; 1639586886,21713; 121468
same_name_state_authorized_official_phone,BTORTHOTICLABSINC,NY,KATHRYNBETHEL,6314703778,2,1235291378; 1649940388,44257; 123809
same_name_state_authorized_official_phone,BUCKSCOUNTYORTHOPEDICSPECIALISTSPC,PA,KARENHARTKORN,2153487000,2,1093454720; 1629432356,17762; 119366
same_name_state_authorized_official_phone,BUFFALOCLINICALSERVICESINC,NY,GREGORYNOTARO,7166754133,2,1073243689; 1366487894,13555; 69301
same_name_state_authorized_official_phone,BUFFALOMEDICALGROUPPC,NY,DANIELSCULLY,7166301295,5,1104281195; 1154794196; 1407221963; 1790175362; 1982566782,19552; 29964; 76598; 150536; 187402
same_name_state_authorized_official_phone,BUFFALOWHEELCHAIRINC,FL,STEPHENGRIGGS,2395612424,2,1548668858; 1922330018,104293; 176244
same_name_state_authorized_official_phone,BUFFALOWHEELCHAIRINC,NY,STEPHENGRIGGS,7162060208,2,1255765764; 1396287124,48862; 74810
same_name_state_authorized_official_phone,BUNDYMANAGEMENTINC,MT,VICKEESIEMERS,4063636203,2,1457437402; 1811075666,86641; 154336
same_name_state_authorized_official_phone,BUNDYMANAGEMENTINC,MT,VICKEESIEMERS,4066772424,2,1346328192; 1427134477,65275; 80484
same_name_state_authorized_official_phone,BUNDYMANAGEMENTINC,MT,VICKEESIEMERS,4068830565,2,1265548184; 1386657070,50213; 73256
same_name_state_authorized_official_phone,BUNTESPHARMACYINC,MI,MICHAELVANDEBUNTE,6167724685,2,1720144157; 1770585572,137589; 147364
same_name_state_authorized_official_phone,BURKEPHARMACY,NC,VANCLONTZ,8284375800,2,1306156344; 1619269016,57267; 116898
same_name_state_authorized_official_phone,BURKEPHARMACYINC,NC,HOWARDDUCKWORTH,8284370361,2,1477918423; 1720443773,91409; 138293
same_name_state_authorized_official_phone,BURKEPHARMACYINC,NC,HOWARDDUCKWORTH,8284378025,3,1215256326; 1467780387; 1942318621,40338; 89238; 179661
same_name_state_authorized_official_phone,BURNHAMMCKINNEYPHARMACIESINC,MS,JOHNMCKINNEY,2284753411,2,1700965845; 1770589095,134979; 147376
same_name_state_authorized_official_phone,BURTONSPHARMACYINC,NC,JOSEPHBURTON,3362727139,2,1326290784; 1720123904,61740; 137542
same_name_state_authorized_official_phone,BUTLERCOUNTYCOMMUNITYHEALTHCONSORTIUMINC,OH,STEPHENROLLER,5132178900,4,1073459590; 1750869145; 1871426163; 1891631321,13774; 144535; 166114; 170353
same_name_state_authorized_official_phone,BUTTETHERAPYSYSTEMS,CA,CRAIGMENGHINI,5306715144,2,1871971275; 1962577213,167468; 183899
same_name_state_authorized_official_phone,BUYFORLESSDISCOUNTPHARMACY,OK,DARRELLWOODSON,5802480300,2,1548487770; 1619033982,103972; 116296
same_name_state_authorized_official_phone,BUYRITEDRUGSINC,AL,MICHAELSTRICKLAND,2567735351,2,1700918117; 1942366422,134830; 179790
same_name_state_authorized_official_phone,BWIILLC,NC,LANCEWHEELER,9197726902,2,1235388349; 1801968698,44481; 153968
same_name_state_authorized_official_phone,BWSPORTSPRACTICELLC,AL,WESLEYJAMES,2058772663,3,1144695115; 1225403298; 1447607270,28035; 42651; 85265
same_name_state_authorized_official_phone,BYRAMHEALTHCARECENTERSINC,IL,PERRYBERNOCCHI,6302719041,2,1053366740; 1801103023,10038; 152386
same_name_state_authorized_official_phone,BYRAMHEALTHCARECENTERSINC,WA,PERRYBERNOCCHI,8004563500,2,1609024397; 1609393297,114400; 115023
same_name_state_authorized_official_phone,CADUCEUSPHARMACYLLC,FL,MARILYNMORRISON,9547978077,2,1215945159; 1861409484,41290; 164186
same_name_state_authorized_official_phone,CAKUYKENDALLINC,AR,CHESTERKUYKENDALL,4796672101,3,1346580420; 1538098801; 1740361500,65937; 101107; 141628
same_name_state_authorized_official_phone,CALDWELLDISCOUNTDRUGCOINC,AR,MAXCALDWELL,8702387085,2,1306280771; 1992703243,57500; 189539
same_name_state_authorized_official_phone,CALEBMEDICALSUPPLIESINC,PR,CALEBNEIRA,7872686233,2,1619068053; 1700977147,116417; 135026
same_name_state_authorized_official_phone,CALIFORNIAPACIFICORTHOPAEDICSSPORTSMEDICINE,CA,JULIESOTO,4155922014,3,1134451925; 1730411422; 1841522638,25793; 140042; 160994
same_name_state_authorized_official_phone,CALIFORNIASLEEPSOLUTIONS,CA,SANDIKEMPER,9167890112,3,1003008384; 1386836658; 1780876706,23; 73990; 149969
same_name_state_authorized_official_phone,CAMBRIAPHARMACYLLC,NY,MARIESANON,7184702599,2,1033928411; 1861202111,7491; 163904
same_name_state_authorized_official_phone,CAMDENONGAULEYMEDICALCENTERINC,WV,JUDITHHAMRICK,3042265725,2,1780724633; 1871633727,149481; 166638
same_name_state_authorized_official_phone,CAMMACKSPHARMACIESINC,WA,JOSEPHCAMMACK,3604524200,2,1427062256; 1548205776,80106; 103102
same_name_state_authorized_official_phone,CAMPBELLCLINICPC,MS,DANIELSHUMATE,9017593100,3,1386829307; 1396639787; 1689568073,73972; 75200; 130276
same_name_state_authorized_official_phone,CAMPBELLCLINICPC,TN,DANIELSHUMATE,4238446450,3,1104711514; 1487549895; 1730074154,20029; 92320; 139063
same_name_state_authorized_official_phone,CAMPBELLCLINICPC,TN,DANIELSHUMATE,9017593100,8,1164317368; 1194619734; 1376720714; 1407740822; 1619152642; 1669366290; 1710871199; 1902081938,30562; 36735; 71894; 77287; 116675; 126137; 136732; 171566
same_name_state_authorized_official_phone,CAMPBELLCLINICPC,TN,DANIELSHUMATE,9315269518,8,1245128214; 1265326664; 1467346858; 1497649891; 1598659997; 1669366068; 1861386260; 1992693964,45493; 49514; 88091; 94406; 113318; 126136; 164107; 189523
same_name_state_authorized_official_phone,CAMPBELLDRUGINCORPORATED,OK,MAURYCAMPBELL,4057073005,2,1144227166; 1568758555,26782; 108155
same_name_state_authorized_official_phone,CANCERCARESPECIALISTSOFCENTRALILLINOISSC,IL,PERRYGUAGLIANONE,2173293239,2,1356874093; 1497406219,68369; 94151
same_name_state_authorized_official_phone,CANCERSPECIALISTSLLC,FL,ROBERTPHELAN,9045192720,2,1851656607; 1891366423,163146; 170067
same_name_state_authorized_official_phone,CANCOMMUNITYHEALTHINC,FL,HANSILKALARIA,8443706204,3,1093213662; 1538600424; 1912448895,17451; 102441; 174363
same_name_state_authorized_official_phone,CANDLERPHARMACYPC,GA,JOHNBOWEN,9126852000,2,1093809964; 1568533446,18453; 107539
same_name_state_authorized_official_phone,CANDLEWOODPHARMACYLC,KS,AMYHELLERICH,7857764100,2,1740274596; 1770684557,141342; 147712
same_name_state_authorized_official_phone,CANNONDRUGCO,NC,WILLIAMCANNON,8284335120,2,1285732412; 1598135568,54334; 112650
same_name_state_authorized_official_phone,CANTONDISCOUNTDRUGSINC,MS,SHERRYSTRONG,6018593827,2,1629117189; 1760493951,118557; 145368
same_name_state_authorized_official_phone,CANYONLANDSMEDICALLC,UT,DARNELSON,8013936333,2,1497734362; 1689846289,94512; 131133
same_name_state_authorized_official_phone,CANYONPAINANDSPINE,AZ,KIRKBOWDEN,4805615000,6,1144076829; 1235903709; 1467292938; 1801574785; 1821873944; 1962180844,26604; 45236; 88028; 153142; 157788; 182980
same_name_state_authorized_official_phone,CAPECODORTHOPEDICSANDSPORTSMEDICINEPC,MA,CASEYALEMAO,5087758282,2,1346059763; 1528877941,64681; 100888
same_name_state_authorized_official_phone,CAPEFEARORTHOTICSPROSTHETICSINC,NC,DIMITRISLEEM,9104830933,2,1033309158; 1437110905,6553; 82032
same_name_state_authorized_official_phone,CAPEMEDICALSUPPLYINC,MA,GARYSHEEHAN,8003393322,2,1184177834; 1497063630,34290; 93642
same_name_state_authorized_official_phone,CAPEMEDICALSUPPLYLLC,MA,WENDYRUSSALESI,8003393322,2,1003586645; 1316617830,923; 60088
same_name_state_authorized_official_phone,CAPITALDRUGSINC,FL,CARLOSGARCIA,3053645295,2,1275962326; 1306132998,52965; 57207
same_name_state_authorized_official_phone,CAPITALMEDICALANDSURGICALINC,FL,HOWARDMILLER,8509420198,2,1255380168; 1700741147,47942; 134387
same_name_state_authorized_official_phone,CAPITOLCITYPOWERCHAIRSINC,CA,FIONAMESKELL,9164271379,2,1629147145; 1710913694,118644; 136835
same_name_state_authorized_official_phone,CAPITOLMEDICALSUPPLYINC,CO,YIMAJKALIFA,7192087573,2,1003461237; 1285197111,785; 53392
same_name_state_authorized_official_phone,CAPSTONEHMEOFFLORIDAINC,FL,JUSTINBRANCH,7724460870,2,1174381313; 1982159109,32523; 186928
same_name_state_authorized_official_phone,CAPSULEPHILADELPHIALLC,PA,ERICKINARIWALA,2158678777,2,1669073375; 1962048678,125842; 182843
same_name_state_authorized_official_phone,CAPTIONMAXMEDICALLLC,IN,UNKNOWNNAZEERAHMEDSHARJEEL,6019073796,2,1114861614; 1679417547,22374; 128177
same_name_state_authorized_official_phone,CARDINALHEALTHSUPPLIESLLC,FL,VAMSIKRISHNAADDAGARLA,8032323151,2,1225956063; 1518885359,43345; 98741
same_name_state_authorized_official_phone,CARDIOSOMLLC,FL,JAYJARRELL,8008681920,2,1093781015; 1750523676,18376; 143886
same_name_state_authorized_official_phone,CARDIOSOMLLC,IN,JAYJARRELL,8008681920,2,1285875732; 1932373222,54741; 178106
same_name_state_authorized_official_phone,CARECONNECTS,PA,PATRICIAGATTER,8669752229,2,1790101210; 1902233364,150428; 171873
same_name_state_authorized_official_phone,CAREFASTPHARMACYINC,NY,ARIEBOLSHEM,7189754464,2,1215728951; 1710315957,40982; 136007
same_name_state_authorized_official_phone,CAREFILLLTCINC,PA,BRETTONWALBERG,7245886337,3,1013420835; 1033620604; 1376492470,2876; 7107; 71058
same_name_state_authorized_official_phone,CAREFIRSTMEDICALLLC,AZ,RAFAEAHMEDAKHTAR,7083346353,2,1790506285; 1841087087,150985; 159911
same_name_state_authorized_official_phone,CAREFIRSTPHARMACYTULSAINC,OK,THOMASMARTI,9189406767,2,1003382060; 1508221854,685; 95792
same_name_state_authorized_official_phone,CAREFLUENTCONNECTLLC,TN,RACHELMAZUR,6153223010,2,1134737562; 1619585072,26260; 117417
same_name_state_authorized_official_phone,CARELINCMEDICALEQUIPMENTSUPPLYCOLLC,MI,MICHAELDAMSTRA,6162492273,3,1063341469; 1922557081; 1982303426,11677; 176653; 187121
same_name_state_authorized_official_phone,CARELINCMEDICALEQUIPMENTSUPPLYCOLLC,MI,MICHAELDAMSTRA,9895766190,2,1518563147; 1659977270,98417; 125716
same_name_state_authorized_official_phone,CARELINCMEDICALEQUIPMENTSUPPLYCOLLC,MI,MIKEDAMSTRA,6162492273,2,1003834946; 1821008392,1284; 156077
same_name_state_authorized_official_phone,CARELINCMEDICALEQUIPMENTSUPPLYCOLLC,NC,MICHAELDAMSTRA,8888105462,2,1336946250; 1588461404,64562; 111168
same_name_state_authorized_official_phone,CAREMAXMEDICALRESOURCESLLC,CO,BRYANTMOSHANG,3036628383,2,1235338211; 1649284621,44375; 122433
same_name_state_authorized_official_phone,CAREMAXPHARMACYOFLOUDONINC,TN,AMYMULDERRY,8655401002,2,1497439715; 1811030331,94189; 154208
same_name_state_authorized_official_phone,CAREONEMEDICALEQUIPMENTANDSUPPLIESINC,MI,PEGGYRAHAL,8774882273,2,1174553804; 1972231629,32890; 185019
same_name_state_authorized_official_phone,CAREPARTNERSPHARMACYLLC,IL,KAMYARGHAZVINI,2242941199,2,1104519404; 1619536240,19850; 117353
same_name_state_authorized_official_phone,CAREPHARMACYINC,CA,SYUZANNASTEPANYAN,8182424158,2,1902590045; 1922540392,172349; 176627
same_name_state_authorized_official_phone,CAREPLUSVENTURESINC,CA,ELHAMSAVOJI,8183435100,2,1356169023; 1578364998,66720; 109066
same_name_state_authorized_official_phone,CAREPOINTLABLLC,TX,SYEDHAIDER,9726320223,2,1205787637; 1750265567,38879; 143083
same_name_state_authorized_official_phone,CARERESOURCECOMMUNITYHEALTHCENTERSINC,FL,STEVENSANTIAGO,7866071040,3,1427815182; 1609400415; 1770376253,81708; 115043; 146964
same_name_state_authorized_official_phone,CARESTLHEALTH,MO,ANGELACLABON,3143675820,2,1245372499; 1932378551,46237; 178118
same_name_state_authorized_official_phone,CAREVIBELLC,TX,SYEDMOHAMMEDHUSSAIN,4698801157,2,1083401376; 1730913880,15684; 140789
same_name_state_authorized_official_phone,CARIBEPHARMACYMANAGEMENTLLC,PR,JORGEVARGAS,7877877733,2,1275424319; 1750953808,51580; 144645
same_name_state_authorized_official_phone,CARILIONGILESCOMMUNITYHOSPITAL,VA,ELEANORPRESCOTT,5405106200,2,1083425847; 1427869262,15710; 81754
same_name_state_authorized_official_phone,CARILIONHEALTHCARECORPORATION,VA,NICOLEGRISETTI,5405106200,4,1336950187; 1407667256; 1598576357; 1619788460,64566; 77203; 113235; 117637
same_name_state_authorized_official_phone,CARILIONHEALTHCARECORPORATION,VA,NICOLEGRISETTI,8775443770,2,1245041094; 1629889472,45392; 119977
same_name_state_authorized_official_phone,CARILIONMEDICALCENTER,VA,ELEANORPRESCOTT,5405106200,2,1073324810; 1154132280,13648; 28482
same_name_state_authorized_official_phone,CARINGSOLUTIONSINC,OH,MICHAELSEMON,4196833502,2,1952432338; 1992752711,181729; 189827
same_name_state_authorized_official_phone,CARISMPIINC,AZ,LUKEPOWER,8889798669,2,1013973866; 1225872658,3761; 43267
same_name_state_authorized_official_phone,CARLASTAGGS,TN,CARLASTAGGS,9317249197,2,1285747527; 1629438445,54452; 119379
same_name_state_authorized_official_phone,CARLDACQUAVIVA,FL,CARLACQUAVIVA,3217257188,2,1013928514; 1528203775,3553; 99873
same_name_state_authorized_official_phone,CARLECLINICASSOCIATIONPC,IL,KIRKMOBERG,2173261220,2,1003947557; 1164552113,1681; 31198
same_name_state_authorized_official_phone,CARLECLINICASSOCIATIONPC,IL,KIRKMOBERG,2173836555,2,1154523934; 1649466186,29469; 123094
same_name_state_authorized_official_phone,CARLEFOUNDATIONPHYSICIANSERVICESLLC,IL,JAMESLEONARD,2173836792,2,1225330806; 1265734800,42503; 50631
same_name_state_authorized_official_phone,CARLEHEALTHCAREINCORPORATED,IL,JAMESLEONARD,2172585900,2,1124320700; 1710398383,23788; 136165
same_name_state_authorized_official_phone,CARLEHEALTHCAREINCORPORATED,IL,JOHNSNYDER,2173261330,2,1417279944; 1851615926,78848; 163064
same_name_state_authorized_official_phone,CARLEHEALTHCAREINCORPORATED,IL,JOHNSNYDER,2174317600,2,1306160478; 1730401266,57274; 140020
same_name_state_authorized_official_phone,CARLIECSOFCLIFFDALELLC,NC,LIBBYWILLIS,9108268942,2,1477880185; 1851790984,91338; 163381
same_name_state_authorized_official_phone,CARMICHAELSCASHWAYPHARMACYINC,LA,ANGELBARRON,3372340085,2,1104971381; 1679682686,20777; 128933
same_name_state_authorized_official_phone,CARMICHAELSCASHWAYPHARMACYINC,LA,ANGELBARRON,3377837200,2,1033267901; 1194969089,6408; 37681
same_name_state_authorized_official_phone,CAROLINAAPOTHECARYINC,NC,CHARLESBRITT,3363420071,2,1144450933; 1740278167,27582; 141349
same_name_state_authorized_official_phone,CAROLINAAPOTHECARYINC,NC,CHARLESBRITT,3363498221,2,1669552303; 1811345770,126685; 154981
same_name_state_authorized_official_phone,CAROLINAFAMILYPHARMACYINC,NC,JOHNCALHOUN,9104846100,2,1326183922; 1730248733,61505; 139571
same_name_state_authorized_official_phone,CAROLINAMEDICALSPECIALTIESINC,NC,DIMITRISLEEM,9104520999,2,1083746655; 1467650440,16467; 88984
same_name_state_authorized_official_phone,CAROLINAOUTREACHLLC,NC,ROBDAVIS,9192519001,2,1043625353; 1427456524,8982; 81265
same_name_state_authorized_official_phone,CAROLINAPODIATRYGROUPINC,SC,BRANDONPERCIVAL,8032851411,2,1194902890; 1528246311,37562; 99984
same_name_state_authorized_official_phone,CAROLINASHOMETOWNRESPIRATORYLLC,NC,DAVIDDINNING,8888770202,5,1033976519; 1174096911; 1356890214; 1568935401; 1649743584,7552; 32225; 68396; 108471; 123552
same_name_state_authorized_official_phone,CAROLSSPECIALTYSHOPPE,PA,CAROLMAURER,7172735055,2,1609060979; 1881871077,114507; 169217
same_name_state_authorized_official_phone,CARRGOTTSTEINFOODSCO,AK,KATHYGIANNAKOPOULOS,9072246960,2,1699385443; 1942229976,132021; 179352
same_name_state_authorized_official_phone,CARRGOTTSTEINFOODSCO,AK,KATHYGIANNAKOPOULOS,9072261060,2,1508476359; 1912936956,96156; 175080
same_name_state_authorized_official_phone,CARRGOTTSTEINFOODSCO,AK,KATHYGIANNAKOPOULOS,9072281960,2,1336759182; 1477582419,64364; 90511
same_name_state_authorized_official_phone,CARRGOTTSTEINFOODSCO,AK,KATHYGIANNAKOPOULOS,9072836360,2,1013946052; 1316557168,3660; 60006
same_name_state_authorized_official_phone,CARRGOTTSTEINFOODSCO,AK,KATHYGIANNAKOPOULOS,9073390560,2,1013527852; 1578592515,3027; 109534
same_name_state_authorized_official_phone,CARRGOTTSTEINFOODSCO,AK,KATHYGIANNAKOPOULOS,9073390660,2,1124638416; 1265084933,24301; 49281
same_name_state_authorized_official_phone,CARRGOTTSTEINFOODSCO,AK,KATHYGIANNAKOPOULOS,9073390960,2,1053921809; 1104855147,11238; 20374
same_name_state_authorized_official_phone,CARRGOTTSTEINFOODSCO,AK,KATHYGIANNAKOPOULOS,9073391260,2,1689284432; 1740219781,129935; 141187
same_name_state_authorized_official_phone,CARRGOTTSTEINFOODSCO,AK,KATHYGIANNAKOPOULOS,9073391360,2,1225648074; 1659300697,43015; 124154
same_name_state_authorized_official_phone,CARRGOTTSTEINFOODSCO,AK,KATHYGIANNAKOPOULOS,9073391760,2,1144830993; 1588695399,28207; 111635
same_name_state_authorized_official_phone,CARRGOTTSTEINFOODSCO,AK,KATHYGIANNAKOPOULOS,9073397792,2,1205214343; 1740493451,38190; 142067
same_name_state_authorized_official_phone,CARRGOTTSTEINFOODSCO,AK,KATHYGIANNAKOPOULOS,9073521160,2,1184234189; 1831128875,34349; 158149
same_name_state_authorized_official_phone,CARRGOTTSTEINFOODSCO,AK,KATHYGIANNAKOPOULOS,9074902760,2,1194754135; 1790395549,37026; 150849
same_name_state_authorized_official_phone,CARRGOTTSTEINFOODSCO,AK,KATHYGIANNAKOPOULOS,9075232060,2,1386673325; 1982214730,73382; 187006
same_name_state_authorized_official_phone,CARRISHEALTHLLC,MN,MICHAELBLAIR,3206933233,2,1164064911; 1578105219,30336; 108756
same_name_state_authorized_official_phone,CARROLLTONORTHOPAEDICCLINICPC,GA,JAMESGILBERT,7277550693,3,1033579230; 1043670243; 1912367111,7061; 9061; 174212
same_name_state_authorized_official_phone,CARTERORTHOPEDICSLTD,PA,JOSEPHCARTER,8144555383,3,1528053378; 1528055092; 1881681351,99261; 99264; 168633
same_name_state_authorized_official_phone,CASCADENORTHWESTSERVICESLLC,WA,BRETTKINNEY,3603227626,2,1386394161; 1609465111,72917; 115116
same_name_state_authorized_official_phone,CASHDISCOUNTDRUGSTOREINC,SC,JAMESHODGES,8435633034,2,1295901452; 1710020714,56693; 135211
same_name_state_authorized_official_phone,CASMEDICALSUPPLYINC,FL,DEANNAALVAREZBARONE,9416251600,2,1053585117; 1205838000,10640; 38978
same_name_state_authorized_official_phone,CASPIANCARESOLUTIONSINC,CA,MEHDISALAVATI,8184443456,2,1184599706; 1245241744,34738; 45642
same_name_state_authorized_official_phone,CASTLEHILLSPHARMACYLLC,TX,MICHAELWARD,3615756328,2,1346480720; 1669518783,65754; 126576
same_name_state_authorized_official_phone,CASTLEMEDICALLLC,GA,SCOTTDAMRON,6784867340,2,1235431289; 1679970248,44548; 129470
same_name_state_authorized_official_phone,CASTLEROCKSPECIALHOSPITALDISTRICT,WY,SUSANBYBEE,3078724500,2,1023164068; 1043366081,4411; 8421
same_name_state_authorized_official_phone,CATCHINGSPRESCRIPTIONSLTD,TX,JOHNWILSON,8063552924,2,1457494353; 1629111315,86862; 118542
same_name_state_authorized_official_phone,CATHETERSAFETYPRODUCTLLC,TX,ANTONIOVOLPICELLI,2147185644,3,1396150124; 1447658679; 1851782031,74596; 85354; 163364
same_name_state_authorized_official_phone,CATHOLICHEALTHINITIATIVESCOLORADO,CO,BRIANMORGANFIELD,3034262360,2,1467955427; 1831692896,89527; 159486
same_name_state_authorized_official_phone,CATHOLICMEDICALCENTER,NH,ROBERTAPROVENCAL,6036635362,2,1750627881; 1871930834,144102; 167409
same_name_state_authorized_official_phone,CBFMCINC,AR,KENNETHSAMPLE,8709320150,3,1013201235; 1669766887; 1982998738,2470; 127270; 188598
same_name_state_authorized_official_phone,CBSMEDICALSUPPLIESLLC,TX,ADRIENNESIERRA,2814195530,2,1609542992; 1639892037,115211; 121912
same_name_state_authorized_official_phone,CCCPHARMACYLLC,LA,KEVINROBICHAUX,3184458770,2,1205155744; 1467755264,38088; 89185
same_name_state_authorized_official_phone,CDCARDENASMDPA,TX,CHARLESCARDENAS,3612410324,2,1629284120; 1992919005,119090; 190351
same_name_state_authorized_official_phone,CEDARVALLEYMEDICALSPECIALISTSPC,IA,VINAYKANTAMNENI,3198335381,2,1083105779; 1609127737,15321; 114637
same_name_state_authorized_official_phone,CEDARVALLEYMEDICALSPECIALISTSPC,IA,VINAYKANTAMNENI,3198598139,2,1750336491; 1992759328,143270; 189844
same_name_state_authorized_official_phone,CENTERFORINDEPENDENTREHABILITATIVESERVICESINC,CA,EDDIEROGERS,2095491000,2,1598701427; 1740219336,113358; 141183
same_name_state_authorized_official_phone,CENTERFORINDEPENDENTREHABILITATIVESERVICESINC,CA,JENNIFERCREE,2098458231,2,1720014210; 1932502184,137205; 178372
same_name_state_authorized_official_phone,CENTERFORINTERVENTIONALPAINSPINELLC,DE,STEFANIEPAULUS,8443657246,3,1710468129; 1760963177; 1871074278,136293; 146458; 165735
same_name_state_authorized_official_phone,CENTERFORINTERVENTIONALPAINSPINELLC,PA,STEFANIEPAULUS,8443657246,7,1003361908; 1023599438; 1205317617; 1619320553; 1760835839; 1821579236; 1942807391,658; 5281; 38381; 116997; 146237; 157468; 180659
same_name_state_authorized_official_phone,CENTERFORMEDICALGENETICSPLLC,TX,KATHERINETHOMPSON,7137901990,2,1033109020; 1447566500,5789; 85167
same_name_state_authorized_official_phone,CENTERFORORTHOPEDICRESEARCHANDEDUCATIONINC,AZ,DAVIDJACOFSKY,6235375600,4,1013117845; 1053560243; 1346548633; 1548460371,2289; 10590; 65876; 103932
same_name_state_authorized_official_phone,CENTERFORORTHOPEDICRESEARCHANDEDUCATIONINC,AZ,DAVIDJACOFSKY,8669742673,5,1558717447; 1659708451; 1740636638; 1811343700; 1912353806,106180; 125316; 142330; 154978; 174191
same_name_state_authorized_official_phone,CENTERFORORTHOPEDICRESEARCHANDEDUCATIONLLC,AZ,DAVIDJACOFSKY,6235375600,3,1144420969; 1851579932; 1861435422,27548; 162978; 164349
same_name_state_authorized_official_phone,CENTERFORORTHOPEDICRESEARCHANDEDUCATIONLLC,AZ,DAVIDJACOFSKY,8669742673,12,1063251056; 1083350995; 1114663986; 1144956376; 1205392792; 1376289140; 1518152073; 1528526290; 1548893365; 1578201562; 1710445481; 1710592357,11594; 15631; 22150; 28329; 38510; 70867; 97711; 100494; 104612; 108867; 136259; 136438
same_name_state_authorized_official_phone,CENTERFORORTHOPEDICSINC,OH,JAMESSIMONE,4403292800,3,1518304286; 1770906216; 1780022103,97993; 148202; 148406
same_name_state_authorized_official_phone,CENTERFORORTHOTICPROSTHETICEXCELLENCELLC,IN,AMITBHANTI,2193650248,2,1275847246; 1346424728,52735; 65633
same_name_state_authorized_official_phone,CENTERFORORTHOTICPROSTHETICEXCELLENCELLC,IN,KENDRAMICKELSON,2193650248,2,1427879428; 1497583348,81767; 94345
same_name_state_authorized_official_phone,CENTERFORPROSTHETICSORTHOTICSINC,WA,DAVIDVARNAU,2063284276,2,1023218831; 1932309747,4582; 177968
same_name_state_authorized_official_phone,CENTERHOMEHEALTHCAREINC,AL,GEORGESHIVER,3343474242,2,1639313018; 1770727414,120951; 147862
same_name_state_authorized_official_phone,CENTERSFORADVANCEDORTHOPAEDICSLLC,MD,NICHOLASGROSSO,2405308188,2,1093516833; 1417736950,17816; 79475
same_name_state_authorized_official_phone,CENTERSFORADVANCEDORTHOPAEDICSLLC,MD,NICHOLASGROSSO,3017740500,2,1134087851; 1225803018,24741; 43185
same_name_state_authorized_official_phone,CENTERSFORADVANCEDORTHOPAEDICSLLC,MD,NICHOLASGROSSO,4103778900,3,1184588584; 1417758293; 1851255624,34718; 79488; 161984
same_name_state_authorized_official_phone,CENTERSFORADVANCEDORTHOPAEDICSLLC,MD,RICHARDROBINSON,4106441880,3,1316371057; 1558600924; 1871017665,59749; 105970; 165644
same_name_state_authorized_official_phone,CENTERSFORFOOTANDANKLECARE,OH,STEPHENFRASCONE,5135637755,2,1013994581; 1740266238,3795; 141325
same_name_state_authorized_official_phone,CENTERSFORFOOTANDANKLESURGERY,IL,THOMASRAPPETTE,6305539300,2,1366916355; 1912549650,70336; 174504
same_name_state_authorized_official_phone,CENTERSFORFOOTANKLECARELLC,OH,STEPHENFRASCONE,5136623900,2,1144204736; 1649255860,26740; 122374
same_name_state_authorized_official_phone,CENTERVILLECLINICSINC,PA,PATRICIAMARTOS,7246326801,2,1619052578; 1811978166,116365; 155968
same_name_state_authorized_official_phone,CENTERWELLPHARMACYINC,FL,SEANLYSINGER,8004862668,2,1295433563; 1306629340,55634; 57925
same_name_state_authorized_official_phone,CENTRACAREMEDICALSUPPLYLLC,MN,MICHAELBLAIR,3207626036,2,1598368755; 1831792993,113004; 159600
same_name_state_authorized_official_phone,CENTRALCITYCLINICPHARMACYINC,KY,RAYMONDGENTRY,2704763600,2,1063553345; 1144483454,12349; 27665
same_name_state_authorized_official_phone,CENTRALCOASTRXINC,CA,ABELAGUILAR,8054609600,2,1689401630; 1700191137,130059; 133695
same_name_state_authorized_official_phone,CENTRALDRUGJMCOINC,PR,JOSSUEGALGUERA,7877839855,2,1609823269; 1932355641,115557; 178064
same_name_state_authorized_official_phone,CENTRALFLORIDAFAMILYHEALTHCENTER,FL,JANELLEDUNN,4073228645,2,1265643241; 1275693202,50462; 52399
same_name_state_authorized_official_phone,CENTRALFLORIDAFAMILYHEALTHCENTERINC,FL,JANELLEDUNN,4073228645,3,1427538610; 1477694826; 1689245839,81379; 90977; 129886
same_name_state_authorized_official_phone,CENTRALFLORIDAHEALTHCAREINC,FL,ANNCLAUSSEN,8662348534,15,1144972431; 1285386565; 1316690530; 1396496154; 1447902739; 1508345224; 1518619816; 1538928965; 1598417883; 1700602638; 1710639091; 1740786532; 1801548185; 1881453215; 1912679523,28346; 53613; 60177; 75071; 85701; 95989; 98497; 102814; 113060; 134236; 136491; 142564; 153112; 168129; 174654
same_name_state_authorized_official_phone,CENTRALFLPHARMACYCORP,FL,QUANLEYOAKUM,4078980055,2,1265875090; 1396171492,50907; 74648
same_name_state_authorized_official_phone,CENTRALHEALTHSERVICESLLC,OK,DONNAHARVEY,4052735208,2,1114964046; 1174565519,22722; 32944
same_name_state_authorized_official_phone,CENTRALKANSASHEALTHEQUIPMENT,KS,SHARONLIND,6207922511,2,1013062264; 1174720361,2119; 33443
same_name_state_authorized_official_phone,CENTRALMEDICALEQUIPMENTINC,MS,BLANCHEGREGORY,6012678335,3,1154354348; 1518130582; 1710069836,28903; 97642; 135362
same_name_state_authorized_official_phone,CENTRALMEDICALEQUIPMENTRENTALSINC,FL,OSVALDODELAPEDRAJA,3054410156,2,1124013420; 1255685665,22842; 48727
same_name_state_authorized_official_phone,CENTRALOKLAHOMAAMERICANINDIANHEALTHCOUNCILINC,OK,ROBYNSUNDAYALLEN,4059484900,2,1780841734; 1811980154,149895; 155971
same_name_state_authorized_official_phone,CENTRALPHARMACYGROUPINC,CA,RAFFIPAPAZIAN,8185029097,2,1871644856; 1912609223,166675; 174560
same_name_state_authorized_official_phone,CENTRALPROSTHETICSORTHOTICSINC,KY,EDGILDEHAUS,8592637712,2,1275628430; 1952536856,52131; 182008
same_name_state_authorized_official_phone,CENTRALTEXASPAINCENTERPLLC,TX,ANGELAOPALAK,8558767246,7,1093693202; 1124906342; 1457239675; 1801774039; 1821976044; 1972481182; 1992683114,18007; 24558; 86070; 153361; 157874; 185279; 189513
same_name_state_authorized_official_phone,CENTRALTEXASPAINCENTERPLLC,TX,DANIELFREDERICK,5124981029,2,1114322930; 1154823201,21694; 30013
same_name_state_authorized_official_phone,CENTRALTEXASPAINCENTERPLLC,TX,DANIELFREDERICK,8558767246,11,1285014431; 1295130912; 1336013200; 1336381813; 1396119178; 1548631666; 1588038368; 1699170423; 1851274914; 1902271935; 1932573714,53071; 55211; 62709; 63703; 74542; 104239; 110624; 131692; 162005; 171934; 178492
same_name_state_authorized_official_phone,CENTRALTEXASPAININSTITUTEPLLC,TX,LORIFULLER,5124857200,2,1235503012; 1942674726,44671; 180441
same_name_state_authorized_official_phone,CENTRALWASHINGTONHEALTHSERVICESASSOCIATION,WA,ANDREWJONES,5096621511,2,1225165509; 1801506027,42138; 153068
same_name_state_authorized_official_phone,CENTRODESALUDDELACOMUNIDADDESANYSIDROINC,CA,KEVINMATTSON,6196624100,3,1063133015; 1467536326; 1952429821,11461; 88643; 181725
same_name_state_authorized_official_phone,CENTRODESALUDDELACOMUNIDADDESANYSIDROINC,CA,WILLIAMWALLACE,6196624100,2,1205405123; 1396627865,38522; 75190
same_name_state_authorized_official_phone,CENTRODESALUDDELARESINC,PR,DAMARISRODRIGUEZ,7878972727,2,1639326937; 1710810320,120986; 136655
same_name_state_authorized_official_phone,CENTROSERVICIOSPRIMARIOSDESALUDDEPATILLASINC,PR,ALEXANDERHUERTAS,7878394320,2,1518408988; 1639207681,98186; 120563
same_name_state_authorized_official_phone,CENTURYPHARMACYINC,CA,JOSEPHAMIN,3104731568,2,1073978458; 1851441166,15132; 162548
same_name_state_authorized_official_phone,CERTIFIEDPROSTHETICSORTHOTICSLLC,CO,CASEYBRADSHAW,9703562123,2,1306041306; 1326599812,57019; 62275
same_name_state_authorized_official_phone,CGHMEDICALCENTER,IL,PAULSTEINKE,8156254790,2,1720105448; 1811014525,137505; 154177
same_name_state_authorized_official_phone,CGPHARMACYLLC,GA,JOSHUAMORGAN,7704758903,2,1588021430; 1891585840,110588; 170311
same_name_state_authorized_official_phone,CHAMBERSDRUGINC,AR,RONALDLUKAS,5019822117,2,1013050475; 1205823002,2085; 38940
same_name_state_authorized_official_phone,CHAMBERSRXLLC,PA,ROBERTNORRIS,7172630747,2,1912256215; 1932214970,174016; 177703
same_name_state_authorized_official_phone,CHARITONHEALTHSYSTEMSINC,MO,GREGSPEISER,6608868837,2,1023465929; 1902357304,5080; 172085
same_name_state_authorized_official_phone,CHARLESTONBRACECOMPANYLLC,SC,NATHANIELJACKSON,8438710600,3,1407165178; 1659591550; 1720171929,76500; 125088; 137687
same_name_state_authorized_official_phone,CHARLESTONHANDTHERAPYCENTER,SC,ELIZABETHDEHERDER,8437666494,3,1548089139; 1578907457; 1629584545,102974; 110388; 119607
same_name_state_authorized_official_phone,CHEMIQUEPHARMACEUTICALSINC,CA,PHILMILLMAN,5626980921,2,1740336148; 1790830115,141538; 151615
same_name_state_authorized_official_phone,CHENANGOMEMORIALHOSPITALINC,NY,DRAKELAMEN,6073374111,2,1275292633; 1437818622,51464; 83692
same_name_state_authorized_official_phone,CHENETCOSMETICANDFAMILYDENTISTRYPC,PA,NICOLECHENET,4123670367,3,1497682694; 1710745153; 1790077949,94420; 136590; 150377
same_name_state_authorized_official_phone,CHESAPEAKEDERMATOPATHOLOGYDERMATOLOGYPC,VA,EVANFARMER,7574392366,2,1457311045; 1619937281,86149; 117889
same_name_state_authorized_official_phone,CHESAPEAKEUROLOGYASSOCIATESPA,MD,SANFORDSIEGEL,4105811600,3,1225233315; 1447456181; 1477759124,42335; 84969; 91132
same_name_state_authorized_official_phone,CHESAPEAKEUROLOGYASSOCIATESPA,MD,SANFORDSIEGEL,4107609400,2,1083810733; 1285839381,16681; 54673
same_name_state_authorized_official_phone,CHESAPEAKEUROLOGYASSOCIATESPA,MD,SANFORDSIEGEL,4108761633,3,1265637359; 1306042064; 1649467788,50447; 57020; 123100
same_name_state_authorized_official_phone,CHETJOHNSONDRUGSINC,WI,MATTHEWJOHNSON,7152688121,2,1043938202; 1184711087,9371; 35148
same_name_state_authorized_official_phone,CHILDHEALTHSYSTEMSINC,FL,HUONGTRAN,8138800220,2,1275666471; 1700919917,52309; 134833
same_name_state_authorized_official_phone,CHILDRENSHEALTHCARE,MN,CHESTEVIAGIBSON,6128137290,4,1063659183; 1164122065; 1538792353; 1558061465,12631; 30384; 102674; 104799
same_name_state_authorized_official_phone,CHILDRENSHEALTHCARE,MN,WILLIAMBUNZLI,6512206963,2,1447883269; 1700979861,85682; 135037
same_name_state_authorized_official_phone,CHILDRENSHEALTHSYSTEMOFTEXAS,TX,ROBERTFRIES,2144560641,2,1124998562; 1881830602,24655; 169098
same_name_state_authorized_official_phone,CHILDRENSHOMEHEALTHCARE,NE,CHANDACHACON,4029557777,2,1184996258; 1447522511,35877; 85093
same_name_state_authorized_official_phone,CHILDRENSHOSPITAL,MD,PHILLICIANELSON,2405314400,2,1295566297; 1326878349,55772; 62572
same_name_state_authorized_official_phone,CHILDRENSHOSPITALCOLORADO,CO,LINDAMICHAEL,7193059000,2,1194337493; 1386256444,36431; 72760
same_name_state_authorized_official_phone,CHILDRENSHOSPITALCOLORADO,CO,LINDAMICHAEL,7207771234,3,1740991298; 1851942023; 1881304004,142787; 163614; 167976
same_name_state_authorized_official_phone,CHILDRENSHOSPITALLOSANGELES,CA,MAXLIEBERENZ,3233618839,2,1306274113; 1659552636,57491; 125000
same_name_state_authorized_official_phone,CHILDRENSHOSPITALMEDICALCENTER,OH,JODIANNEBROOMALL,5136364225,3,1346388378; 1366580391; 1831794866,65535; 69661; 159602
same_name_state_authorized_official_phone,CHILDRENSSHOEWORLD,NV,CESARGALINDO,7024575485,2,1306042841; 1831213909,57025; 158403
same_name_state_authorized_official_phone,CHILDRENSTHERAPYCENTER,WA,JONBOTTEN,2538545660,2,1487036893; 1841672250,91635; 161252
same_name_state_authorized_official_phone,CHILDSERVEMEDICALEQUIPMENTSUPPLYINC,IA,RODNEYWILDRICK,5157278750,2,1043351844; 1356482509,8375; 67577
same_name_state_authorized_official_phone,CHINOOKPHARMACYINC,WA,JEFFREYHARRELL,3603742294,2,1063432508; 1861409880,11901; 164192
same_name_state_authorized_official_phone,CHOICEOPLLC,TN,MARTINALTSHULER,8655884256,2,1467744334; 1770817405,89156; 148041
same_name_state_authorized_official_phone,CHOTEAUDRUGINC,MT,FAYEPERSINGER,4064662700,2,1255500740; 1376608216,48347; 71506
same_name_state_authorized_official_phone,CHOUTEAUCOUNTYDISTRICTHOSPITAL,MT,STACYBISEL,4066223331,2,1679757488; 1962536052,129126; 183785
same_name_state_authorized_official_phone,CHRISTCOMMUNITYHEALTHSERVICESINC,TN,TRACYMCDANIEL,7312156900,2,1184415168; 1265225270,34551; 49412
same_name_state_authorized_official_phone,CHRISTUSHEALTHARKLATEX,TX,JASONADAMS,9036142200,2,1467591396; 1851930895,88844; 163596
same_name_state_authorized_official_phone,CHRISTUSTRINITYCLINIC,LA,ROBERTKARL,3187983763,2,1295462596; 1700513017,55671; 134154
same_name_state_authorized_official_phone,CHUNSAPHARMACYINC,CA,SUSANHAM,7147358806,2,1417826595; 1922978667,79565; 177107
same_name_state_authorized_official_phone,CHVHOMEMEDICALEQUIPMENTCOMPANYLLC,OH,JERRYBAUMAN,8005242362,2,1023290293; 1083716484,4720; 16323
same_name_state_authorized_official_phone,CITYDRUGSOFGROVEHILLINC,AL,DALEHARRIS,2512753416,2,1467547562; 1861545964,88671; 164626
same_name_state_authorized_official_phone,CITYPHARMACY,AR,ANDREWHARP,5013746565,2,1669558722; 1841291150,126714; 160361
same_name_state_authorized_official_phone,CKKCINC,PA,MARGARETCONFORTI,7178381300,2,1023866738; 1740349216,5561; 141582
same_name_state_authorized_official_phone,CLARITYTOXICOLOGYLLC,TX,ROBNEVILLE,2145137878,2,1124490313; 1326441049,24097; 62006
same_name_state_authorized_official_phone,CLARKSVILLEMEDICALGROUPPA,AR,LEANNAPERRETT,4797548384,2,1417009374; 1508918467,78107; 96892
same_name_state_authorized_official_phone,CLASSICFITANDFORMSINC,PA,LAURIECHURMA,4122819913,2,1316312093; 1669829156,59628; 127395
same_name_state_authorized_official_phone,CLDINVESTORSLLC,IN,CURTISDUNCAN,3179640711,2,1376077800; 1871004234,70613; 165620
same_name_state_authorized_official_phone,CLDRUGCOMPANYOFCULLMANINC,AL,REXSMITH,2567346013,2,1154481489; 1942750153,29336; 180569
same_name_state_authorized_official_phone,CLEANQUESTLLC,CA,STEFANIMARTIN,7143404690,2,1093392458; 1194201558,17700; 36239
same_name_state_authorized_official_phone,CLEARWATERHEALTHRESOURCESINC,MO,JULIAGRONSKI,5732234235,2,1376524959; 1689831505,71120; 131102
same_name_state_authorized_official_phone,CLEVELANDCLINICFOUNDATION,OH,DANIELMEDVE,8002232273,12,1205932787; 1306973508; 1326144890; 1437255346; 1447455233; 1497932289; 1588760086; 1598864936; 1669578134; 1700976909; 1801992391; 1942405741,39400; 58750; 61347; 82578; 84966; 95241; 111850; 113975; 126836; 135023; 154060; 179917
same_name_state_authorized_official_phone,CLEVELANDSHOULDERINSTITUTELLC,OH,REUBENGOBEZIE,4409952767,3,1316305774; 1689032047; 1942668306,59619; 129587; 180429
same_name_state_authorized_official_phone,CLEVERDRUGSLLC,CA,HITESHKUMARRAJYAGURU,7606501723,2,1114817830; 1598565806,22339; 113225
same_name_state_authorized_official_phone,CLINICALASSOCIATESPA,MD,JEWELWATSON,4108339353,2,1528900578; 1770428351,100913; 147016
same_name_state_authorized_official_phone,CLINICALMEDICALSERVICESINC,PR,LINDAMENDEZ,7876202900,2,1225441629; 1659363158,42712; 124329
same_name_state_authorized_official_phone,CLINICALREFERENCELABORATORYINC,KS,TIMSOTOS,9134923652,4,1083933964; 1295057370; 1588982599; 1730407743,16942; 55079; 112373; 140033
same_name_state_authorized_official_phone,CLINICALRESEARCHTRIALSOFFLORIDAINC,FL,SADYALPIZAR,8138738102,2,1073889457; 1184005985,14963; 34000
same_name_state_authorized_official_phone,CLINICAYAGUEZINC,PR,CARLOSHUERTAS,7878328444,2,1326681065; 1689851040,62353; 131140
same_name_state_authorized_official_phone,CLINICAYAGUEZINC,PR,CARLOSHUERTAS,7878328445,2,1619428067; 1902366651,117185; 172100
same_name_state_authorized_official_phone,CLINICDRUGOFSEARCYINC,AR,DEBORATUCKER,5012685811,2,1538273503; 1952556995,101764; 182046
same_name_state_authorized_official_phone,CLINIXPLUSPHARMACYLLC,NY,NABEELASHFAQ,5164422046,2,1225772627; 1821675588,43139; 157585
same_name_state_authorized_official_phone,CLINKSCALESDRUGSINC,SC,EUGENECLINKSCALES,8643388217,2,1346542396; 1841271525,65863; 160318
same_name_state_authorized_official_phone,CLOUDCOUNTYHEALTHCENTERINC,KS,JOELWRIGHT,8062427782,2,1104773092; 1437001195,20075; 81895
same_name_state_authorized_official_phone,CMLCHICAGOMARKETLABSINC,IL,CAROLBAILEY,7087830737,2,1114087178; 1205839115,21192; 38980
same_name_state_authorized_official_phone,CNYSPINEANDPAINMEDICINELLC,NY,DENNYBATTISTA,3154515400,2,1467172734; 1629653647,87900; 119707
same_name_state_authorized_official_phone,COACHSRXINC,TX,RAQUELLOPEZ,9565142420,2,1619188448; 1790845683,116755; 151673
same_name_state_authorized_official_phone,COASTALCAREPHARMACYALABASTER,AL,CHARLESSHIRLEY,2056218407,2,1437783495; 1457919151,83645; 87598
same_name_state_authorized_official_phone,COASTALCAREPHARMACYINC,NC,FLETCHERJOHNSTON,2527260279,2,1730194333; 1972894145,139367; 186461
same_name_state_authorized_official_phone,COASTALORTHOPEDICCENTER,FL,JOSEPHPERRETTA,7728719200,2,1407098130; 1972745743,76376; 186157
same_name_state_authorized_official_phone,COASTALPROSTHETICSANDORTHOTICSLLC,VA,BRITTANYSIVERD,7578925300,2,1386270643; 1437605003,72780; 83388
same_name_state_authorized_official_phone,COBATOXICOLOGYLLC,TX,ANABELGALINDO,2813320888,2,1376202143; 1831858364,70773; 159687
same_name_state_authorized_official_phone,COBREVALLEYREGIONALMEDICALCENTER,AZ,NEALJENSEN,9284253261,2,1003213828; 1639384233,429; 121113
same_name_state_authorized_official_phone,COGNIVEXLABSLLC,MI,SAIVIKYATHPERUMALLA,6613450148,2,1255272720; 1811838386,47573; 155586
same_name_state_authorized_official_phone,COHILLURGENTCAREWELLNESSCENTERLLC,PA,IOANNISAPOSTOLIS,7248905292,2,1134937063; 1770391609,26482; 146976
same_name_state_authorized_official_phone,COLDFRONTPHARMACY,UT,LUCASHENDRICKS,8013501674,2,1437573649; 1760808919,83331; 146199
same_name_state_authorized_official_phone,COLEMANBUTLERFTSMITHLLC,AR,MICHAELBUTLER,4797835171,2,1407844855; 1629580147,77427; 119598
same_name_state_authorized_official_phone,COLLABORATIVERX,GA,NAVEEDTHARWANI,4045855445,2,1306346788; 1528761087,57583; 100774
same_name_state_authorized_official_phone,COLLEGEPARKRXLLC,TX,HELIPATEL,9363214011,2,1144152430; 1841211810,26667; 160089
same_name_state_authorized_official_phone,COLLIERHEALTHSERVICESINC,FL,TAMIRAZNOFF,2396583000,3,1457107310; 1962951996; 1972158632,85924; 184673; 184969
same_name_state_authorized_official_phone,COLLOMCARNEYCLINIC,TX,MARYDWIGHT,9036143937,2,1114909223; 1720060494,22436; 137352
same_name_state_authorized_official_phone,COLONIALORTHOPAEDICSINC,VA,JENNIFERBAILEY,8045265888,2,1093929325; 1275940926,18847; 52917
same_name_state_authorized_official_phone,COLONYPHARMACYINC,OH,DENNISNEWSOM,4194731493,4,1083712509; 1205803129; 1801994322; 1962569889,16300; 38902; 154070; 183875
same_name_state_authorized_official_phone,COLORADOHANDTHERAPYLLC,CO,KARLZANDER,3037770424,2,1497070098; 1669797262,93649; 127341
same_name_state_authorized_official_phone,COLORADOHANDTHERAPYLLC,CO,KARLZANDER,3037772393,2,1588989180; 1699090290,112388; 131558
same_name_state_authorized_official_phone,COLORADOPAINEXPERTSLLC,CO,PATRICKHOGAN,9704737900,2,1275275158; 1790437978,51447; 150904
same_name_state_authorized_official_phone,COLORADOSPRINGSORTHOPAEDICGROUP,CO,AUTUMNWULF,7198677335,2,1174789838; 1417957275,33584; 79741
same_name_state_authorized_official_phone,COLUMBIAPARKMEDICALGROUPPA,MN,JOENCONDON,7635725710,5,1497847644; 1558453787; 1609976570; 1700986668; 1942300801,94963; 105570; 116104; 135089; 179547
same_name_state_authorized_official_phone,COLUMBUSBONEJOINTHANDSURGEONSINC,OH,KARLKUMLER,6142284262,2,1023183324; 1417023755,4492; 78153
same_name_state_authorized_official_phone,COLUMBUSORTHOPAEDICGROUPINC,OH,DALEINGRAM,6147591186,3,1346304474; 1538309448; 1851455968,65198; 101882; 162596
same_name_state_authorized_official_phone,COMERIOMEDICALHOSPITALINC,PR,LUISGONZALEZ,7878753136,2,1093843278; 1467486019,18615; 88440
same_name_state_authorized_official_phone,COMFORTCAREMEDICALEQUIPMENTINC,MD,PATRICKCHALMERS,8883581580,2,1467786335; 1730184409,89251; 139340
same_name_state_authorized_official_phone,COMFORTMEDICALSUPPLYLLC,NC,ALBERTDAVYDOV,6463616931,2,1114453289; 1174043822,21933; 32120
same_name_state_authorized_official_phone,COMMERCERXCORPORATION,MS,LESLIEWARRINGTON,6622997741,2,1154170637; 1366276768,28526; 68838
same_name_state_authorized_official_phone,COMMONWEALTHFOOTANDANKLECENTER,KY,STEPHENFRASCONE,5024593338,2,1093097933; 1790538411,17269; 151020
same_name_state_authorized_official_phone,COMMONWEALTHPAINASSOCIATESPLLC,IN,JASONLEWIS,8124767111,4,1619336435; 1659107241; 1841968427; 1881188415,117023; 123963; 161669; 167834
same_name_state_authorized_official_phone,COMMONWEALTHPAINASSOCIATESPLLC,KY,JASONLEWIS,2705063300,2,1619565272; 1881100444,117385; 167696
same_name_state_authorized_official_phone,COMMONWEALTHPAINASSOCIATESPLLC,KY,JASONLEWIS,2707457246,3,1629840905; 1811769193; 1942072228,119935; 155523; 179061
same_name_state_authorized_official_phone,COMMONWEALTHPAINASSOCIATESPLLC,KY,JASONLEWIS,5028557200,5,1003642612; 1134910235; 1194385237; 1780460485; 1982184925,986; 26457; 36487; 148932; 186958
same_name_state_authorized_official_phone,COMMONWEALTHPAINASSOCIATESPLLC,KY,JASONLEWIS,6062608613,2,1124632898; 1447851720,24293; 85649
same_name_state_authorized_official_phone,COMMONWEALTHPAINASSOCIATESPLLC,KY,JASONLEWIS,8124767111,2,1114753720; 1215443874,22258; 40644
same_name_state_authorized_official_phone,COMMONWEALTHPAINASSOCIATESPLLC,KY,JASONLEWIS,8592755229,3,1386124329; 1699255638; 1780190348,72580; 131827; 148637
same_name_state_authorized_official_phone,COMMONWEALTHPAINASSOCIATESPLLC,OH,JASONLEWIS,5134015968,2,1174342729; 1336968981,32488; 64591
same_name_state_authorized_official_phone,COMMUNICAREINC,NY,ROBERTOVITI,2126845125,2,1093993297; 1275653131,19001; 52276
same_name_state_authorized_official_phone,COMMUNITYBRIDGESINC,AZ,JOHNHOGEBOOM,4805073180,2,1760748909; 1932465176,146080; 178306
same_name_state_authorized_official_phone,COMMUNITYBRIDGESINC,AZ,JOHNHOGEBOOM,5204260088,2,1740546985; 1922364157,142169; 176311
same_name_state_authorized_official_phone,COMMUNITYCOUNCILOFIDAHOINC,ID,TROYCOULSON,2084352379,2,1215663802; 1487302527,40910; 92059
same_name_state_authorized_official_phone,COMMUNITYCOUNCILOFIDAHOINC,ID,TROYCOULSON,2084707979,4,1275292161; 1356275796; 1568157030; 1881389393,51462; 66801; 106795; 168065
same_name_state_authorized_official_phone,COMMUNITYDRUGSTORELLC,AZ,JEFFREYGUBERNICK,4805751103,2,1548408230; 1598903296,103828; 114134
same_name_state_authorized_official_phone,COMMUNITYHEALTHASSOCIATIONOFSPOKANE,WA,AARONWILSON,5094448888,10,1174166557; 1174166565; 1235900713; 1275175895; 1316581465; 1407490550; 1528600889; 1598309643; 1831731454; 1871137141,32291; 32292; 45230; 51336; 60041; 77003; 100601; 112952; 159535; 165812
same_name_state_authorized_official_phone,COMMUNITYHEALTHASSOCIATIONOFSPOKANE,WA,AARONWILSON,5095031444,2,1497402234; 1962162669,94143; 182961
same_name_state_authorized_official_phone,COMMUNITYHEALTHCARENETWORKINC,NY,JOELWRIGHT,8443706208,2,1720581697; 1851061279,138544; 161770
same_name_state_authorized_official_phone,COMMUNITYHEALTHCARESOLUTIONSINC,NC,SUNILPERSAD,9195675372,2,1720223761; 1770767113,137891; 147950
same_name_state_authorized_official_phone,COMMUNITYHEALTHCENTEROFPINELLASINC,FL,ELODIEDORSO,7278248181,2,1104420876; 1578046512,19752; 108666
same_name_state_authorized_official_phone,COMMUNITYHEALTHCENTERSINC,FL,MARICRUZNIEVES,4079058827,2,1114880341; 1457088742,22400; 85897
same_name_state_authorized_official_phone,COMMUNITYHEALTHCENTERSOFBURLINGTONINC,VT,JOELWRIGHT,8334461711,2,1659190924; 1720797954,124060; 138784
same_name_state_authorized_official_phone,COMMUNITYHEALTHCENTERSOFGREATERDAYTON,OH,ERICBLAKE,9375869733,2,1013860162; 1093668154,3377; 17974
same_name_state_authorized_official_phone,COMMUNITYHEALTHCENTERSOFPINELLASINC,FL,EDWARDKUCHER,7278248100,2,1467273383; 1548060213,88006; 102951
same_name_state_authorized_official_phone,COMMUNITYHEALTHCLINICSINC,ID,HOLLYHENGGELER,2083181334,2,1316156482; 1487450987,59303; 92232
same_name_state_authorized_official_phone,COMMUNITYHEALTHCLINICSINC,ID,HOLLYHENGGELER,2083181376,3,1124993811; 1336945849; 1770687188,24646; 64560; 147730
same_name_state_authorized_official_phone,COMMUNITYHEALTHCLINICSINC,ID,HOLLYHENGGELER,2083181396,2,1669616272; 1992501498,126966; 189326
same_name_state_authorized_official_phone,COMMUNITYHEALTHCLINICSINC,ID,HOLLYHENGGELER,2087215076,2,1306642814; 1689318602,57939; 129964
same_name_state_authorized_official_phone,COMMUNITYHEALTHCLINICSINC,ID,HOLLYHENGGELER,2088964150,2,1114123304; 1356149694,21304; 66700
same_name_state_authorized_official_phone,COMMUNITYHEALTHCLINICSINC,ID,HOLLYHENGGELER,2089328992,2,1043794001; 1801692314,9246; 153265
same_name_state_authorized_official_phone,COMMUNITYHEALTHDEVELOPMENTINC,TX,MAYELACASTANON,8302785604,2,1003770629; 1184968802,1077; 35832
same_name_state_authorized_official_phone,COMMUNITYHEALTHSYSTEMSINC,WV,ROBERTBUTCHER,3042528324,2,1063766533; 1689409567,12863; 130063
same_name_state_authorized_official_phone,COMMUNITYHMELLC,WI,MICHAELHALL,6083550774,2,1659325579; 1861515470,124256; 164562
same_name_state_authorized_official_phone,COMMUNITYLIFELINKLLC,SC,BERNARDGERALD,8434644307,2,1558300293; 1881895829,105034; 169262
same_name_state_authorized_official_phone,COMMUNITYMEDICALASSOCIATESINC,KY,SHELLEYGAST,5025889490,5,1063705325; 1336432681; 1477846210; 1477846798; 1508126640,12741; 63809; 91271; 91273; 95635
same_name_state_authorized_official_phone,COMMUNITYMEMORIALHOSPITALDISTRICT,NE,MICHAELHARVEY,4024660100,2,1649944315; 1801560578,123812; 153128
same_name_state_authorized_official_phone,COMMUNITYORTHOPEDICSURGERYPC,MI,SANDRABOLTON,7347120600,2,1093998585; 1518148741,19012; 97699
same_name_state_authorized_official_phone,COMMUNITYOXYGENSERVICELLC,LA,PAULKAVANAUGH,5048949729,2,1689748303; 1891779211,130808; 170759
same_name_state_authorized_official_phone,COMMUNITYPHARMACIESINC,SD,JAMESSTEPHENS,6052240907,2,1508693748; 1811437593,96393; 155141
same_name_state_authorized_official_phone,COMMUNITYPHARMACIESLLC,ME,MICHELLECHAMBERLAND,2076210698,2,1124362934; 1710700505,23877; 136553
same_name_state_authorized_official_phone,COMMUNITYPHARMACYLLC,OK,EDGRAY,4056057700,2,1942340898; 1942365879,179720; 179788
same_name_state_authorized_official_phone,COMPASSHEALTHINC,MO,TERESAPORTER,8448538937,3,1124303698; 1356145502; 1881489797,23763; 66695; 168189
same_name_state_authorized_official_phone,COMPASSIONATECAREPARTNERSLLC,FL,CARLAPIERRE,5616480783,2,1275349169; 1558169805,51519; 104919
same_name_state_authorized_official_phone,COMPLETEHOMEMEDICALLLC,NC,ANTHONYBUINICKY,7048217777,2,1043725104; 1962384784,9137; 183205
same_name_state_authorized_official_phone,COMPLETEPROSTHETICSORTHOTICSINC,MS,CHARLESQUINN,6628442363,2,1073828190; 1851645949,14858; 163131
same_name_state_authorized_official_phone,COMPLETEVITALCAREINC,LA,GEORGEGARDINER,3183522461,2,1043238694; 1396769816,7964; 75504
same_name_state_authorized_official_phone,COMPLETEVITALCAREINC,LA,GEORGEGARDINER,3186869995,7,1144242728; 1194749614; 1356363923; 1386668804; 1477577997; 1629092150; 1720001001,26875; 37011; 67042; 73359; 90486; 118451; 137107
same_name_state_authorized_official_phone,COMPOUNDINGPHARMACYLLC,TN,WESLEYWATERS,4237644136,2,1659058733; 1760437347,123917; 145252
same_name_state_authorized_official_phone,COMPREHENSIVEMEDICALSERVICESINC,SC,DAVIDWIESNER,8437249867,2,1184602146; 1922087824,34743; 175604
same_name_state_authorized_official_phone,COMPREHENSIVEPAINANDSPINESPECIALISTSLLC,IN,ANDREWTROBRIDGE,7652246513,3,1316673775; 1427784883; 1932835394,60159; 81682; 178806
same_name_state_authorized_official_phone,COMPREHENSIVEPAINMANAGEMENTSPECIALISTS,OH,TONYLABABIDI,3302082720,4,1336419621; 1376993782; 1487100624; 1861942658,63778; 72392; 91754; 165545
same_name_state_authorized_official_phone,COMPUNETCLINICALLABORATORIESLLC,OH,CINDYSMOTHERMAN,9372978253,2,1053506345; 1235400839,10504; 44512
same_name_state_authorized_official_phone,COMPUNETCLINICALLABORATORIESLLC,OH,JOHNMANIER,9372960844,3,1629073168; 1699105130; 1891137147,118329; 131588; 169729
same_name_state_authorized_official_phone,COMPUNETCLINICALLABORATORIESLLC,OH,TERESAWILLIAMS,9372960844,2,1578568119; 1619972254,109360; 117953
same_name_state_authorized_official_phone,CONCILIODESALUDINTEGRALDELOIZAINC,PR,CESARRODRIGUEZROMAN,7878762042,3,1174131437; 1194572982; 1750151866,32257; 36678; 142947
same_name_state_authorized_official_phone,CONDORMEDICALEQUIPMENTINC,FL,AYMEEPARGA,3056611311,2,1013001676; 1679602320,1857; 128640
same_name_state_authorized_official_phone,CONEMAUGHHEALTHCOMPANYLLC,PA,NICOLENEKUSHNER,8145344430,2,1205800992; 1326240979,38895; 61646
same_name_state_authorized_official_phone,CONFEDERATEDSALISHKOOTENAITRIBESOFTHEFLATHEADRESERVATION,MT,JESSICAHOON,4067453525,2,1669502316; 1912605296,126530; 174557
same_name_state_authorized_official_phone,CONFUCIUSPHARMACYINC,NY,ERNIENG,2129664420,3,1508698218; 1659365849; 1881978336,96396; 124337; 169423
same_name_state_authorized_official_phone,CONLINSPHARMACYINC,MA,DENNISCONLIN,9785521700,2,1104822907; 1538201264,20155; 101493
same_name_state_authorized_official_phone,CONNECTICUTCVSPHARMACYLLC,CT,SUSANCOLBERT,4017651500,4,1215564646; 1417746108; 1619766300; 1679191225,40812; 79480; 117616; 127906
same_name_state_authorized_official_phone,CONNECTICUTONCOLOGYHEMATOLOGYLLP,CT,IVANLOWENTHAL,8604825384,3,1366555658; 1619140829; 1992737449,69612; 116646; 189758
same_name_state_authorized_official_phone,CONNECTICUTSURGICALGROUPPC,CT,DOUGLASMCKELL,8602462071,6,1104988609; 1164406518; 1467514893; 1518940204; 1639231046; 1700940509,20825; 30657; 88566; 98859; 120633; 134890
same_name_state_authorized_official_phone,CONNECTICUTSURGICALGROUPPC,CT,DOUGLASMCKELL,8605470616,4,1053395400; 1073597415; 1558344895; 1952589434,10095; 14234; 105161; 182125
same_name_state_authorized_official_phone,CONNECTRXCLIFTONPARKLLC,NY,DEBRAHOTALING,5183509900,2,1821662032; 1851975155,157575; 163651
same_name_state_authorized_official_phone,CONSOLIDATEDMEDICALCLINICLLC,PR,SALVADORCARRION,7877455050,2,1356733646; 1396136313,68125; 74572
same_name_state_authorized_official_phone,CONSOLIDATEDPHARMACYINC,PR,BRENDAMONTANEZ,7879572388,2,1114379211; 1528410248,21809; 100295
same_name_state_authorized_official_phone,CONSULTANTSINPAINMANAGEMENTPC,TN,GREGORYBALL,4236488480,3,1073214128; 1104473693; 1659072791,13521; 19808; 123931
same_name_state_authorized_official_phone,CONSULTANTSLABORATORYOFWISCONSINLLC,WI,DEBORAHCHRISTIAN,9209265840,3,1336739101; 1497897565; 1891778346,64337; 95165; 170756
same_name_state_authorized_official_phone,CONSULTRXPHARMACY,FL,JEANYVESMULLER,9549905326,3,1285333724; 1376242818; 1780268821,53559; 70825; 148715
same_name_state_authorized_official_phone,CONTEMPORARYORTHODONTICSPA,FL,MARIAYAZJI,9542173737,3,1164964508; 1346765971; 1497279327,32012; 66246; 94000
same_name_state_authorized_official_phone,CONTINEWENTERPRISESCORP,VA,AHSEESBASHIR,8042938011,2,1629931449; 1730045048,120032; 139045
same_name_state_authorized_official_phone,CONTINUUMLLC,PA,HEATHEREDMUNDS,8003441550,2,1124081005; 1295286607,23154; 55482
same_name_state_authorized_official_phone,CONTINUUMRXINC,TN,CHRISTOPHERVANRAAM,8655254886,2,1245406255; 1982975371,46345; 188566
same_name_state_authorized_official_phone,CONTINUUMRXOFEASTTENNESSEELLC,TN,TODHANSON,8006652850,2,1063737732; 1134431216,12807; 25743
same_name_state_authorized_official_phone,CONTINUUMSURGICALLLC,KY,STACEYSOEDER,5027243681,2,1487513107; 1790643377,92292; 151135
same_name_state_authorized_official_phone,CONTRACOSTACOUNTY,CA,DAVIDLEE,9253705955,2,1427123223; 1518037597,80441; 97317
same_name_state_authorized_official_phone,CONTRACOSTACOUNTY,CA,DAVIDLEE,9259575429,4,1043381585; 1215002530; 1447320429; 1770654659,8485; 39652; 84500; 147590
same_name_state_authorized_official_phone,COOKCHILDRENSHOMEHEALTH,TX,MICHAELSIMMONS,6828856294,3,1265858591; 1417494659; 1801866173,50874; 79206; 153675
same_name_state_authorized_official_phone,COOKCHILDRENSMEDICALCENTER,TX,CORYRHOADES,6823033900,2,1982439576; 1992400261,187279; 189228
same_name_state_authorized_official_phone,COOKEVILLEEYESPECIALISTSPLLC,TN,MISTYLYNCH,9314843344,2,1316540487; 1528661691,59986; 100655
same_name_state_authorized_official_phone,COOKWHOLESALECOINC,MS,SARAHANDERSON,6017326334,2,1861208100; 1871710715,163919; 166924
same_name_state_authorized_official_phone,COOPERDRUGCOINC,FL,THOMASSHARPE,8507850251,2,1326799271; 1568506582,62490; 107459
same_name_state_authorized_official_phone,COQUILLEINDIANTRIBE,OR,KELLELITTLE,5414357039,2,1558871228; 1982115366,106422; 186859
same_name_state_authorized_official_phone,CORALMEDICALEQUIPMENTSUPPLYINC,FL,CATHYBATTREALL,3058524393,2,1659457323; 1740366418,124698; 141648
same_name_state_authorized_official_phone,CORAZONDELVALLEDMELLC,TX,RODNEYMESQUIAS,9567973730,2,1225117765; 1770028326,41940; 146560
same_name_state_authorized_official_phone,CORECIRCUITLLC,AR,DONNAJOHNSON,8709871024,2,1194643353; 1497673651,36738; 94410
same_name_state_authorized_official_phone,COREPHYSICIANSLLC,NH,MELANIELANIER,6037771000,2,1386044220; 1396977740,72462; 76135
same_name_state_authorized_official_phone,COREWISELLC,TX,MUHAMMADARSHADALI,4692084732,2,1619809688; 1922993062,117674; 177125
same_name_state_authorized_official_phone,CORFHOLDINGSOFTEXASINC,TX,JOEHALL,7132983025,2,1114161387; 1760639389,21366; 145881
same_name_state_authorized_official_phone,CORNELLSCOTTHILLHEALTHCORPORATION,CT,CATHERINESHARAFANOWICH,2035033021,2,1518172451; 1750423471,97751; 143514
same_name_state_authorized_official_phone,CORNERDRUGSTOREOFSTURGISLLC,KY,ANTHONYWARFORD,2703335344,2,1366583908; 1710929054,69674; 136896
same_name_state_authorized_official_phone,CORNERSTONEMEDICALINC,GA,ANDREWSIMMONS,7703997337,2,1295901148; 1396033528,56691; 74390
same_name_state_authorized_official_phone,CORNERSTONEPHARMACYATCHENALLLC,AR,AUBREYHARTON,5018212300,2,1306965512; 1508578030,58736; 96263
same_name_state_authorized_official_phone,CORNERSTONEPHARMACYCONWAYLLC,AR,JOHNWIRGES,5013283282,2,1487523049; 1588077283,92301; 110682
same_name_state_authorized_official_phone,CORRECTIONSANDREHABILITATIONHEADQUARTERS,CA,PIERREJAMES,2092744911,2,1700412368; 1912532730,134053; 174476
same_name_state_authorized_official_phone,CORRECTIONSANDREHABILITATIONHEADQUARTERS,CA,PIERREJAMES,6196616500,2,1205462769; 1275169005,38601; 51327
same_name_state_authorized_official_phone,CORRECTIONSANDREHABILITATIONHEADQUARTERS,CA,PIERREJAMES,8055477900,2,1023644580; 1356976252,5336; 68489
same_name_state_authorized_official_phone,CORRECTIONSANDREHABILITATIONHEADQUARTERS,CA,PIERREJAMES,8316785500,3,1124653951; 1265068357; 1417583287,24327; 49261; 79310
same_name_state_authorized_official_phone,CORRECTIONSANDREHABILITATIONHEADQUARTERS,CA,PIERREJAMES,9169852561,2,1821621764; 1831724657,157524; 159530
same_name_state_authorized_official_phone,CORVALLISCLINICPC,OR,JAMESKAECH,5417541265,2,1093589798; 1881468593,17898; 168157
same_name_state_authorized_official_phone,CORVALLISCLINICPC,OR,JAMESKAECH,5417541268,3,1467226100; 1710751425; 1891569505,87959; 136596; 170285
same_name_state_authorized_official_phone,COSSMAINC,PR,ISOLINAMIRANDA,7877398182,3,1083914675; 1407408347; 1871155010,16899; 76912; 165827
same_name_state_authorized_official_phone,COSTCOWHOLESALECORPORATION,CA,RICHARDSTEPHENS,8055783305,2,1134500838; 1891805495,25885; 170827
same_name_state_authorized_official_phone,COSTWISEPHARMACYINC,NC,WALTONONEAL,2528094288,2,1528209137; 1780996413,99889; 150192
same_name_state_authorized_official_phone,COTTAGEPHARMACYSURGICALINC,NY,RAJENDRAPRASADVENIGALLA,5163679030,2,1609921253; 1932254364,115859; 177812
same_name_state_authorized_official_phone,COVENANTHOMECARE,TN,JOHNHUSKEY,8653740600,4,1144583915; 1174885289; 1427311299; 1801168711,27866; 33782; 81007; 152498
same_name_state_authorized_official_phone,COVENANTMEDICALCENTERINC,IA,TIMOTHYHUBER,3192725700,2,1497796494; 1518752559,94782; 98625
same_name_state_authorized_official_phone,CPAPCENTRAL,OH,RACHELMAZUR,8552552727,2,1396012506; 1750658969,74355; 144158
same_name_state_authorized_official_phone,CPAPEXPRESSLLC,TX,JAMESWALL,8888642727,2,1174340673; 1265392955,32487; 49576
same_name_state_authorized_official_phone,CPAPNOWINC,ID,DANAMCCORD,2082871733,2,1336999531; 1518066414,64617; 97465
same_name_state_authorized_official_phone,CPAPSUPPLIESSERVICESLLC,KS,CYNTHIAGREENE,7852893188,2,1013202209; 1508357245,2473; 96008
same_name_state_authorized_official_phone,CPHCORP,DE,HARISHCHHIBBA,3026631244,2,1407461486; 1952019804,76969; 180900
same_name_state_authorized_official_phone,CPLENTERPRISESINC,MI,PAULKRAUSE,2485578840,2,1619933298; 1720014715,117883; 137209
same_name_state_authorized_official_phone,CRAIGJCAMPBELLDPMPC,NY,CRAIGCAMPBELL,7189815098,2,1720684095; 1801067822,138669; 152300
same_name_state_authorized_official_phone,CRANIALTECHNOLOGIESINC,AZ,OUMOUBAH,8444475894,4,1487386173; 1689661613; 1982536769; 1992418719,92151; 130457; 187367; 189252
same_name_state_authorized_official_phone,CRANIALTECHNOLOGIESINC,AZ,TAMMYJONES,8444475894,3,1740723907; 1841857596; 1992362370,142486; 161531; 189192
same_name_state_authorized_official_phone,CRANIALTECHNOLOGIESINC,CA,OUMOUBAH,8444475894,7,1386300168; 1467117523; 1477470276; 1588842330; 1750069324; 1770209538; 1841905106,72813; 87846; 90143; 112114; 142864; 146791; 161593
same_name_state_authorized_official_phone,CRANIALTECHNOLOGIESINC,CA,TAMMYJONES,8444475894,12,1114567765; 1205426657; 1245806769; 1376183848; 1407468416; 1629624127; 1629629845; 1740812387; 1821696592; 1891211942; 1902484553; 1972147916,22055; 38553; 47040; 70742; 76975; 119679; 119686; 142612; 157613; 169855; 172235; 184956
same_name_state_authorized_official_phone,CRANIALTECHNOLOGIESINC,CO,OUMOUBAH,8444475894,2,1336083799; 1932026739,62773; 177134
same_name_state_authorized_official_phone,CRANIALTECHNOLOGIESINC,CO,TAMMYJONES,8444475894,2,1043783145; 1942766290,9234; 180603
same_name_state_authorized_official_phone,CRANIALTECHNOLOGIESINC,FL,OUMOUBAH,8444475894,3,1336912088; 1669280780; 1962115782,64523; 126056; 182901
same_name_state_authorized_official_phone,CRANIALTECHNOLOGIESINC,FL,TAMMYJONES,8444475894,2,1295367837; 1720442981,55574; 138289
same_name_state_authorized_official_phone,CRANIALTECHNOLOGIESINC,FL,TAMMYJONES,8663622263,2,1093183824; 1427490002,17407; 81327
same_name_state_authorized_official_phone,CRANIALTECHNOLOGIESINC,GA,TAMMYJONES,8444475894,2,1073077848; 1861905325,13346; 165456
same_name_state_authorized_official_phone,CRANIALTECHNOLOGIESINC,IL,OUMOUBAH,8444475894,3,1053038141; 1609767391; 1962149955,9474; 115444; 182943
same_name_state_authorized_official_phone,CRANIALTECHNOLOGIESINC,IL,TAMMYJONES,8444475894,3,1235541574; 1760047583; 1861918914,44737; 144727; 165495
same_name_state_authorized_official_phone,CRANIALTECHNOLOGIESINC,MD,TAMMYJONES,8444475894,2,1285212845; 1912585563,53404; 174536
same_name_state_authorized_official_phone,CRANIALTECHNOLOGIESINC,MI,OUMOUBAH,8444475894,2,1821963463; 1841932589,157862; 161624
same_name_state_authorized_official_phone,CRANIALTECHNOLOGIESINC,MO,TAMMYJONES,8444475894,2,1215400312; 1427656727,40595; 81543
same_name_state_authorized_official_phone,CRANIALTECHNOLOGIESINC,NC,OUMOUBAH,8444475894,2,1073469318; 1124945928,13793; 24577
same_name_state_authorized_official_phone,CRANIALTECHNOLOGIESINC,NC,TAMMYJONES,8444475894,3,1659938306; 1659959211; 1861946584,125674; 125693; 165553
same_name_state_authorized_official_phone,CRANIALTECHNOLOGIESINC,NJ,OUMOUBAH,8444475894,2,1023703071; 1750026506,5402; 142816
same_name_state_authorized_official_phone,CRANIALTECHNOLOGIESINC,NJ,TAMMYJONES,8444475894,2,1255907770; 1477185015,49076; 89844
same_name_state_authorized_official_phone,CRANIALTECHNOLOGIESINC,NY,OUMOUBAH,8444475894,4,1265081731; 1407648637; 1558117937; 1649125725,49274; 77182; 104864; 122143
same_name_state_authorized_official_phone,CRANIALTECHNOLOGIESINC,OH,TAMMYJONES,8444475894,3,1205370038; 1851864953; 1962947036,38481; 163520; 184663
same_name_state_authorized_official_phone,CRANIALTECHNOLOGIESINC,OK,OUMOUBAH,8444475894,2,1043071368; 1699567826,7651; 132216
same_name_state_authorized_official_phone,CRANIALTECHNOLOGIESINC,TN,OUMOUBAH,8444475894,3,1104710300; 1134934656; 1891635637,20027; 26478; 170357
same_name_state_authorized_official_phone,CRANIALTECHNOLOGIESINC,TX,OUMOUBAH,8444475894,3,1265301766; 1821957481; 1861118622,49491; 157852; 163803
same_name_state_authorized_official_phone,CRANIALTECHNOLOGIESINC,TX,TAMMYJONES,8444475894,4,1629677281; 1639597792; 1871191643; 1922528959,119740; 121496; 165880; 176612
same_name_state_authorized_official_phone,CRANIALTECHNOLOGIESINC,TX,TAMMYJONES,8663622263,2,1689799272; 1851719918,131027; 163271
same_name_state_authorized_official_phone,CRANIALTECHNOLOGIESINC,VA,TAMMYJONES,8444475894,2,1376102053; 1609433341,70651; 115087
same_name_state_authorized_official_phone,CRAWFORDHOSPITALDISTRICT,IL,DONALDANNIS,6185443131,3,1144371709; 1164536645; 1487610572,27386; 31168; 92384
same_name_state_authorized_official_phone,CREATIVETECHNOLOGY,CO,JASONMUSGRAVE,3033461906,2,1033414446; 1164695672,6764; 31535
same_name_state_authorized_official_phone,CREDENAHEALTHLLC,AK,MIKESKAFI,9072125090,2,1629618186; 1760483556,119669; 145331
same_name_state_authorized_official_phone,CREDENAHEALTHLLC,MT,MIKESKAFI,4063271650,3,1184978090; 1942840483; 1972613388,35846; 180702; 185800
same_name_state_authorized_official_phone,CREDENAHEALTHLLC,OR,MIKESKAFI,5032156296,2,1235243668; 1346850641,44116; 66371
same_name_state_authorized_official_phone,CREDENAHEALTHLLC,OR,MIKESKAFI,5039621700,3,1396125399; 1578049631; 1982341731,74553; 108667; 187159
same_name_state_authorized_official_phone,CREDENAHEALTHLLC,WA,MIKESKAFI,5094743088,2,1386284826; 1568551430,72796; 107605
same_name_state_authorized_official_phone,CRESTVIEWCLINICALLABORATORY,CA,LEONABERGLUND,9098771361,2,1154557213; 1285645226,29520; 53939
same_name_state_authorized_official_phone,CRESTVIEWPHARMACYLLC,TX,JERRYHARPER,5124529535,2,1184744344; 1962778738,35338; 184359
same_name_state_authorized_official_phone,CRITTENTONMEDICALEQUIPMENTLLC,MI,LAURAWHALEN,2486504560,2,1194791822; 1265681472,37145; 50546
same_name_state_authorized_official_phone,CRITTENTONMEDICALEQUIPMENTLLC,MI,LAURAWHALEN,2486935384,2,1750530960; 1952404378,143912; 181597
same_name_state_authorized_official_phone,CROSSOXYGENDELIVERYLLC,NM,KIMBERLYCROSS,5058392904,2,1497920417; 1821052267,95213; 156291
same_name_state_authorized_official_phone,CROUSEMEDICALPRACTICEPLLC,NY,KIMDEC,3154795070,2,1184933848; 1548579212,35764; 104142
same_name_state_authorized_official_phone,CROWNHEIGHTSPHARMACYINC,NY,JEREMYLEBOVITCH,7184676700,2,1124119672; 1184022311,23253; 34032
same_name_state_authorized_official_phone,CROWNPOINTPHARMACYRXLLC,IN,HEMAPATEL,2194881461,2,1245977701; 1588354518,47227; 111060
same_name_state_authorized_official_phone,CRPHARMACYSERVICEINC,IA,MICHELLEJENSEN,3192980953,2,1487817532; 1992755615,93159; 189833
same_name_state_authorized_official_phone,CRYSTALRUNHEALTHCAREPHYSICIANSLLP,NY,GREGORYSPENCER,8457036999,5,1023326642; 1225255615; 1649498734; 1760931844; 1801248174,4815; 42367; 123150; 146414; 152670
same_name_state_authorized_official_phone,CRYSTALRUNHEALTHCAREPHYSICIANSLLP,NY,HALTEITELBAUM,8457036999,3,1609388289; 1922316827; 1942518527,115005; 176214; 180176
same_name_state_authorized_official_phone,CRYSTALRUNHEALTHCAREPHYSICIANSLLP,NY,JENNINESWEENEY,8457036999,2,1558857425; 1649766510,106408; 123580
same_name_state_authorized_official_phone,CRYSTALVIEWSERVICESINC,NY,PATLYNCH,6462500875,2,1275774002; 1902047400,52580; 171471
same_name_state_authorized_official_phone,CUMBERLANDCOUNTYHOSPITALSYSTEMINC,NC,JOSEPHFISER,9106153900,2,1447273305; 1689452815,84279; 130129
same_name_state_authorized_official_phone,CUMBERLANDCOUNTYHOSPITALSYSTEMINC,NC,JOSEPHFISER,9106157895,2,1104819143; 1609654839,20143; 115315
same_name_state_authorized_official_phone,CUMBERLANDSPECIALCAREPHARMACYLLC,TN,LANDONHEADRICK,9314560680,2,1215319892; 1750970968,40454; 144657
same_name_state_authorized_official_phone,CURATIVEPHARMACYLLC,FL,PHUTRINH,8334287284,2,1114706827; 1316726029,22219; 60213
same_name_state_authorized_official_phone,CURATIVEPHARMACYLLC,TX,PHUTRINH,8555433124,2,1386323939; 1790464352,72850; 150935
same_name_state_authorized_official_phone,CURATIVEPHARMACYLLC,TX,PHUTRINH,8555448242,2,1023797685; 1285313841,5496; 53530
same_name_state_authorized_official_phone,CURAVITALLC,TX,MARIEEKPEMA,2812254300,3,1033576608; 1124764600; 1255957791,7054; 24435; 49132
same_name_state_authorized_official_phone,CURENTALLC,CA,RAMYMIKHAIL,9496887075,2,1336765569; 1639898679,64371; 121921
same_name_state_authorized_official_phone,CURRENTTHERAPYEQUIPMENTINC,ME,MARKHASSETT,2072222828,2,1124336722; 1821463217,23827; 157274
same_name_state_authorized_official_phone,CVHEALTHSERVICESINC,CA,JOSEPHVIVO,8187874490,2,1386734044; 1568507598,73625; 107462
same_name_state_authorized_official_phone,CVSALBANYLLC,NY,SUSANCOLBERT,4017651500,10,1063361319; 1114693637; 1134658180; 1144873563; 1326796871; 1396305561; 1417807769; 1457004228; 1619510013; 1841724853,11722; 22197; 26153; 28254; 62489; 74842; 79537; 85808; 117316; 161348
same_name_state_authorized_official_phone,CVSMANCHESTERNHLLC,NH,SUSANCOLBERT,4017651500,2,1326328618; 1477785533,61804; 91165
same_name_state_authorized_official_phone,CVSPHARMACYINC,CO,SUSANCOLBERT,4017651500,6,1033067822; 1144799081; 1437706231; 1669320354; 1730986084; 1790368355,5738; 28170; 83550; 126100; 140858; 150815
same_name_state_authorized_official_phone,CVSPHARMACYINC,RI,SUSANCOLBERT,4017651500,4,1124456231; 1144866450; 1669514352; 1801465463,24042; 28244; 126560; 153023
same_name_state_authorized_official_phone,CVSPHARMACYINC,TX,SUSANCOLBERT,4017651500,16,1013326727; 1013530864; 1104381474; 1205348075; 1215887567; 1245968387; 1346437480; 1356876601; 1366177941; 1568997427; 1831049113; 1841353455; 1891315412; 1912654864; 1932573169; 1992182166,2723; 3030; 19693; 38424; 41137; 47221; 65677; 68375; 68730; 108592; 157921; 160536; 170007; 174621; 178489; 188924
same_name_state_authorized_official_phone,CVSPHARMACYINC,TX,SUSANCOLBERT,8172920048,2,1144324971; 1598869323,27209; 114014
same_name_state_authorized_official_phone,CVSPHARMACYINC,WY,SUSANCOLBERT,4017651500,2,1649835505; 1689136038,123688; 129742
same_name_state_authorized_official_phone,CVSSTATECAPITALLLC,ME,SUSANCOLBERT,4017651500,2,1164140398; 1376793257,30400; 72036
same_name_state_authorized_official_phone,CYPRESSPHARMACYINC,FL,JUSTINCERAVOLO,2394817322,2,1487739215; 1871322453,92855; 166024
same_name_state_authorized_official_phone,DADEMEDICALINC,FL,LINDAMENDEZ,8442154264,4,1003472499; 1215551239; 1407894348; 1801356795,799; 40791; 77695; 152879
same_name_state_authorized_official_phone,DADEVILLEPHARMACYLLC,AL,JOEDALTON,2568250063,2,1366914202; 1932967908,70332; 178953
same_name_state_authorized_official_phone,DAKOTACLINICLTD,ND,LARRYSOLBERG,7013643300,2,1609935311; 1740220391,115904; 141193
same_name_state_authorized_official_phone,DALLASCOUNTYHOSPITALDISTRICT,TX,EDMUNDOCASTANEDA,2145902881,2,1558632489; 1659641199,106028; 125189
same_name_state_authorized_official_phone,DALLASCOUNTYHOSPITALDISTRICT,TX,EDMUNDOCASTANEDA,4694191976,4,1326032079; 1336133073; 1346234093; 1851385504,60800; 62859; 64870; 162372
same_name_state_authorized_official_phone,DALLASEXPRESSPHARMACY,NC,JACOBWALLACE,7049223001,2,1003172792; 1346365848,370; 65477
same_name_state_authorized_official_phone,DALLASPAININSTITUTE,TX,SREENADHAVATTAM,9038921999,2,1821971698; 1982412854,157869; 187246
same_name_state_authorized_official_phone,DAMASIUSINC,IN,NATHANDAMASIUS,2199721700,2,1326358441; 1801934898,61854; 153844
same_name_state_authorized_official_phone,DAMERONDRUGSTOREINC,NC,DAVIDDAMERON,9106533089,2,1568509826; 1871560631,107469; 166474
same_name_state_authorized_official_phone,DAMIENPHARMACYLLC,IN,JOHNPLUNKETT,3179811989,2,1215794532; 1477161909,41049; 89820
same_name_state_authorized_official_phone,DANAFARBERCANCERINSTITUTEINC,MA,JASONPOQUETTE,9786202075,2,1174305528; 1356973887,32455; 68484
same_name_state_authorized_official_phone,DANAFARBERCANCERINSTITUTEINC,MA,PAULDEMBINSKI,6176323000,2,1225079940; 1497429237,41842; 94182
same_name_state_authorized_official_phone,DANDDPHARMACY,NJ,MERVATGIRGIS,7325428607,2,1245759067; 1548388374,46980; 103779
same_name_state_authorized_official_phone,DANDTMEDICALSUPPLYINC,LA,STEPHANBRAGG,3184454250,2,1215267059; 1407185242,40368; 76538
same_name_state_authorized_official_phone,DANIELKWILCOXMDPC,MI,DANIELWILCOX,2313475155,3,1013201110; 1235423336; 1285927251,2469; 44536; 54821
same_name_state_authorized_official_phone,DANKMEYERINC,MD,ANGELABRYL,4106368114,3,1245301027; 1780806323; 1811101835,45946; 149813; 154467
same_name_state_authorized_official_phone,DANNYSPHARMACY,MI,DANIELHAIDAR,7347284083,2,1215396783; 1811539562,40588; 155275
same_name_state_authorized_official_phone,DAOPHARMACYINC,PA,LOCDAO,6105431858,2,1316915937; 1972218428,60400; 185007
same_name_state_authorized_official_phone,DAPINC,SC,WILLIAMDOUGLASS,8436812622,2,1003819673; 1659248037,1161; 124126
same_name_state_authorized_official_phone,DARTMOUTHHITCHCOCKCLINIC,NH,BARBARAMOORE,6036952500,3,1417579277; 1518589530; 1710509765,79304; 98458; 136341
same_name_state_authorized_official_phone,DASCOHMELLC,MI,RACHELMAZUR,8008924044,3,1649915752; 1669117776; 1700521820,123770; 125888; 134161
same_name_state_authorized_official_phone,DASCOHMELLC,OH,RACHELMAZUR,6149012226,4,1457125163; 1710844725; 1740251628; 1750353025,85942; 136704; 141294; 143291
same_name_state_authorized_official_phone,DATINMEDICALSUPPLY,MS,BRENDANSARTIN,6017244456,2,1275958423; 1306245618,52953; 57438
same_name_state_authorized_official_phone,DAUGHERTYPHARMACIESLLC,MO,JOEDAUGHERTY,4174682530,2,1497890529; 1992718878,95143; 189646
same_name_state_authorized_official_phone,DAVIDAYATESASSOCIATESLLC,AR,ROBYATES,8709326436,2,1760721971; 1780622688,146046; 149210
same_name_state_authorized_official_phone,DAVIDBKAMINSKYMDAMEDICALCORPORATION,CA,DAVIDKAMINSKY,7603276777,2,1205077732; 1952649469,37939; 182254
same_name_state_authorized_official_phone,DAVIDBWINKLES,FL,DAVIDWINKLES,8509947005,2,1699071886; 1962405225,131528; 183238
same_name_state_authorized_official_phone,DAVISDRUGCOINC,AL,JAMESDAVIS,2056696713,2,1750435277; 1760643852,143546; 145891
same_name_state_authorized_official_phone,DAVISDRUGSTOREINC,AR,ANDREADAVIS,8708563080,2,1598060659; 1942399043,112521; 179900
same_name_state_authorized_official_phone,DAVISPHARMACYINC,MO,MARYDAVIS,5737485205,2,1063526036; 1194048751,12294; 35985
same_name_state_authorized_official_phone,DAVITAPHARMACYCOLORADOLLC,CO,JAMESHILGER,7196332762,2,1104222918; 1447315627,19431; 84483
same_name_state_authorized_official_phone,DAWNPHARMACY,CA,TAMMYNGUYEN,6192871206,2,1053378760; 1063396026,10067; 11765
same_name_state_authorized_official_phone,DAWSONPHARMACYINC,GA,CHARLESSCOTT,2299952131,2,1598833782; 1922102979,113846; 175666
same_name_state_authorized_official_phone,DAYONAVALGUNDASSOCIATES,PA,TERRYBRUNAZZI,4125617246,5,1073996674; 1194108795; 1356725253; 1447634126; 1720448996,15162; 36086; 68105; 85311; 138303
same_name_state_authorized_official_phone,DAYTONABEACHHANDCLINICINC,FL,ERINSTRAUSS,3862588080,2,1659585123; 1740494210,125072; 142068
same_name_state_authorized_official_phone,DBINTERNALSPORTSMEDICINELLC,NJ,NIRAVSHAH,6099219001,2,1326830001; 1922890607,62516; 177022
same_name_state_authorized_official_phone,DCLMEDICALLABORATORIESLLC,IN,KIMBERLYWILLIAMS,8003779364,3,1194840595; 1316112337; 1528255155,37360; 59212; 100003
same_name_state_authorized_official_phone,DDERXINC,CA,DINGMEENGUI,6265813133,2,1245345297; 1346779832,46169; 66277
same_name_state_authorized_official_phone,DDPPHARMACYINC,NC,ANDREWHUGGINS,2525377010,2,1346281979; 1437443116,65122; 83064
same_name_state_authorized_official_phone,DEACONESSHOSPITALINC,IN,THOMASFITE,8124506338,2,1639860778; 1952165292,121883; 181065
same_name_state_authorized_official_phone,DEACONESSMEMORIALMEDICALCENTERINC,IN,KEITHMILLER,8129960643,2,1225080963; 1447202494,41844; 84079
same_name_state_authorized_official_phone,DEANHEALTHSYSTEMSINC,WI,AMYGRINNELL,2624734514,2,1063458354; 1528171592,12052; 99772
same_name_state_authorized_official_phone,DEBALKOSPHARMACYINC,PA,JOHNDEBALKO,5709291130,2,1063465383; 1134179435,12069; 25103
same_name_state_authorized_official_phone,DECOASSOCIATESLLC,NY,SHIALEBOVITS,8452944208,3,1174488456; 1548340532; 1639034911,32633; 103565; 120128
same_name_state_authorized_official_phone,DECUBEXINCORPORATED,FL,EDWARDSHANCEY,9042130426,2,1023292893; 1497939268,4730; 95260
same_name_state_authorized_official_phone,DEDHAMMEDICALASSOCIATES,MA,SUZANNEDAVIS,7813291400,2,1174827745; 1467756031,33659; 89188
same_name_state_authorized_official_phone,DEEKUNENTERPRISEINC,FL,DAVIDLECHNER,7723344200,2,1538292396; 1760515472,101828; 145456
same_name_state_authorized_official_phone,DEFELICECAREINC,WV,LESLIEDEFELICE,3042324210,2,1083820229; 1144212408,16698; 26755
same_name_state_authorized_official_phone,DEJEANKUGLENEYEASSOCIATESLLP,TX,TRACYMCCARTY,9365394500,2,1003523887; 1841907615,845; 161596
same_name_state_authorized_official_phone,DELTADRUGSIIINC,CA,RITAAVAKIAN,9512452325,2,1013233667; 1639359284,2550; 121068
same_name_state_authorized_official_phone,DELTAMEDICALGROUPINC,AR,KURTFOLDEN,8703331230,2,1144371204; 1750627733,27385; 144100
same_name_state_authorized_official_phone,DELUXEMEDICALSUPPLYLLC,CA,YERKENTENIZBAYEV,6197415901,3,1003620683; 1538980479; 1801183272,955; 102868; 152525
same_name_state_authorized_official_phone,DEMMYSPHARMACYLLC,MD,ADEOLUODEWALE,3012203124,2,1235603291; 1598186488,44826; 112758
same_name_state_authorized_official_phone,DENMARKHEALTHINVESTORSINC,SC,KYLEMCHUGH,8037933804,2,1033319819; 1639267230,6571; 120756
same_name_state_authorized_official_phone,DENTALSLEEPPROVIDERSLLC,CT,BRADLEYDAAR,8606435350,2,1336613330; 1366087199,64168; 68630
same_name_state_authorized_official_phone,DENVERHEALTHANDHOSPITALAUTHORITY,CO,APRILAUDAIN,3034366000,6,1033214333; 1124123427; 1427155373; 1538266069; 1629175153; 1891891107,6243; 23300; 80596; 101727; 118773; 171094
same_name_state_authorized_official_phone,DEOLASSERVICESINC,FL,ADOLFOMARTINEZ,3058633202,2,1114081361; 1427125699,21166; 80452
same_name_state_authorized_official_phone,DEREKEARLESERVICESLLC,FL,DEREKEARLE,7274008049,2,1265399349; 1881559581,49588; 168272
same_name_state_authorized_official_phone,DERMSCENELLC,PA,LANCEWETZEL,2156244224,2,1225854193; 1912906165,43244; 174873
same_name_state_authorized_official_phone,DESERTLIFEPHARMACYLLC,AZ,BRIANNESPAETH,5204779776,2,1619529476; 1649965815,117343; 123835
same_name_state_authorized_official_phone,DESERTORTHOPEDICCENTERAMEDICALGROUPINC,CA,LILLIANHOAG,7605682684,2,1275749749; 1780220954,52522; 148678
same_name_state_authorized_official_phone,DESMOINESORTHOPAEDICSURGEONSPC,IA,NICHOLASHONKAMP,5152241414,2,1114783719; 1609494673,22292; 115153
same_name_state_authorized_official_phone,DEVARIALLC,NJ,HARESHKHAMBHATI,2014530555,2,1144899634; 1376688010,28278; 71820
same_name_state_authorized_official_phone,DHARMARXINC,PR,EDWINAGUILA,7877844728,2,1023140316; 1780554782,4350; 149030
same_name_state_authorized_official_phone,DHHSPHSNAIHSSHIPROCKHOSPITAL,AZ,FANNESSACOMER,9286565000,2,1215083951; 1689804387,39952; 131037
same_name_state_authorized_official_phone,DHHSPHSNAIHSSHIPROCKHOSPITAL,NM,FANNESSACOMER,5053686401,3,1083843841; 1487884169; 1740387570,16731; 93307; 141778
same_name_state_authorized_official_phone,DIABETESMANAGEMENTANDSUPPLIES,LA,WENDYRUSSALESI,8887387929,2,1164537452; 1417124496,31175; 78488
same_name_state_authorized_official_phone,DIABETESSTOREINCORPORATED,TN,CRAIGBROSSEAU,9013123150,2,1467508598; 1740875400,88543; 142673
same_name_state_authorized_official_phone,DIABETESSUPPLYCENTEROFTHEMIDLANDSLLC,NE,WENDYRUSSALESI,4023998444,2,1346254620; 1992713481,64927; 189624
same_name_state_authorized_official_phone,DIABETICEQUIPMENTANDSUPPLIESLLC,IN,MARCUSMILLER,4637779940,2,1659035731; 1710503693,123902; 136332
same_name_state_authorized_official_phone,DIABETICSUPPLIESOFAMERICAINC,FL,WARNERHAWLEY,8005552561,2,1184763831; 1831290600,35375; 158649
same_name_state_authorized_official_phone,DIABRXINC,IL,BEAUDIAB,8472553220,2,1194242883; 1295702892,36301; 55905
same_name_state_authorized_official_phone,DIAGNOSTICCLINICMEDICALGROUPINC,FL,GINAPREBECK,7275818767,2,1154474245; 1730232240,29307; 139513
same_name_state_authorized_official_phone,DIAGNOSTICLABORATORYOFOKLAHOMALLC,OK,RNEEMULLEN,4056092000,3,1174850408; 1356443741; 1407136674,33708; 67417; 76444
same_name_state_authorized_official_phone,DIAGNOSTICSERVICESINC,FL,WILLIAMHAYES,2395618201,2,1619918455; 1760429559,117842; 145236
same_name_state_authorized_official_phone,DIALMEDICALSERVICESCORP,CA,DAVIDDIAL,9166814949,2,1700077302; 1891986493,133479; 171362
same_name_state_authorized_official_phone,DIAMONDDRUGSINC,PA,MARKZILNER,7243492830,2,1245292523; 1346428570,45933; 65651
same_name_state_authorized_official_phone,DIAMONDRESPIRATORYCAREINC,CA,CHRISRICE,9516860418,2,1336434877; 1578609327,63814; 109591
same_name_state_authorized_official_phone,DIATECHONCOLOGYLLC,TN,ROBERTHENRY,6155670200,2,1003212085; 1477854701,423; 91294
same_name_state_authorized_official_phone,DICKSONDIVELEYMIDWESTORTHOPAEDICCLINICLLC,KS,JACOBSTUEVE,9133197600,4,1205600244; 1598498271; 1609084540; 1730946302,38729; 113143; 114542; 140815
same_name_state_authorized_official_phone,DICKSONMEDICALEQUIPMENTINC,TN,RENEEEDENS,6154467444,2,1134425713; 1871891804,25734; 167325
same_name_state_authorized_official_phone,DIGIMAXMEDICALLLC,IN,MIRZABAIG,6019073796,2,1194673251; 1396686440,36767; 75226
same_name_state_authorized_official_phone,DIGITRACECARESERVICESINC,FL,JOSEPHROSE,9785367400,2,1235316969; 1356528079,44336; 67717
same_name_state_authorized_official_phone,DIGITRACECARESERVICESINC,NC,CARLIBERGER,9785367400,4,1477730935; 1710164272; 1811174287; 1982881454,91059; 135678; 154616; 188359
same_name_state_authorized_official_phone,DIGITRACECARESERVICESINC,VA,CARLIBERGER,9785367400,6,1205014826; 1295913812; 1417135039; 1487832002; 1881872406; 1942488564,37797; 56734; 78529; 93197; 169221; 180108
same_name_state_authorized_official_phone,DILLARDTENNESSEEOPERATINGLIMITEDPARTNERSHIPATENNESSEELP,TN,DEANWORLEY,6157717101,2,1093199093; 1346484656,17434; 65767
same_name_state_authorized_official_phone,DILLONCOMPANIESLLC,KS,WENDELLWOOLF,8666805133,2,1306989462; 1477696540,58789; 90984
same_name_state_authorized_official_phone,DIMENSIONSHEALTHCORPORATION,MD,MICHAELBROZIC,3016183131,2,1538745252; 1851981146,102627; 163660
same_name_state_authorized_official_phone,DINUBAPHARMACYINC,CA,EMADMORCOS,5597254525,2,1073906681; 1184343840,15000; 34474
same_name_state_authorized_official_phone,DIRECTHOMEHEALTHCAREINC,VA,TROYILAPIT,7574056320,2,1285722371; 1962680579,54288; 184116
same_name_state_authorized_official_phone,DIRNEHEALTHCENTERSINC,ID,MICHAELBAKER,2082920662,2,1003682063; 1326758095,1021; 62426
same_name_state_authorized_official_phone,DIRNEHEALTHCENTERSINC,ID,MICHAELBAKER,2086875627,2,1447083548; 1609609700,83973; 115272
same_name_state_authorized_official_phone,DISCOUNTDRUGMARTINC,OH,LAURATAYLOR,3307252340,2,1366319121; 1861348559,68898; 164072
same_name_state_authorized_official_phone,DISTRICTOFCOLUMBIACVSPHARMACYLLC,DC,SUSANCOLBERT,2029660320,2,1275941445; 1366850539,52919; 70228
same_name_state_authorized_official_phone,DIVERSIFIEDINFUSIONCARESOLUTIONSINC,MS,STANHAMILTON,6623209696,7,1437177946; 1720006232; 1790703296; 1861410375; 1912925355; 1932127370; 1952329468,82281; 137167; 151233; 164197; 175014; 177402; 181388
same_name_state_authorized_official_phone,DIVERSIFIEDPHARMACYSOLUTIONSLLC,AZ,JOELRHOADS,5208182883,2,1659641694; 1871865543,125192; 167279
same_name_state_authorized_official_phone,DIXWELLPHARMACYLLC,CT,NAVEENPARUPALLI,2032816571,3,1083012421; 1447658885; 1780621169,15187; 85355; 149205
same_name_state_authorized_official_phone,DJLWHEALTHSERVICESINC,AZ,COLLEENWHEELER,4806569177,2,1821090390; 1962267708,156363; 183072
same_name_state_authorized_official_phone,DMDPHARMACYSERVICESLLC,FL,DAVIDROMBRO,5616829400,2,1427169440; 1508967357,80693; 97101
same_name_state_authorized_official_phone,DME10GLOBALXPRESSINC,TX,JOHNDUNCAN,2105688008,2,1316393507; 1871726596,59788; 166941
same_name_state_authorized_official_phone,DMECONSULTINGAGENCYLLC,NY,DEBRABARBER,3158204134,2,1558926402; 1700185956,106521; 133685
same_name_state_authorized_official_phone,DMEEXPRESS,TX,LEONELGUERRERO,9566869888,2,1326030644; 1598753378,60796; 113483
same_name_state_authorized_official_phone,DMEOFTHECAROLINASLLC,SC,ASHLEYVERES,8392706446,2,1053249102; 1154252385,9681; 28588
same_name_state_authorized_official_phone,DOCDEVELOPMENTINC,GA,RADCLIFFQUARTERMAN,6785091501,2,1790072148; 1942517586,150364; 180175
same_name_state_authorized_official_phone,DOCEASELLC,TX,MEHRINMEMON,2145176598,2,1376439356; 1972466050,71017; 185261
same_name_state_authorized_official_phone,DOCINTHEBOXPA,TX,ROBERTLOWRY,2105580991,2,1528312030; 1750635850,100105; 144121
same_name_state_authorized_official_phone,DOCTORSCHOICEMEDICALRENTALSUPPLIESINC,FL,JOSERODRIGUEZ,3056619161,2,1932498094; 1962791020,178363; 184393
same_name_state_authorized_official_phone,DOCTORSEQUIPMENTSERVICEINC,MO,SUZANNEDUEWEL,8165236644,2,1205804689; 1487855532,38905; 93262
same_name_state_authorized_official_phone,DOCTORSHOSPITALINC,FL,LOURDESBOUE,7863084204,2,1063302255; 1841008265,11655; 159829
same_name_state_authorized_official_phone,DOCTORSPHARMACYVITALCAREINC,GA,SPENCERSMITH,2299289010,3,1073617189; 1184516577; 1598774705,14337; 34650; 113589
same_name_state_authorized_official_phone,DOCTORSSPECIALTYPHARMACYLLC,TX,MICHAELSCHNEIDER,4699062002,2,1083996375; 1679925309,17068; 129410
same_name_state_authorized_official_phone,DOCYOURDOSEPHARMACYLLC,LA,DARLENEBROWN,2256482329,2,1417573593; 1851842223,79294; 163479
same_name_state_authorized_official_phone,DOMINIONORTHOPAEDICCLINICLLC,GA,JOHNFOSTER,7704554009,4,1386977833; 1679806889; 1841523057; 1861725079,74285; 129214; 160995; 165120
same_name_state_authorized_official_phone,DONNDOFFINC,CA,DONATEGERSTRAND,5302414040,2,1295203131; 1437144797,55344; 82081
same_name_state_authorized_official_phone,DOUGHERTYSPHARMACYHUMBLELLC,TX,MYKELWALKER,2814469191,2,1679119093; 1679978290,127837; 129496
same_name_state_authorized_official_phone,DOUGSFAMILYPHARMACY,PA,DOUGLASHESS,6102860496,2,1013919661; 1235267196,3474; 44195
same_name_state_authorized_official_phone,DOWNRIVERCOMMUNITYSERVICESINC,MI,CYNTHIAROUSH,5862708055,2,1306142914; 1891091492,57228; 169638
same_name_state_authorized_official_phone,DPSENERGYLLC,VA,HOWARDRHETT,7137662796,2,1609735349; 1760348825,115418; 145044
same_name_state_authorized_official_phone,DQHHAEQUIPMENTSUPPLYINC,AR,PAULASMITH,8706424555,3,1235743808; 1245628759; 1558398529,45065; 46778; 105410
same_name_state_authorized_official_phone,DRDRAKESSLEEPSOLUTIONSCORPORATION,TX,CRISTOPHERESCALANTE,2105419001,2,1295290823; 1346963071,55493; 66493
same_name_state_authorized_official_phone,DREAMPHARMACYINC,GA,BYUNGYOO,7702991971,2,1215381652; 1467807651,40572; 89286
same_name_state_authorized_official_phone,DREWHITTENBERGER,CA,DREWHITTENBERGER,7077651122,2,1437468501; 1487895975,83123; 93342
same_name_state_authorized_official_phone,DREXDRUGSOFJONESVILLEINC,NC,DAVIDMORRISON,3368356407,2,1184776866; 1598091076,35407; 112570
same_name_state_authorized_official_phone,DRGPHARMACYLLC,CA,JEFFREYWHITE,8054888200,2,1023296449; 1891581005,4741; 170301
same_name_state_authorized_official_phone,DRGSPHARMACYINC,FL,GENEENMAXWELL,9549380005,2,1578112991; 1972639813,108766; 185855
same_name_state_authorized_official_phone,DRJOHNFBLATTNERDRDWIGHTDHEBERERPC,IL,JOHNBLATTNER,6189394042,2,1215958855; 1447400791,41370; 84841
same_name_state_authorized_official_phone,DRLLABSLTD,LA,TIFFANYLEWIS,9035942456,2,1801922893; 1871629766,153819; 166628
same_name_state_authorized_official_phone,DRUGHUT,MD,LINHNGUYEN,2409294934,3,1073071312; 1215454087; 1982163440,13341; 40687; 186936
same_name_state_authorized_official_phone,DSPHARMACYINC,NE,DAVEMEYSENBURG,4024354800,2,1215582317; 1497867493,40833; 95100
same_name_state_authorized_official_phone,DSSUNITERLLC,AZ,DEANWORLEY,6029539600,2,1215311428; 1447494745,40440; 85043
same_name_state_authorized_official_phone,DUEFIGLIEINC,NY,EILEENTRAMONT,7168397144,2,1013349521; 1790866408,2769; 151736
same_name_state_authorized_official_phone,DUKEUNIVERSITYHEALTHSYSTEMINC,NC,JOHNSMITH,9196204829,2,1235729948; 1366024085,45043; 68543
same_name_state_authorized_official_phone,DUKEUNIVERSITYHEALTHSYSTEMINC,NC,JOHNSMITH,9196848111,3,1306828108; 1508847047; 1689656480,58139; 96601; 130442
same_name_state_authorized_official_phone,DUNCANSPHARMACYINC,MS,JIMJACKSON,6622234727,2,1316063159; 1588741011,59091; 111784
same_name_state_authorized_official_phone,DUPAGEMEDICALGROUPLTD,IL,PAULMERRICK,6304699200,3,1013152537; 1952192445; 1972033736,2355; 181087; 184793
same_name_state_authorized_official_phone,DUPAGEMEDICALGROUPLTD,IL,PAULMERRICK,6305106929,2,1356632319; 1851536379,67937; 162880
same_name_state_authorized_official_phone,DUPAGEMEDICALGROUPLTD,IL,PAULMERRICK,6307901221,2,1023391844; 1578846390,4939; 110275
same_name_state_authorized_official_phone,DUPAGEMEDICALGROUPLTD,IL,PAULMERRICK,6307901872,6,1174768691; 1538735972; 1568077212; 1609459536; 1811652506; 1841435369,33536; 102620; 106701; 115109; 155399; 160824
same_name_state_authorized_official_phone,DUPAGEMEDICALGROUPLTD,IL,PAULMERRICK,6309672000,17,1043699309; 1043751753; 1073010245; 1093345514; 1265067599; 1275117145; 1366063448; 1407397110; 1437782117; 1588180285; 1629593181; 1689115388; 1699270132; 1700411030; 1821680513; 1891174660; 1982111407,9111; 9190; 13232; 17647; 49260; 51271; 68589; 76895; 83643; 110845; 119626; 129714; 131841; 134051; 157593; 169793; 186850
same_name_state_authorized_official_phone,DUPAGEMEDICALGROUPLTD,IL,PAULMERRICK,8157252121,3,1063878965; 1194180919; 1790140531,13044; 36199; 150479
same_name_state_authorized_official_phone,DURABLEMEDICALEQUIPMENTSOUTHLLC,MS,NORMANPRICE,6015870422,2,1649511957; 1720366776,123178; 138153
same_name_state_authorized_official_phone,DURABLEMEDICALSUPPLYHOMEHEALTHINC,KY,RITAGOLDMAN,6065643081,2,1487823753; 1992973259,93172; 190450
same_name_state_authorized_official_phone,DURABLESOLUTIONSLLC,GA,JEAZELSWAFFORD,8086949007,2,1194615997; 1386538338,36729; 73085
same_name_state_authorized_official_phone,DURABLESUPPLY,MS,CLARENCEHAMILTON,2288721386,2,1568609196; 1942748181,107853; 180567
same_name_state_authorized_official_phone,DURAMEDINC,LA,RICKYDECASTRO,2257511224,2,1487184990; 1578800157,91891; 110190
same_name_state_authorized_official_phone,DURAMEDINC,LA,RICKYDECASTRO,5044674057,5,1225460934; 1265149991; 1609347970; 1710923255; 1881932408,42740; 49338; 114961; 136870; 169329
same_name_state_authorized_official_phone,DURAMEDIXLLC,TX,AKHTARKHAN,7372288937,2,1023989506; 1679444939,5676; 128212
same_name_state_authorized_official_phone,DURENTERPRISEINC,CA,IRINABINDER,8187882411,2,1760483317; 1811719636,145329; 155471
same_name_state_authorized_official_phone,DWIGHTDRUGSINC,IL,JULIERAMZA,8156722968,2,1235560806; 1437183688,44771; 82304
same_name_state_authorized_official_phone,DYERSTATIONPHARMACYLLC,TN,DEREKHOLYFIELD,7316923578,2,1376526517; 1811197395,71125; 154670
same_name_state_authorized_official_phone,DYNACARENORTHWESTINC,WA,KIMBERLYWILLIAMS,2068617000,2,1477530483; 1962743484,90256; 184292
same_name_state_authorized_official_phone,DYNAMEDINC,ID,CHRISTOPHERHUNT,2083225055,2,1457319246; 1639115462,86163; 120254
same_name_state_authorized_official_phone,DYNAMICMEDICALSYSTEMSINC,CA,CINDYTHOMAS,8002259080,2,1013926328; 1235149923,3545; 43666
same_name_state_authorized_official_phone,DYNAMICMEDICALSYSTEMSINC,OR,CINDYTHOMAS,8002259080,2,1144239161; 1982653945,26859; 187716
same_name_state_authorized_official_phone,DYNAMICMEDICALSYSTEMSINC,WA,CINDYTHOMAS,8002259080,2,1033128368; 1548211089,5901; 103125
same_name_state_authorized_official_phone,DYNAMICORTHOTICSERVICESINC,LA,SAMMARGAGLIO,3372911016,3,1407866163; 1770876195; 1891786711,77519; 148153; 170768
same_name_state_authorized_official_phone,EAGLESLANDINGPHARMACY,GA,DAVIDRINK,7704745005,2,1417081001; 1558585463,78389; 105934
same_name_state_authorized_official_phone,EAGLESYSTEMSTECHNOLOGYINC,TN,RAYSCOTT,9017583306,2,1487911418; 1619416021,93370; 117165
same_name_state_authorized_official_phone,EAGLETPHARMACYLLC,OK,VALIMOHAMMEDPANARA,4056765300,2,1447011135; 1932949773,83888; 178929
same_name_state_authorized_official_phone,EAHAWSEHEALTHCENTERINC,WV,CHARLESROHRBAUGH,3048975915,2,1104510924; 1861237844,19838; 163939
same_name_state_authorized_official_phone,EASTBERLINRXLLC,PA,VENUGOPALNARRAMNENI,7172590421,2,1346845195; 1407842974,66358; 77420
same_name_state_authorized_official_phone,EASTCOASTMEDICALLLC,MD,HYEYANG,4107872282,2,1205280724; 1891019584,38318; 169507
same_name_state_authorized_official_phone,EASTERNCAROLINAPHARMACYCAREINC,NC,WARRENCREECH,2525276929,2,1003208380; 1164442992,419; 30801
same_name_state_authorized_official_phone,EASTERNCRANIALAFFILIATESLLC,VA,JOSEPHSMITH,7038075899,2,1578415444; 1588516496,109119; 111211
same_name_state_authorized_official_phone,EASTERNCRANIALAFFILIATESLLC,VA,JOSEPHTERPENNING,7038075899,3,1437525201; 1477405363; 1508954157,83246; 90091; 97011
same_name_state_authorized_official_phone,EASTKENTUCKYDRUGINC,KY,ROBINJUSTICE,6064783784,2,1447505268; 1508111782,85071; 95611
same_name_state_authorized_official_phone,EASTPINESPHARMACYLLC,MD,OMOTAYOAWOTUNDE,3014596211,2,1255904579; 1386893642,49074; 74097
same_name_state_authorized_official_phone,EASTSIDEORTHOTICSPROSTHETICSINC,OR,IVANSABEL,5032576623,3,1386599421; 1386602621; 1487509527,73134; 73140; 92288
same_name_state_authorized_official_phone,EASTSIDEPHARMACYINC,MO,STEPHENROWLAND,5736867238,4,1750421079; 1760340947; 1841674538; 1972557171,143508; 145039; 161254; 185603
same_name_state_authorized_official_phone,EASTTEXASMEDICALCENTERHEALTHCAREASSOCIATES,TX,KIMPEARSONWAHL,9035942497,3,1346560224; 1427366855; 1518287499,65900; 81097; 97955
same_name_state_authorized_official_phone,EASTVALLEYDIABETESENDOCRINOLOGYPLC,AZ,DEVENDRAWADWEKAR,4807829531,2,1235090861; 1972464501,43492; 185258
same_name_state_authorized_official_phone,EAUCLAIRECOOPERATIVEHEALTHCENTERINC,SC,DELGADOCANTAVE,8038758010,2,1033760483; 1730669789,7335; 140517
same_name_state_authorized_official_phone,EBPLLC,NC,SPENCERHODGES,8283973420,2,1215042536; 1861851859,39835; 165353
same_name_state_authorized_official_phone,EDENDRUGINC,NC,ROBERTCROUCH,3366274854,2,1215089222; 1740246677,39973; 141283
same_name_state_authorized_official_phone,EDLUCYINC,IL,LUCYPOTTS,6188422531,2,1841154101; 1912123274,159970; 173700
same_name_state_authorized_official_phone,EDMONSONDRUGCOMPANYINC,KY,TREVORRAY,2705972386,2,1225166440; 1437172418,42142; 82229
same_name_state_authorized_official_phone,EDWARDESIXTA,NV,EDWARDSIXTA,7752848890,2,1245556133; 1538563788,46640; 102361
same_name_state_authorized_official_phone,EEHEALTHENTERPRISESINC,TX,RONALDRICHARDSON,2814477648,3,1316319346; 1407228273; 1619348729,59644; 76614; 117051
same_name_state_authorized_official_phone,EEPHARMACY,TX,DOROTHYETTA,7138478989,2,1043351331; 1093017337,8372; 17117
same_name_state_authorized_official_phone,EHARDTSPHARMACYINCORPORATED,MI,LARRYLIER,8106792284,2,1235807892; 1245824382,45135; 47069
same_name_state_authorized_official_phone,EICCUALLC,NC,IJEOMAUWAKWE,2522934177,2,1275006355; 1629477377,51109; 119463
same_name_state_authorized_official_phone,ELABOFAMERICA,NV,ALEJANDROPABRIAGA,8888603522,2,1134662612; 1386181972,26162; 72662
same_name_state_authorized_official_phone,ELAINEPHARMACYINC,AR,ERNESTSCHUBACH,8705727770,2,1255416244; 1841415460,48025; 160781
same_name_state_authorized_official_phone,ELBOTIQUINDELA26INC,PR,LYDIANAVAREZ,7879822323,2,1053440297; 1114025046,10306; 20985
same_name_state_authorized_official_phone,ELCAMPOMEMORIALHOSPITAL,TX,MELISSASMITH,9799423584,2,1114599503; 1417697590,22095; 79428
same_name_state_authorized_official_phone,ELECTROSTIMMEDICALSERVICESINC,PA,MARIOGARCIA,8005888383,2,1255652442; 1649591058,48653; 123320
same_name_state_authorized_official_phone,ELIELORTHOMEDICALCORP,PR,CARMENDIANA,7877542926,2,1699988410; 1821072141,133301; 156320
same_name_state_authorized_official_phone,ELIGIJUSPLELISMDASSOCIATESSC,IL,ELIGIJUSLELIS,8157259377,4,1184750465; 1619205077; 1780710780; 1871628230,35348; 116787; 149452; 166624
same_name_state_authorized_official_phone,ELITEDIAGNOSTICSLLC,IN,KIRNJOTSINGH,8883397339,2,1154674042; 1467852350,29754; 89365
same_name_state_authorized_official_phone,ELITEMEDINC,CA,ADRINEHKESHISH,7476009555,2,1083490361; 1366231003,15787; 68788
same_name_state_authorized_official_phone,ELITEPAINANDSPINEINSTITUTEPLC,AZ,ZEESHANMALIK,4809007373,2,1215563713; 1831725191,40811; 159531
same_name_state_authorized_official_phone,ELITERXINC,CA,PANGYANG,5594922162,2,1881989564; 1952696882,169439; 182326
same_name_state_authorized_official_phone,ELIZURCORPORATION,PA,BRENDAROBERTS,4123584523,2,1649078817; 1912704404,122079; 174664
same_name_state_authorized_official_phone,ELIZURCORPORATION,PA,BRENDAROBERTS,8446288813,6,1093228249; 1164980488; 1437617750; 1750894903; 1851859151; 1912410168,17466; 32038; 83406; 144556; 163509; 174282
same_name_state_authorized_official_phone,ELIZURCORPORATION,WV,BRENDAROBERTS,8446288813,2,1316405640; 1811400070,59799; 155069
same_name_state_authorized_official_phone,ELKREGIONALPROFESSIONALGROUPINC,PA,RITAOLSZEWSKI,8147816758,2,1508069022; 1659585214,95530; 125073
same_name_state_authorized_official_phone,ELKREGIONALPROFESSIONALGROUPINC,PA,RITAOLSZEWSKI,8147817531,6,1093918518; 1215141874; 1477757854; 1568666949; 1568676120; 1831393214,18830; 40097; 91131; 107987; 108003; 158921
same_name_state_authorized_official_phone,ELLEYSPHARMACY,MO,WILLIAMELLEY,8166505611,2,1861476426; 1881748754,164435; 168816
same_name_state_authorized_official_phone,ELLIOTRGOLDSTEINMDJOELRSCHULMANMDPA,MD,LORIWEISEL,3015893324,3,1295224277; 1477042448; 1598254401,55378; 89657; 112869
same_name_state_authorized_official_phone,ELLIOTTPHARMACYINC,MO,JEFFREYNELSON,6606659871,2,1053458075; 1891700423,10348; 170443
same_name_state_authorized_official_phone,ELLISBADENHAUSENORTHOPAEDICSPSC,KY,TASHANAPRESTON,5025871236,2,1336244789; 1992811780,63353; 190009
same_name_state_authorized_official_phone,ELMCITYPHARMACYINC,NC,MARVINCOWAN,2522364664,2,1831272566; 1871691741,158573; 166837
same_name_state_authorized_official_phone,ELMHURSTMEMORIALHEALTHCARE,IL,DONALDLURYE,6308341120,2,1013102086; 1588856603,2264; 112149
same_name_state_authorized_official_phone,ELPERIMETROFARMACIADISCOUNTCORP,FL,YAMILETCARDENAS,3056988536,2,1033293584; 1174622237,6513; 33108
same_name_state_authorized_official_phone,ELYDRUGSINC,KY,TRAVISHUDNALL,2706518359,2,1093713463; 1306878988,18049; 58365
same_name_state_authorized_official_phone,ELYDRUGSOFBGINC,KY,LINDSEYPEDEN,2704675225,2,1528315918; 1902227697,100112; 171860
same_name_state_authorized_official_phone,EMERALDLAKEINC,NV,MARCELEZEOKE,7026786776,2,1295956233; 1942341896,56826; 179725
same_name_state_authorized_official_phone,EMERALDPHARMACYLLC,TX,JONLETKO,2814847100,2,1730578972; 1750665519,140347; 144176
same_name_state_authorized_official_phone,EMERALDSLEEPDISORDERSCENTERLLC,OR,ROBERTTEARSE,5416833325,2,1124080783; 1245436096,23153; 46421
same_name_state_authorized_official_phone,EMERGEORTHOPA,NC,DARCIHARVEY,3365455000,2,1376207506; 1952093700,70780; 180997
same_name_state_authorized_official_phone,EMERGEORTHOPA,NC,DARCIHARVEY,8282588800,3,1457308827; 1801588694; 1811607229,86143; 153156; 155347
same_name_state_authorized_official_phone,EMERGEORTHOPA,NC,DARCIHARVEY,9103323800,4,1770396731; 1881544732; 1922811645; 1922988922,146980; 168245; 176932; 177123
same_name_state_authorized_official_phone,EMERGEORTHOPA,NC,NIKKIHUDSON,9103323800,3,1619730033; 1700649126; 1790548113,117571; 134278; 151029
same_name_state_authorized_official_phone,EMERGEORTHOPA,NC,THOMASDIMMIG,9102957070,2,1073043584; 1497205892,13291; 93893
same_name_state_authorized_official_phone,EMERGEORTHOPA,NC,THOMASDIMMIG,9103323800,2,1083283287; 1124689658,15562; 24366
same_name_state_authorized_official_phone,EMERGEORTHOPA,NC,THOMASDIMMIG,9192205255,2,1457896037; 1720123748,87561; 137540
same_name_state_authorized_official_phone,EMMDEEDRUGCOINC,AL,JOHNMAUND,2562322242,2,1225134133; 1427088491,42018; 80319
same_name_state_authorized_official_phone,EMPATHHEALTHPHARMACEUTICALSLLC,FL,SAIDABOUHAMID,7275864432,2,1407257470; 1669856357,76673; 127439
same_name_state_authorized_official_phone,EMPICAREINC,TN,REBECCATRASK,4232828105,3,1023150372; 1144358912; 1629129911,4374; 27345; 118582
same_name_state_authorized_official_phone,EMPIREDRUGCOMPANYINC,CA,PETERSUMMERS,7078872260,2,1447584792; 1922331644,85215; 176250
same_name_state_authorized_official_phone,EMPRESASALONSOHECTORINC,PR,HECTORALONSO,7878512615,2,1053620625; 1144595786,10741; 27889
same_name_state_authorized_official_phone,EMPRESASMORENOREYESINC,PR,ANANIEVES,7878753932,2,1154864353; 1255888012,30099; 49052
same_name_state_authorized_official_phone,EMWOODCORPORATION,TX,MILBERNWOOD,2104925533,2,1568445252; 1831173913,107165; 158279
same_name_state_authorized_official_phone,ENCOMPASSPHARMACYINC,CA,EDWARDLEE,3234653112,2,1144394669; 1861122061,27467; 163808
same_name_state_authorized_official_phone,ENERGINLABORATORIESLLC,FL,JOMOEBANKS,5613038887,2,1629672258; 1669187381,119732; 125971
same_name_state_authorized_official_phone,ENHANCEDFITTINGS,TN,REBANELSON,8658828182,2,1225125560; 1518978220,41960; 99005
same_name_state_authorized_official_phone,ENHANCEDMEDSUPPLYLLC,NC,JONATHANTAGER,3365617337,2,1184512030; 1588557029,34644; 111260
same_name_state_authorized_official_phone,ENTRAMEDINC,TX,JEREMYCRABB,7139552123,2,1164089496; 1194859629,30354; 37405
same_name_state_authorized_official_phone,ENVISIONMEDICALSUPPLYINC,TX,CHINASAMADUMERE,9724374199,2,1003085242; 1790837052,172; 151640
same_name_state_authorized_official_phone,EPICCAREPHARMACYLLC,FL,ALVANETAOSBOURNE,9549632113,2,1477299352; 1952724510,89982; 182373
same_name_state_authorized_official_phone,EPICHEALTHSUPPLIESLLC,VA,PARVESHNONE,6019073796,2,1750211389; 1891624771,143009; 170340
same_name_state_authorized_official_phone,EPICPHARMACYLLC,OK,HAMZAMUHAMMAD,4057247852,2,1427601525; 1568015659,81470; 106624
same_name_state_authorized_official_phone,EPMEDICALEQUIPMENTINC,FL,ELEUTERIOPEREZ,3056309307,3,1225701816; 1710558663; 1801871892,43071; 136400; 153682
same_name_state_authorized_official_phone,EPMEDPA,NM,EDUARDOVAZQUEZ,5753957246,4,1437790318; 1467047019; 1700334075; 1720604697,83652; 87747; 133954; 138567
same_name_state_authorized_official_phone,EPMEDPA,TX,EDUARDOVAZQUEZ,4692940083,2,1285229849; 1770198483,53420; 146782
same_name_state_authorized_official_phone,EPMEDPA,TX,EDUARDOVAZQUEZ,9155987246,3,1225540370; 1710638622; 1881041887,42876; 136489; 167597
same_name_state_authorized_official_phone,ERGONOMICALLYCORRECTINC,CA,DAVIDTIRSCH,8188659991,2,1295905834; 1629402490,56706; 119305
same_name_state_authorized_official_phone,ERICKSONHOMEMEDICALEQUIPMENTLLC,WI,DIANECOLLIER,7158232106,2,1164509154; 1306324694,31014; 57548
same_name_state_authorized_official_phone,ERLANGERHEALTH,TN,MIKESHAVER,4237789681,2,1215720990; 1740073329,40972; 140941
same_name_state_authorized_official_phone,ERRONSBRADYDMDPA,NC,ERRONBRADY,7043210414,2,1144996711; 1639346877,28375; 121024
same_name_state_authorized_official_phone,ESENBEEINC,LA,STEVENYELLOTT,2253434869,2,1154725356; 1386661130,29847; 73309
same_name_state_authorized_official_phone,ESOTERIXGENETICLABORATORIESLLC,MA,KIMBERLYWILLIAMS,5088989001,2,1649572017; 1689975021,123277; 131360
same_name_state_authorized_official_phone,ESPHARMACYINC,MO,SANDRABATES,5739967157,2,1609911643; 1619082658,115830; 116509
same_name_state_authorized_official_phone,ESSEXHEALTHCARECORP,OH,DENNISLOCKHART,3303379503,3,1225282270; 1306090352; 1578717526,42419; 57135; 109992
same_name_state_authorized_official_phone,ESSEXHEALTHCARECORPORATION,OH,KEITHYODER,3303379503,3,1891974622; 1891974630; 1992984728,171325; 171326; 190490
same_name_state_authorized_official_phone,ESTABLISHEDDRUGSINC,NY,SAADFOZI,7182848413,2,1366652109; 1952511792,69832; 181962
same_name_state_authorized_official_phone,EVANSPHARMACYLLC,OK,KYLEWHITEHEAD,5802344343,6,1083633960; 1386663342; 1437271392; 1447279419; 1639198690; 1912926973,16064; 73350; 82668; 84339; 120545; 175021
same_name_state_authorized_official_phone,EVENINGELEGANCELLC,CO,MARIAMSAID,3033901862,2,1093352965; 1811457088,17658; 155169
same_name_state_authorized_official_phone,EVERAIDLLC,TX,FARHANABABER,3239903502,2,1467382515; 1891640934,88106; 170361
same_name_state_authorized_official_phone,EVERCRESTMEDGEARLLC,TX,UNKNOWNFATIMABEGUM,4698801339,2,1598552747; 1770399503,113215; 146986
same_name_state_authorized_official_phone,EVERGREENPROSTHETICSANDORTHOTICSLLC,ID,TIMOTHYONEILL,2088841294,2,1578150454; 1619508702,108810; 117314
same_name_state_authorized_official_phone,EVERSANALIFESCIENCESERVICESLLC,MO,JORGERESTREPO,6365192400,2,1003220369; 1548264591,437; 103225
same_name_state_authorized_official_phone,EVERYDAYPHARMACYLLC,OH,FLOPOTERMECKAEL,5139391500,2,1508721036; 1538810098,96429; 102697
same_name_state_authorized_official_phone,EVERYTHINGMEDICALLLC,NV,JEFFREYKELEMEN,7023661111,2,1104908821; 1528665866,20523; 100659
same_name_state_authorized_official_phone,EVISMEDICALEQUIPMENTINC,CT,GISELLAMONCAYO,8602963565,3,1437133956; 1477805612; 1922417732,82064; 91210; 176407
same_name_state_authorized_official_phone,EXACTSCIENCESLABORATORIESLLC,WI,STEPHENTLACHAC,6082845700,2,1487296307; 1629407069,92038; 119317
same_name_state_authorized_official_phone,EXCELPHARMACYPARTNERSLLC,FL,MARCEISENMANN,9048002285,2,1598474017; 1841707940,113118; 161303
same_name_state_authorized_official_phone,EXCLUSIVEPHARMACYINC,IL,JESSICATORRES,7732626800,2,1649615410; 1952767287,123364; 182445
same_name_state_authorized_official_phone,EXECUTIVEMEDICALSUPPLIESLLC,MS,MILOCOLLINS,6014699040,2,1124312400; 1801292214,23771; 152747
same_name_state_authorized_official_phone,EXPERTECH,CA,GREGGNIELSON,8057055003,2,1104296268; 1225434343,19578; 42698
same_name_state_authorized_official_phone,EXPRESSCAREMEDICALSUPPLYINC,MI,RITAILYASOV,2484510073,2,1821395229; 1902236177,157144; 171876
same_name_state_authorized_official_phone,EXPRESSMEDICALSUPPLY,CA,MELVINMESA,6194232600,2,1275847865; 1386937274,52737; 74181
same_name_state_authorized_official_phone,EXPRESSMEDSPHARMACYLLC,TX,JOHNARBUCKLE,2143306300,2,1598136525; 1821416363,112656; 157185
same_name_state_authorized_official_phone,EXPRESSSCRIPTSSPECIALTYDISTRIBUTIONSERVICESINC,MO,SUSANPEPPERS,8003325455,2,1083029540; 1467534826,15215; 88641
same_name_state_authorized_official_phone,EXPRESSTRADELC,NM,YAZIDATIEH,5759151538,2,1134599202; 1477008324,26054; 89608
same_name_state_authorized_official_phone,EXPRESSVENTURELLC,PR,DEWINROMANLOPEZ,7878722630,2,1568266229; 1760533152,106901; 145510
same_name_state_authorized_official_phone,EXTENSIONSOFHOPE,MD,ASIAEUBANKS,2024692322,2,1457729493; 1881041531,87279; 167596
same_name_state_authorized_official_phone,EXTREMEMOBILITYINC,KY,DAVIDADAIR,8592770105,2,1194923557; 1255364212,37602; 47859
same_name_state_authorized_official_phone,EYECAREASSOCIATESINC,AL,JAMESWACHTER,6362004393,2,1063571867; 1295894087,12411; 56658
same_name_state_authorized_official_phone,EYECAREINSTITUTEAMEDICALCORPORATION,CA,ARWAALSAMARAE,7075469800,2,1083141857; 1225102874,15382; 41898
same_name_state_authorized_official_phone,EYEPARTNERSPC,AL,KARENDANIELS,3347932211,2,1043852072; 1205448586,9311; 38589
same_name_state_authorized_official_phone,EZRXBONITASPRINGSLLC,FL,AUSTINSHARP,2393015058,2,1396417564; 1891242798,74978; 169915
same_name_state_authorized_official_phone,FAIRFAXPHARMACYINC,SC,CAROLDAVIS,8036322055,2,1790848976; 1942250816,151684; 179451
same_name_state_authorized_official_phone,FAIRHAVENCOMMUNITYHEALTHCLINICINC,CT,BAINPATRIE,2037777411,5,1306787684; 1346984838; 1467343913; 1649111931; 1891678546,58071; 66524; 88087; 122124; 170413
same_name_state_authorized_official_phone,FAIRMONTFOOTCENTER,WV,DAVIDFERRERO,3043671111,2,1093984403; 1427228840,18974; 80826
same_name_state_authorized_official_phone,FAIRMONTMEDICALGROUPINC,WV,NANCYVANDERGRIFT,3043678710,2,1588800866; 1720224009,112028; 137892
same_name_state_authorized_official_phone,FAIRMONTPHARMACY,CA,BEATLETRAN,2096258633,2,1689063331; 1689442956,129636; 130108
same_name_state_authorized_official_phone,FAIRVIEWHEALTHSERVICES,MN,JILLMCCARTNEY,6516837010,2,1487120671; 1972084044,91794; 184872
same_name_state_authorized_official_phone,FAIRVIEWPHARMACYSERVICESLLC,MN,SAMEERBADLANI,6122732121,2,1104956929; 1154353142,20740; 28895
same_name_state_authorized_official_phone,FAIRVIEWPHARMACYSERVICESLLC,MN,SAMEERBADLANI,6122735006,2,1013428929; 1093226326,2886; 17463
same_name_state_authorized_official_phone,FAIRVIEWPHARMACYSERVICESLLC,MN,SAMEERBADLANI,6126266429,2,1013035120; 1609902659,2045; 115812
same_name_state_authorized_official_phone,FAIRVIEWPHARMACYSERVICESLLC,MN,SAMEERBADLANI,6126725260,2,1093919482; 1427080415,18833; 80276
same_name_state_authorized_official_phone,FAIRVIEWPHARMACYSERVICESLLC,MN,SAMEERBADLANI,6126727507,2,1700818788; 1942345210,134537; 179732
same_name_state_authorized_official_phone,FAIRVIEWPHARMACYSERVICESLLC,MN,SAMEERBADLANI,6519827500,2,1649531732; 1790717783,123218; 151295
same_name_state_authorized_official_phone,FAIRVIEWPHARMACYSERVICESLLC,MN,SAMEERBADLANI,9524055630,2,1003289257; 1851792469,554; 163385
same_name_state_authorized_official_phone,FAIRVIEWPHARMACYSERVICESLLC,MN,SAMEERBADLANI,9529241400,2,1528090503; 1659632743,99466; 125175
same_name_state_authorized_official_phone,FALLPREVENTIONCAREASSOCIATESINC,NY,MICHAELCOCILOVO,8456348877,2,1528244852; 1821287491,99977; 156938
same_name_state_authorized_official_phone,FALLSRIVERPHARMACYLLC,NC,ROMASWHITE,9198442055,2,1164677852; 1942257654,31490; 179467
same_name_state_authorized_official_phone,FAMILYCAREPHARMACYINC,NC,DABNEYSCAFF,2524262214,2,1144285578; 1952825812,27076; 182539
same_name_state_authorized_official_phone,FAMILYENTERPRISESINC,MO,DAVIDWENDEL,5736861919,2,1568667608; 1780798751,107990; 149801
same_name_state_authorized_official_phone,FAMILYFARELLC,MI,AMYELLIS,6168788111,3,1093287443; 1437629268; 1689182479,17576; 83421; 129800
same_name_state_authorized_official_phone,FAMILYFIRSTPHARMACYINC,NC,LORIALTMAN,2527455539,2,1073610911; 1699052720,14284; 131501
same_name_state_authorized_official_phone,FAMILYFOOTCARE,PA,TAMMYDESMOND,7244824192,2,1184052318; 1659709871,34086; 125321
same_name_state_authorized_official_phone,FAMILYHEALTHCENTERINC,MI,DENISECRAWFORD,2694880835,2,1326102385; 1952557621,61160; 182047
same_name_state_authorized_official_phone,FAMILYHEALTHPHARMACIESINC,MO,SHARIBLACK,5737544551,2,1205971132; 1780754440,39537; 149573
same_name_state_authorized_official_phone,FAMILYHEALTHPHARMACYINC,AL,LEMUELBOYETT,2056989770,2,1578741914; 1942387626,110064; 179861
same_name_state_authorized_official_phone,FAMILYHOMEMEDICALEQUIPMENTSUPPLIESLLC,FL,BURTONROSS,9416240127,3,1053382317; 1104215433; 1598119695,10075; 19412; 112622
same_name_state_authorized_official_phone,FAMILYLIFEMEDICALANDPROSTHETICSLLC,KY,PAULAGREEN,2702170798,2,1558482091; 1609998442,105740; 116200
same_name_state_authorized_official_phone,FAMILYPHARMACYINC,HI,JINHEEKIM,8083792347,2,1215571005; 1346862059,40818; 66384
same_name_state_authorized_official_phone,FANDMSPECIALTYPHARMACYINC,LA,HENRYSKELTON,9857816798,2,1013016070; 1467580993,1944; 88823
same_name_state_authorized_official_phone,FARMACIAAMIGAINC,PR,ANACABAN,7877526246,2,1689722647; 1992927461,130722; 190367
same_name_state_authorized_official_phone,FARMACIABELMONTEDELOESTEINC,PR,DAVIDMARTINEZ,7872291150,2,1578980215; 1861818692,110511; 165291
same_name_state_authorized_official_phone,FARMACIABELMONTEINC,PR,DAVIDMARTINEZ,7878312212,3,1023219813; 1699717538; 1932300720,4586; 132418; 177954
same_name_state_authorized_official_phone,FARMACIABELMONTEINC,PR,DAVIDMARTINEZ,7878490749,2,1093926420; 1316989171,18840; 60716
same_name_state_authorized_official_phone,FARMACIABELMONTEINC,PR,DAVIDMARTINEZ,7878494704,2,1063665909; 1811149388,12645; 154555
same_name_state_authorized_official_phone,FARMACIABELMONTEINC,PR,DAVIDMARTINEZ,7878511500,2,1679515506; 1902017312,128301; 171407
same_name_state_authorized_official_phone,FARMACIACANEYINC,PR,ALFREDOHERNANDEZ,7877557845,2,1295831725; 1437304235,56383; 82754
same_name_state_authorized_official_phone,FARMACIADELCARMENLLC,PR,ANACOLON,7878672380,2,1124910427; 1255437885,24563; 48151
same_name_state_authorized_official_phone,FARMACIAGLORIANAINC,PR,GLORIAMERCADO,7878952895,2,1235437054; 1548327992,44560; 103527
same_name_state_authorized_official_phone,FARMACIASONIAJDINC,PR,SONIATORO,7878372666,3,1154497477; 1255789483; 1932657558,29394; 48908; 178628
same_name_state_authorized_official_phone,FAVORMEDICALSUPPLIESLLC,MI,JOHNEKPO,3132735759,2,1255540183; 1639221625,48453; 120609
same_name_state_authorized_official_phone,FCRXINC,NC,SANJAYPATEL,7044515051,2,1366802407; 1619125465,70129; 116617
same_name_state_authorized_official_phone,FDCINC,AL,NANCYMARTIN,3347562305,2,1114144292; 1831282482,21331; 158608
same_name_state_authorized_official_phone,FEELINGGREATINC,NC,SANDRAWRIGHTENBERRY,9194771588,2,1073592580; 1154640605,14222; 29701
same_name_state_authorized_official_phone,FEETURECOMFORTSLLC,NC,RICHARDANDERSON,8642221200,2,1598744138; 1679552293,113467; 128400
same_name_state_authorized_official_phone,FEETURECOMFORTSLLC,SC,RICHARDANDERSON,8642221200,2,1376522995; 1811976434,71112; 155963
same_name_state_authorized_official_phone,FERNIKLLC,NJ,FERNANDOOLIVEIRA,7324426442,2,1295771673; 1356426845,56194; 67345
same_name_state_authorized_official_phone,FIBUSDRUGSTOREINC,MD,NORMANLEVIN,4109471800,2,1396706891; 1750304648,75256; 143118
same_name_state_authorized_official_phone,FIDELGHUERTAJRINC,TX,FIDELHUERTA,2104335400,2,1043437353; 1316000912,8617; 58817
same_name_state_authorized_official_phone,FILLPOINTHEALTHLLC,OH,TODDHARE,8334625469,2,1790589976; 1962225177,151074; 183020
same_name_state_authorized_official_phone,FINKSBURGPHARMACYINC,MD,RAIMONCARY,4105261055,2,1154366615; 1376945576,28951; 72317
same_name_state_authorized_official_phone,FINNEGANSINC,AR,TERRIEDAVIS,5016636600,2,1386831238; 1962440891,73980; 183472
same_name_state_authorized_official_phone,FIRSTCAREHEALTHPLLC,TN,CHARLESSATTERFIELD,4233375812,2,1124275185; 1265427058,23712; 49636
same_name_state_authorized_official_phone,FIRSTCHOICEHEALTHCENTERSINC,CT,JEFFREYSTEELE,8606106150,2,1164055810; 1932732781,30329; 178711
same_name_state_authorized_official_phone,FIRSTCHOICEPHARMACYANDSUPPLY,CA,RENEEELPERINROZENBERG,8185091088,2,1144768839; 1164749867,28136; 31649
same_name_state_authorized_official_phone,FIRSTCHOICEPHARMACYCORP,NY,SUSANAJIANG,7184398077,2,1366305732; 1730242827,68878; 139547
same_name_state_authorized_official_phone,FIRSTCHOICEPRIMARYCAREINC,GA,KATHERINEMCLEOD,4787874266,2,1104605609; 1194348011,19926; 36443
same_name_state_authorized_official_phone,FIRSTIMAGEOPTICALLC,FL,GEORGENEAL,3527352020,3,1033393863; 1164425229; 1497937015,6711; 30698; 95255
same_name_state_authorized_official_phone,FIRSTSTEPPROSTHETICSLLC,KY,JEREMYHARRIS,2709046130,2,1235462391; 1982577193,44602; 187418
same_name_state_authorized_official_phone,FIVEPILLARSCORPORATION,FL,ARSHADALIMOHAMMED,9544046610,2,1033723127; 1780053769,7284; 148443
same_name_state_authorized_official_phone,FLATHEADCOMMUNITYHEALTHCENTERINC,MT,MARYSTERHAN,4062067277,2,1154935310; 1881339877,30181; 168010
same_name_state_authorized_official_phone,FLATHEADCOMMUNITYHEALTHCENTERINC,MT,MARYSTERHAN,4062574806,2,1609514884; 1992884662,115172; 190268
same_name_state_authorized_official_phone,FLATIRONSFAMILYPHARMACYINC,CO,JENNIFERPALAZZOLO,3038273480,2,1255020269; 1508281601,47292; 95880
same_name_state_authorized_official_phone,FLEMINGCOUNTYHOSPITAL,KY,DAVIDFAULKNER,6068450000,2,1174744213; 1780709790,33479; 149448
same_name_state_authorized_official_phone,FLEMINGPHARMACISTGROUPINC,KY,HEATHERFRONK,6068453421,2,1215126735; 1629099692,40068; 118512
same_name_state_authorized_official_phone,FLETCHERALLENHEALTHCAREINC,VT,ROGERDESHAIES,8028471882,6,1134202229; 1578649729; 1699845412; 1811070170; 1881777159; 1992893242,25140; 109736; 132859; 154317; 168914; 190303
same_name_state_authorized_official_phone,FLETCHERALLENHEALTHCAREINC,VT,ROGERDESHAISE,8028471882,2,1154404283; 1982787230,29038; 188133
same_name_state_authorized_official_phone,FLEXIBLEHEALTHMEDICALSUPPLIESINC,FL,BEATRIZMIRANDASALCEDO,7865154700,2,1457025710; 1992374581,85832; 189202
same_name_state_authorized_official_phone,FLORIDAAPNEADIAGNOSTICSLLC,FL,ARUNRAMABADRAN,8132795012,2,1205229119; 1457898421,38222; 87567
same_name_state_authorized_official_phone,FLORIDACANCERSPECIALISTSRESEARCHINSTITUTELLC,FL,LUCIOGORDAN,2395619622,2,1316232481; 1972912632,59467; 186497
same_name_state_authorized_official_phone,FLORIDADEPARTMENTOFHEALTH,FL,AURORAGROSPE,9047911690,2,1174558431; 1851326284,32911; 162212
same_name_state_authorized_official_phone,FLORIDAHOMEHEALTHEQUIPMENTANDSUPPLIESINC,FL,FARORANDAZZO,4078432777,2,1598729188; 1962953711,113446; 184677
same_name_state_authorized_official_phone,FLORIDAHOMEMEDICALSUPPLYINC,FL,DAVIDBRUINSMA,4078496455,2,1265819619; 1578724118,50795; 110004
same_name_state_authorized_official_phone,FLORIDAHOSPITALDMERTLLC,FL,FRANCISRIVERA,4078301938,3,1376573048; 1477164283; 1831999887,71373; 89823; 159820
same_name_state_authorized_official_phone,FLORIDAHOSPITALMEDICALGROUPINC,FL,VANCEMCLARREN,8444074070,10,1114731239; 1184581449; 1265246383; 1285591545; 1366256489; 1417762519; 1841004959; 1861207953; 1881408904; 1881409977,22237; 34708; 49432; 53819; 68821; 79491; 159823; 163917; 168079; 168082
same_name_state_authorized_official_phone,FLORIDAMEDICALCLINICLLC,FL,JOEDELATORRE,8137780440,2,1134461866; 1740522754,25816; 142125
same_name_state_authorized_official_phone,FLORIDAMEDICALCLINICLLC,FL,JOEDELATORRE,8139790440,7,1033596465; 1154610616; 1316324577; 1356728505; 1710460175; 1740667187; 1831641802,7082; 29646; 59651; 68114; 136280; 142378; 159420
same_name_state_authorized_official_phone,FLORIDAMUSCULOSKELETALSURGICALGROUPLLC,FL,JOHNOKUN,8136843707,3,1043624430; 1447751706; 1851847651,8981; 85502; 163491
same_name_state_authorized_official_phone,FOERSPHARMACY,DC,MICHAELFOER,2027754400,2,1043363187; 1306999446,8415; 58810
same_name_state_authorized_official_phone,FOLSOMPHARMACYINC,LA,KATHRYNBERNIER,9857963062,2,1124183256; 1487101663,23496; 91755
same_name_state_authorized_official_phone,FOOTANDANKLEASSOCIATESOFCENTRALILLINOISLLC,IL,JOHNFLEISCHLI,2172431101,6,1093839524; 1184748600; 1477677995; 1528182052; 1619091147; 1700900230,18604; 35342; 90926; 99830; 116556; 134801
same_name_state_authorized_official_phone,FOOTANDANKLECENTEROFNEBRASKAPC,NE,ROBERTGREENHAGEN,4023917575,2,1578073797; 1740790963,108692; 142574
same_name_state_authorized_official_phone,FOOTANDANKLECENTEROFOCALAPA,FL,ROBERTLINN,3528611055,2,1053596197; 1447555768,10677; 85145
same_name_state_authorized_official_phone,FOOTANDANKLECLINICOFSPOKANEINC,ID,JACQUELINEBABOL,5099288181,2,1114382553; 1588029920,21813; 110602
same_name_state_authorized_official_phone,FOOTANKLEINSTITUTEOFTHECAROLINASPA,NC,BEVERLYWARREN,2524437114,2,1891944195; 1992989289,171260; 190504
same_name_state_authorized_official_phone,FOOTANKLESPECIALISTSOFWESTMICHIGANPLLC,MI,LOWELLWEIL,6164530294,2,1689717555; 1790983898,130708; 152116
same_name_state_authorized_official_phone,FOOTHILLSCOMMUNITYHEALTHCAREINC,SC,MARKRAJKOWSKI,8646335171,2,1447926514; 1629770532,85733; 119860
same_name_state_authorized_official_phone,FOOTSOLUTIONS,TN,CHONGYOLWON,9017583668,2,1437376944; 1447260724,82942; 84192
same_name_state_authorized_official_phone,FOOTSOLUTIONSINC,GA,RAYMONDMARGIANO,7709550099,2,1184836629; 1194234401,35571; 36271
same_name_state_authorized_official_phone,FOOTSPECIALISTSOFKANSASCITYPA,MO,DANIELTHOUVENOT,8169431111,4,1184561136; 1245177203; 1679410633; 1760329726,34686; 45536; 128170; 145018
same_name_state_authorized_official_phone,FOOTSTEPSLLC,LA,CHRISTOPHERFORMANEK,2257560034,3,1053321711; 1720095342; 1962412627,9781; 137477; 183257
same_name_state_authorized_official_phone,FORSHEECARDERPHARMACIESINC,GA,TFORSHEE,7062786600,6,1104836261; 1154331759; 1659381713; 1710996723; 1720098338; 1851301014,20248; 28721; 124374; 137096; 137491; 162023
same_name_state_authorized_official_phone,FORSHEECARDERPHARMACIESINC,TN,TFORSHEE,4235593013,6,1578676912; 1669585006; 1740290337; 1750391389; 1902919145; 1992715593,109889; 126886; 141372; 143373; 173054; 189633
same_name_state_authorized_official_phone,FORTASHBYBUSINESSASSOCIATESINC,WV,MELVINNESTER,3042984404,4,1245503242; 1639442635; 1770856882; 1972875664,46545; 121226; 148115; 186422
same_name_state_authorized_official_phone,FORTLEEPHARMACYSURGICALINC,NJ,MYEONGHAJO,2013469202,2,1770093544; 1922110923,146651; 175723
same_name_state_authorized_official_phone,FORTLINCOLNPHARMACYMEDICALEQUIPMENTLLC,DC,ENOCKADEWUYI,2022690000,2,1336484328; 1437494416,63930; 83183
same_name_state_authorized_official_phone,FORTWAYNEORTHOPAEDICSLLC,IN,JERALDCOOPER,2604368686,8,1033320510; 1104131259; 1255750352; 1275059958; 1619281219; 1699425082; 1871808923; 1982060190,6572; 19275; 48825; 51197; 116921; 132068; 167161; 186770
same_name_state_authorized_official_phone,FOSTERCORNERDRUGINC,OK,TROYSIMONS,5803362136,2,1477754463; 1750418026,91125; 143499
same_name_state_authorized_official_phone,FOSTERDRUGCOINC,AL,ALANCARPENTER,3343356553,2,1114009784; 1346385523,20898; 65527
same_name_state_authorized_official_phone,FOSTERDRUGCOINC,AL,JOHNCARPENTER,3345482125,2,1689607624; 1699819599,130311; 132779
same_name_state_authorized_official_phone,FOUNDATIONCARELLC,MO,JESSICACICCOLELLAKAHL,8772911122,2,1205831963; 1487298881,38958; 92052
same_name_state_authorized_official_phone,FOUNDATIONMEDICALPARTNERSINC,NH,COLINMCHUGH,6032818585,3,1477613834; 1891856084; 1982765178,90632; 170970; 188055
same_name_state_authorized_official_phone,FOUNDATIONMEDICALPARTNERSINC,NH,COLINMCHUGH,6035772273,3,1184979742; 1205996691; 1801220280,35850; 39626; 152612
same_name_state_authorized_official_phone,FOUNDCAREINC,FL,CHRISTOPHERIRIZARRY,5614325849,2,1306734777; 1346906732,58038; 66438
same_name_state_authorized_official_phone,FOUNDERSHEALTHCARELLC,CA,WILLIAMKEYS,8008341092,2,1386957652; 1982917555,74232; 188449
same_name_state_authorized_official_phone,FOUNDERSHEALTHCARELLC,CO,JEFFREYBARNHARD,7195489220,2,1326823303; 1811134505,62511; 154508
same_name_state_authorized_official_phone,FOUNTAINPLAZAPHARMACYLLC,TN,JOSEPHHUNTSMAN,4233075757,2,1821362526; 1942148978,157085; 179121
same_name_state_authorized_official_phone,FOURCOINC,LA,GLADYSFOURNET,3378280989,2,1194146365; 1629186325,36142; 118834
same_name_state_authorized_official_phone,FOWLERPHARMACYINC,SC,JENNIEDALTON,8434793831,2,1104883107; 1780715250,20469; 149464
same_name_state_authorized_official_phone,FOXRIVERFOOTANKLECENTERPC,IL,HOWARDFOX,6305513338,2,1043481708; 1104943786,8699; 20719
same_name_state_authorized_official_phone,FOXSPHARMACYINC,PA,HELENCRAIGO,4122318300,2,1780792861; 1932218831,149767; 177730
same_name_state_authorized_official_phone,FRANCISCANHEALTHLAFAYETTE,IN,TERRENCEWILSON,7655024499,2,1568329274; 1770436743,106974; 147032
same_name_state_authorized_official_phone,FRANCISCANPHYSICIANNETWORK,IN,DONNAPHALEN,3178595252,3,1366702896; 1770843203; 1922403930,69916; 148093; 176384
same_name_state_authorized_official_phone,FRANCKSPHARMACYINC,FL,PAULFRANCK,3526224148,2,1366420176; 1407834294,68984; 77403
same_name_state_authorized_official_phone,FRANKSMEDICALMARTINC,TX,TIMOTHYFARNIE,4098323481,2,1437472107; 1992854962,83136; 190148
same_name_state_authorized_official_phone,FREDERICKFOOTANDANKLESPECIALISTS,MD,YENISEYYANES,3016689707,2,1548657208; 1669764114,104276; 127267
same_name_state_authorized_official_phone,FREDERICKHEALTHHOSPITALINC,MD,JENNYFITZPATRICK,2402156310,2,1215423181; 1275902389,40626; 52836
same_name_state_authorized_official_phone,FREDERICKHEALTHHOSPITALINC,MD,JENNYFITZPATRICK,2405663100,2,1124805015; 1881471761,24472; 168161
same_name_state_authorized_official_phone,FREDERICKHEALTHHOSPITALINC,MD,JENNYFITZPATRICK,2405663300,2,1386415438; 1447619754,72953; 85285
same_name_state_authorized_official_phone,FREDERICKHEALTHHOSPITALINC,MD,JENNYFITZPATRICK,2405663400,3,1124496161; 1134442957; 1710356829,24110; 25774; 136087
same_name_state_authorized_official_phone,FREDERICKPHARMACYINC,OK,SHANEKELLY,5803357575,2,1356456156; 1740709252,67516; 142467
same_name_state_authorized_official_phone,FREDERICKSCHMIDINC,MI,FREDERICKSCHMID,7344821034,2,1477732717; 1497776439,91068; 94696
same_name_state_authorized_official_phone,FREDSOFDONIPHANINC,MO,CLAYTONJAMISON,5739965220,2,1457864266; 1518470970,87496; 98281
same_name_state_authorized_official_phone,FREEDOMPHARMACYLLC,AR,BRIANERICKSON,4794373089,2,1225985963; 1316251432,43383; 59507
same_name_state_authorized_official_phone,FREEDOMPROSTHETICSANDORTHOTICSINC,TX,DALESHEEN,2815808228,2,1265090690; 1396301644,49288; 74837
same_name_state_authorized_official_phone,FRIENDLYNEIGHBORHEALTHCARELLC,NE,KURTCARRAHER,4023952184,2,1194170480; 1508390733,36187; 96070
same_name_state_authorized_official_phone,FRIENDLYNEIGHBORHEALTHCARELLC,NE,KURTCARRAHER,4028435555,2,1013847300; 1376552851,3358; 71187
same_name_state_authorized_official_phone,FRIENDSWITHDISABILITIESLLC,CO,NANCYMOORE,7203248939,2,1336997733; 1821681396,64614; 157594
same_name_state_authorized_official_phone,FROEDTERTHEALTHPHARMACYLLC,WI,DALEDRIZD,9203204400,2,1568418929; 1811637127,107119; 155376
same_name_state_authorized_official_phone,FROEDTERTHEALTHPHARMACYLLC,WI,KEVINPERHACH,2625325163,2,1710535026; 1992354823,136374; 189179
same_name_state_authorized_official_phone,FROEDTERTTHEMEDICALCOLLEGEOFWISCONSINCOMMUNITYPHYSICIANSINC,WI,AMIRGHAFERI,2623343451,2,1053759571; 1225476740,10984; 42773
same_name_state_authorized_official_phone,FRONTIERHOMEMEDICALINC,NE,GREGORYCORNELIUS,3087843040,4,1609190784; 1669796744; 1932353307; 1942266804,114739; 127340; 178057; 179480
same_name_state_authorized_official_phone,FRONTRANGEURGENTCAREINC,CO,ANITAHUNTER,7194712273,3,1225877798; 1518706092; 1689413171,43270; 98578; 130070
same_name_state_authorized_official_phone,FSAUSTIN1INC,TX,RALPHTILNEY,5122410051,2,1235145681; 1639202443,43649; 120551
same_name_state_authorized_official_phone,FTFPHARMACYCORPORATION,CA,YOONCHANG,7148484447,2,1083973259; 1407216633,17025; 76591
same_name_state_authorized_official_phone,FULGENTTHERAPEUTICSLLC,CA,PAULKIM,6263500537,2,1174964738; 1518585108,33919; 98454
same_name_state_authorized_official_phone,FULTONPHARMACYLLC,MD,MICHAELWESTBROOK,3016624848,2,1194259937; 1639109473,36336; 120222
same_name_state_authorized_official_phone,FUNDAMENTALMEDICALSUPPLYINC,CA,GRIGORYATKOZYAN,8052302220,2,1598068512; 1740086198,112535; 140951
same_name_state_authorized_official_phone,FUNDERBURKSPHARMACYINC,MS,CHERYLSUDDUTH,6624295337,2,1295703536; 1912049073,55907; 173508
same_name_state_authorized_official_phone,FUTRELLPHARMACYSERVICEINC,NC,WILLIAMFUTRELL,2525346001,2,1144313578; 1659676948,27138; 125260
same_name_state_authorized_official_phone,FUTUREPHARMACYLLC,FL,KHALIDSAKR,8139881900,2,1235366774; 1780311258,44421; 148771
same_name_state_authorized_official_phone,GAANDBJLLC,MA,LAURAJUDGECASTELLINI,4133424456,2,1699218248; 1922456995,131781; 176485
same_name_state_authorized_official_phone,GADDYENTERPRISESINC,TX,AMANDABUSH,9365698585,2,1447776331; 1578983292,85556; 110514
same_name_state_authorized_official_phone,GALLOPINGHILLSURGICALLLC,NJ,LOUISROCCO,7322518000,2,1780842161; 1851674824,149897; 163184
same_name_state_authorized_official_phone,GAMMARIELLORXINC,IL,JOSEPHGAMMARIELLO,7732888700,2,1508274143; 1982613360,95867; 187470
same_name_state_authorized_official_phone,GARCIAHEALTHCAREPRODUCTSINC,TX,CHRISHOWE,9403655969,2,1689874133; 1972513836,131193; 185333
same_name_state_authorized_official_phone,GARDENCITYHOMEMEDICALEQUIPMENTLLC,MI,ERIKALASZLO,7344584497,2,1609045160; 1881863470,114450; 169192
same_name_state_authorized_official_phone,GARDENISLANDPHARMACYSERVINC,HI,STEWARTSWACKER,8083380200,2,1295879237; 1669514691,56605; 126561
same_name_state_authorized_official_phone,GARDENSDRUGSINC,FL,SHAILESHSHAH,5616222141,2,1467439927; 1962672451,88205; 184097
same_name_state_authorized_official_phone,GARFIELDBEACHCVSLLC,CA,SUSANCOLBERT,4017651500,35,1073221354; 1073442497; 1174258693; 1174304372; 1184573693; 1235858671; 1245478494; 1265367510; 1306477864; 1316803224; 1326631813; 1336376268; 1356083588; 1457906281; 1467150482; 1558916379; 1558993527; 1609504174; 1629806344; 1659504678; 1699480079; 1780215244; 1780573113; 1790404929; 1790476158; 1790669141; 1821726217; 1841724416; 1841822962; 1861109423; 1861341331; 1912625930; 1942435904; 1942533617; 1972366698,13526; 13754; 32395; 32452; 34697; 45181; 46497; 49545; 57766; 60298; 62306; 63688; 66632; 87583; 87876; 106505; 106595; 115159; 119894; 124902; 132124; 148673; 149045; 150863; 150949; 151172; 157647; 161347; 161496; 163794; 164056; 174587; 179974; 180207; 185155
same_name_state_authorized_official_phone,GARRISONDRUG,MN,EDWARDHUPPLER,3206925858,2,1235486424; 1982952644,44650; 188527
same_name_state_authorized_official_phone,GARYANDLEOSINC,MT,LAURAMALISANI,4062651229,2,1013689660; 1679746549,3218; 129098
same_name_state_authorized_official_phone,GARYWCLARKAPROFESSIONALCORPORATION,UT,GARYCLARK,8884373668,2,1679646319; 1699847780,128754; 132878
same_name_state_authorized_official_phone,GASTONENTERPRISESINC,NC,DONALDTHROWER,7048675343,2,1477791986; 1740203413,91184; 141086
same_name_state_authorized_official_phone,GATESPROSTHETICSMOBILITYCLINICCO,AR,TERRANGATES,4794182297,2,1952154833; 1952155160,181047; 181048
same_name_state_authorized_official_phone,GATEWAYHOMECARELLC,WV,NICHOLASBARCELLONA,8339884663,3,1518953678; 1700547023; 1972148989,98893; 134186; 184958
same_name_state_authorized_official_phone,GATEWAYPHARMACYINC,TX,CHUKWUNWIKEOKEKE,8324471336,2,1407398985; 1619419983,76901; 117176
same_name_state_authorized_official_phone,GEERENTERPRISESINC,NC,RONALDGEER,7047860135,2,1609939438; 1952552770,115921; 182040
same_name_state_authorized_official_phone,GEISINGERPHARMACYLLC,PA,MICHAELEVANS,7173639315,2,1164106290; 1215087242,30372; 39964
same_name_state_authorized_official_phone,GEMDRUGSINC,LA,GULZEBAZIZ,9855363957,2,1003841842; 1609946128,1319; 115955
same_name_state_authorized_official_phone,GENERICDEPOT2INC,FL,STEPHENSCHWARTZ,9544424429,2,1063634814; 1710183355,12574; 135723
same_name_state_authorized_official_phone,GENERXDISCOUNTPHARMACYINC,TX,DOROTHYNWOSU,9724178895,2,1043399447; 1902056427,8554; 171496
same_name_state_authorized_official_phone,GENESEEVALLEYGROUPHEALTHASSOCIATION,NY,DEBORAHCARLASCIO,5852485300,2,1205932167; 1205960523,39397; 39510
same_name_state_authorized_official_phone,GENESEEVALLEYGROUPHEALTHASSOCIATION,NY,DEBORAHCARLASCIO,5853381400,2,1609900927; 1841324167,115807; 160457
same_name_state_authorized_official_phone,GENESEEVALLEYGROUPHEALTHASSOCIATION,NY,DEBORAHCARLASCIO,5854246210,2,1265596076; 1518091834,50340; 97565
same_name_state_authorized_official_phone,GENESISHEALTHCAREINC,SC,TONYMEGNA,8433936591,2,1811045677; 1861924789,154254; 165507
same_name_state_authorized_official_phone,GENESISHORIZONTESTERLLC,GA,SHARIMAJONES,4042590969,2,1902628449; 1952128696,172379; 181024
same_name_state_authorized_official_phone,GENESISMEDICALDIAGNOSTICSPLLC,TX,EWANJOHNSON,3612484062,2,1063085231; 1538835939,11416; 102726
same_name_state_authorized_official_phone,GENESISMEDICALGROUPLLC,OR,WYATTBROWN,5036991911,3,1013214014; 1457517138; 1740538115,2504; 86913; 142155
same_name_state_authorized_official_phone,GENESISRESPIRATORYSERVICESINC,OH,LAWRENCECONN,7403544363,2,1609018746; 1700958196,114389; 134950
same_name_state_authorized_official_phone,GENLABCORPORATION,IL,MARKPABRIAGA,6305391500,2,1316105067; 1558538264,59201; 105843
same_name_state_authorized_official_phone,GENOAHEALTHCARELLC,NY,KARENBOHMER,2532180830,2,1003638289; 1972217081,976; 185006
same_name_state_authorized_official_phone,GENOAHEALTHCARELLC,NY,KARENBOHMER,8005191139,2,1194682849; 1770462434,36782; 147067
same_name_state_authorized_official_phone,GENTLECAREINC,PR,RAQUELFERRER,7877626362,2,1023127016; 1588715353,4311; 111708
same_name_state_authorized_official_phone,GENTLEFOOTCARELLC,OH,JEFFREYWILSON,6142399444,2,1134299225; 1699074393,25497; 131530
same_name_state_authorized_official_phone,GENTRYHEALTHSERVICESINC,OH,LAURATAYLOR,3306616061,2,1275944241; 1336551316,52926; 64079
same_name_state_authorized_official_phone,GENZYMECORPORATION,MA,JONHART,5088989001,2,1083674915; 1104942069,16215; 20717
same_name_state_authorized_official_phone,GEORGESYATROSDENTALSLEEPLLC,FL,GEORGEYATROS,9417574642,2,1235648346; 1396075024,44894; 74475
same_name_state_authorized_official_phone,GEORGIACVSPHARMACYLLC,GA,SUSANCOLBERT,4017651500,2,1871892463; 1932407095,167329; 178190
same_name_state_authorized_official_phone,GEORGIAOPHTHALMOLOGYASSOCPC,GA,PSANFORD,4042985557,2,1033246525; 1295862779,6364; 56554
same_name_state_authorized_official_phone,GERDESPHARMACYINC,OH,KERRYGERDES,4405932578,2,1093933301; 1265525810,18863; 50052
same_name_state_authorized_official_phone,GEROULDSPROFESSIONALPHARMACYINC,NY,FRANKSTEED,6077320597,4,1043232283; 1184658353; 1528092798; 1972537140,7892; 34996; 99483; 185522
same_name_state_authorized_official_phone,GESSLERDRUGCOINC,KS,HALSCHWARZ,3166831318,2,1356344436; 1760485841,66921; 145337
same_name_state_authorized_official_phone,GETWELLPHARMACYOFTENNESSEEINC,MS,RICKCHAMBERS,9014811511,2,1003471871; 1558926337,796; 106520
same_name_state_authorized_official_phone,GGMEDICALINC,TX,GABRIELGUAJARDO,2102250607,3,1437322450; 1457398794; 1770959934,82810; 86513; 148305
same_name_state_authorized_official_phone,GIANTOFSALISBURYINC,MD,KATHYGIANNAKOPOULOS,4432602400,2,1033720370; 1558714097,7279; 106175
same_name_state_authorized_official_phone,GIFTEDHANDSHOMECARE,IN,VICTORIAANDERSON,3173616988,2,1386592962; 1396682654,73130; 75221
same_name_state_authorized_official_phone,GILBERTSDRUGSTOREINC,MI,JOHNGILBERT,9897397585,2,1144022948; 1427010388,26556; 80013
same_name_state_authorized_official_phone,GINOSSHOESTOREINC,PA,VINCENTGINOCCHETTI,5706752029,2,1275254062; 1356281216,51422; 66809
same_name_state_authorized_official_phone,GITELISORTHOPEDICSLTD,IL,MICHAELGITELIS,8478077770,2,1023590049; 1477069607,5266; 89696
same_name_state_authorized_official_phone,GLASGOWPRESCRIPTIONCENTERINC,KY,CHARLESOLIVER,2706515133,2,1467507277; 1982842050,88539; 188252
same_name_state_authorized_official_phone,GLASGOWPRESCRIPTIONCENTERINC,KY,CHARLESOLIVER,2706518889,3,1326193236; 1679711741; 1891793261,61528; 129012; 170781
same_name_state_authorized_official_phone,GLEASONPHARMACYSERVICESINC,IL,TIMOTHYGLEASON,2178911449,2,1902319510; 1962260117,172005; 183061
same_name_state_authorized_official_phone,GLENDIVEMEDICALCENTERINC,MT,WILLIAMROBINSON,4063453306,2,1205905502; 1992715569,39273; 189632
same_name_state_authorized_official_phone,GLENRAVENPHARMACYINC,NC,AUGUSTPETERS,3365843736,2,1205137254; 1326146135,38053; 61357
same_name_state_authorized_official_phone,GLOBALMEDICALSOLUTIONZEQUIPMENTTRANSPORTATION,IL,VAISHALILALE,6186595572,2,1417573916; 1508631086,79295; 96316
same_name_state_authorized_official_phone,GLOBALSLEEPDALLASLP,TX,ALICIACOWAN,2815500990,3,1063679579; 1316133432; 1407042526,12674; 59260; 76279
same_name_state_authorized_official_phone,GLOBALSLEEPSANANTONIOLP,TX,ALICIACOWAN,2815500990,2,1285820373; 1619136900,54638; 116637
same_name_state_authorized_official_phone,GLOBALSLEEPTECHNOLOGIESLP,TX,JAMIECREAGER,2815500990,7,1154588671; 1275791311; 1366600405; 1538303219; 1558529693; 1568620607; 1740448794,29600; 52627; 69733; 101854; 105818; 107878; 141967
same_name_state_authorized_official_phone,GLORIAEMACHALK,GA,GLORIAMACHALK,4786257575,2,1093911000; 1831181767,18812; 158294
same_name_state_authorized_official_phone,GMGHEALTHSYSTEMSASSOCIATESPA,TX,WILLIAMGONZABA,2109213800,5,1184964694; 1356681860; 1366782211; 1619217122; 1720328230,35821; 68032; 70092; 116817; 138087
same_name_state_authorized_official_phone,GOALPEDIATRICORTHOTICSLLC,UT,DAVIDPATTERSON,3852159985,2,1568223543; 1699304089,106840; 131921
same_name_state_authorized_official_phone,GOESHEALTHLLC,CT,GARYOUELLETTE,2037581220,2,1558306084; 1861591505,105066; 164793
same_name_state_authorized_official_phone,GOLDENVALLEYHEALTHCENTERS,CA,PETERTAWFIK,2097224842,2,1669321881; 1699590596,126103; 132239
same_name_state_authorized_official_phone,GOLDENVALLEYMEMORIALHOSPITALDISTRICT,MO,MACKENZIECONNER,6608855511,2,1124946181; 1285551580,24578; 53771
same_name_state_authorized_official_phone,GONCANINC,FL,GODWINNWAOBI,5619929220,2,1467472670; 1902995871,88346; 173289
same_name_state_authorized_official_phone,GOODINGPHARMACYINC,ID,JASONREADING,2089344000,2,1053860767; 1417333501,11156; 78954
same_name_state_authorized_official_phone,GOODLIFEPHARMACYINC,FL,EDUARDOGIL,5619998855,2,1083937395; 1144402421,16951; 27496
same_name_state_authorized_official_phone,GOPHARMACYINC,NC,BRENTONBYRD,9106466614,2,1033455175; 1386980449,6828; 74293
same_name_state_authorized_official_phone,GOPHERWOODCORP,MD,OLUJIMIBABATUNDE,4105534137,2,1114757655; 1720697436,22262; 138687
same_name_state_authorized_official_phone,GRACEEPHARMACYPLLC,MI,ISAIAHOKOH,3137334523,2,1295212124; 1659970184,55359; 125708
same_name_state_authorized_official_phone,GRACEHOMEMEDICALEQUIPMENTLLC,MD,MARKRICHARDSON,4109391212,2,1104901453; 1942392139,20497; 179872
same_name_state_authorized_official_phone,GRADYGENERALHOSPITAL,GA,GREGHEMBREE,2293771150,2,1467652107; 1598332769,88991; 112974
same_name_state_authorized_official_phone,GRAEBERSPHARMACYINC,CT,ROGERDEZINNO,2032356305,2,1528076189; 1871953471,99364; 167442
same_name_state_authorized_official_phone,GRAFEDSOLUTIONSCORP,PR,MARISOLSANTIAGO,7878479393,2,1104289636; 1548401144,19566; 103813
same_name_state_authorized_official_phone,GRANBYPHARMACYINC,MA,LEELALONDE,4134677022,2,1407942667; 1497463095,77847; 94208
same_name_state_authorized_official_phone,GRANDPHARMACYINC,CA,JOONTAECHOI,2133805100,2,1356752877; 1831500446,68171; 159140
same_name_state_authorized_official_phone,GRANDSAVIALLC,PR,ANITZASANCHEZ,7877175566,2,1346997855; 1669290300,66547; 126064
same_name_state_authorized_official_phone,GRANDVALLEYORTHOPEDICS,CO,CHRISTIANTHOMAS,9702450484,2,1033815675; 1548911373,7384; 104633
same_name_state_authorized_official_phone,GRAYMONTEQUIPMENTDISTRIBUTIONLLC,IL,BRYCEBEASLEY,3122919305,2,1003150723; 1568036721,327; 106640
same_name_state_authorized_official_phone,GREATAMERICANSCOOTERCOMPANYOFHUMBLELLC,LA,TROYLILES,2816394177,2,1235787177; 1962022475,45115; 182789
same_name_state_authorized_official_phone,GREATERBALTIMOREMEDICALCENTERINC,MD,PETEROSTASEWSKI,4438492213,2,1538092051; 1881542827,101089; 168242
same_name_state_authorized_official_phone,GREATERDALLASHEALTHCAREENTERPRISES,TX,TIMOTHYADAMS,9153136300,2,1700203395; 1720405319,133715; 138220
same_name_state_authorized_official_phone,GREATERPHILADELPHIAHEALTHACTIONINC,PA,BRIANCLARK,2157434106,2,1467006247; 1649781444,87713; 123599
same_name_state_authorized_official_phone,GREATLAKESFOOTANKLEINSTITUTEPLLC,MI,STEPHENFRASCONE,5867253444,2,1619729928; 1922699537,117570; 176812
same_name_state_authorized_official_phone,GREATLAKESORTHOTICSMEDICALSUPPLYINC,WI,MICHAELBUGGY,4148978380,2,1770947897; 1891373593,148286; 170073
same_name_state_authorized_official_phone,GREENERESPIRATORYSERVICESINC,OH,TONYESCAMILLA,5138310507,2,1265983159; 1689615460,51074; 130361
same_name_state_authorized_official_phone,GREENFIELDAND9MILEMEDICALCENTERPLLC,MI,NAJMULHASSAN,2485573303,2,1568002822; 1598279804,106607; 112903
same_name_state_authorized_official_phone,GREENFIELDPHARMACYINC,MO,RANDYMEENTS,4176372909,2,1144356502; 1538143227,27336; 101227
same_name_state_authorized_official_phone,GREENLEAFPHARMACYLLC,NV,PARAGPATEL,7252543210,2,1245983675; 1285398099,47237; 53638
same_name_state_authorized_official_phone,GREENSDRUGSLLC,LA,ALISONGREEN,3184675225,2,1184593006; 1689692626,34726; 130631
same_name_state_authorized_official_phone,GREENVALLEYMEDICALEQUIPMENT,NJ,CAROLBELGRAVE,7324691909,2,1275725764; 1518150598,52477; 97705
same_name_state_authorized_official_phone,GREENVILLEHEALTHCORPORATION,SC,KRISTILAWRENCE,9999999999,2,1053292920; 1396625398,9725; 75184
same_name_state_authorized_official_phone,GREENVILLEHEALTHCORPORATION,SC,POLLYMILLER,8648850077,2,1164858551; 1538595921,31839; 102429
same_name_state_authorized_official_phone,GREENVILLEPATHOLOGYPA,NC,EMILYAINSLEY,2525617992,2,1295216711; 1851344436,55365; 162299
same_name_state_authorized_official_phone,GREENWOODPHARMACYINC,MA,MARIEVELARDO,7812451838,2,1588705255; 1881810885,111678; 169067
same_name_state_authorized_official_phone,GREERORTHOTICSPROSTHETICSINC,TN,RAMESHDUBEY,6153270231,2,1881406676; 1912098310,168076; 173663
same_name_state_authorized_official_phone,GREGORYAOSBORNEDDSPA,TX,GREGORYOSBORNE,2102020692,2,1164574786; 1790430684,31253; 150891
same_name_state_authorized_official_phone,GREGORYDRUGINC,SD,DANIELFIEBELKORN,6058358198,2,1568056158; 1619185626,106673; 116748
same_name_state_authorized_official_phone,GROUPHEALTHPLANINC,MN,LISABJORKMAN,6514391234,2,1326559709; 1982077509,62197; 186801
same_name_state_authorized_official_phone,GROUPHEALTHPLANINC,MN,LISABJORKMAN,9528837469,24,1003977919; 1043370091; 1154481083; 1194885178; 1275693103; 1306907217; 1366502296; 1467513374; 1558422469; 1619037660; 1669532503; 1710047634; 1710048624; 1760542237; 1780744763; 1790845741; 1801957717; 1821159732; 1851434781; 1932147683; 1932269867; 1982764809; 1982951976; 1992866800,1764; 8441; 29334; 37480; 52398; 58472; 69339; 88560; 105479; 116307; 126612; 135285; 135289; 145531; 149538; 151674; 153923; 156563; 162529; 177497; 177858; 188052; 188525; 190192
same_name_state_authorized_official_phone,GROVEHILLMEDICALCENTERPC,CT,MICHAELGENOVESI,8608264453,2,1235207549; 1316130180,43923; 59256
same_name_state_authorized_official_phone,GRUICHPHARMACYSHOPPE,MS,FRANKGRUICH,2284354360,2,1063550432; 1568503324,12339; 107451
same_name_state_authorized_official_phone,GRUPOCLINICODELNORTECSP,PR,MILAGROSGONZALEZ,7879157700,2,1104098896; 1447411863,19205; 84865
same_name_state_authorized_official_phone,GRUPODEEMPRESASDESALUDDESANJUANINC,PR,RAULVILLALOBOS,7877678758,3,1649551060; 1952583072; 1972703890,123243; 182097; 186070
same_name_state_authorized_official_phone,GRXHOLDINGSLLC,IA,MICHAELFULLER,5159648550,2,1134647100; 1245115971,26136; 45481
same_name_state_authorized_official_phone,GRYFFINSTALONLLC,FL,CHRISTIANMAYER,5614200010,2,1093316994; 1144993734,17612; 28372
same_name_state_authorized_official_phone,GSPPHARMACYINC,NJ,PINALPATEL,9736760800,2,1225074776; 1639698517,41819; 121679
same_name_state_authorized_official_phone,GSRPLLC,TX,UZOMAUMEZ,5124543326,2,1619287448; 1902604275,116935; 172354
same_name_state_authorized_official_phone,GSSLLC,NC,AMYSESSIONS,9106428141,2,1023793239; 1982701827,5494; 187807
same_name_state_authorized_official_phone,GTRMEDICALGROUPLLC,TX,MACHEMILHAUSER,2109131619,2,1194144998; 1295094423,36140; 55154
same_name_state_authorized_official_phone,GUILFORDCOUNTYDEPARTMENTOFPUBLICHEALTH,NC,HARVETTEJENKINS,3368457990,2,1700911104; 1992830368,134815; 190079
same_name_state_authorized_official_phone,GULFCOASTPAINCONSULTANTSLLC,FL,KACEYMONTGOMERY,8555277246,3,1083455299; 1306587241; 1891354007,15744; 57875; 170050
same_name_state_authorized_official_phone,GULFHEALTHHOSPITALSINC,AL,RANDYREDFOOT,2514355037,2,1760092449; 1952911638,144768; 182663
same_name_state_authorized_official_phone,GUTHRIEMEDICALGROUPPC,PA,JOSEPHSCOPELLITI,5708885858,2,1396937041; 1649225855,76060; 122326
same_name_state_authorized_official_phone,HACINC,OK,JOSHMILLER,4052903423,2,1891360814; 1902908635,170063; 172971
same_name_state_authorized_official_phone,HACKENSACKMERIDIANAMBULATORYCAREINC,NJ,ROBERTSCHENK,7323603450,2,1780395319; 1962097121,148855; 182890
same_name_state_authorized_official_phone,HACKENSACKMERIDIANHEALTHMEDICALGROUPSPECIALTYCAREPC,NJ,RICHARDHAND,5519965002,2,1316744485; 1790582864,60231; 151066
same_name_state_authorized_official_phone,HADADSONSLLC,NY,AMINALHADAD,9149047789,2,1154270437; 1811856719,28619; 155616
same_name_state_authorized_official_phone,HAIDERDIAGNOSTICSERVICESLLC,TX,AIJAZHUSSAIN,2818885564,2,1437521119; 1477957223,83238; 91489
same_name_state_authorized_official_phone,HALLETTSVILLEPHARMACYLLC,TX,PAULAGRAHMANN,3617985010,2,1043382849; 1790970903,8491; 152085
same_name_state_authorized_official_phone,HALLSDRUGCENTERINC,WA,WARRENHALL,3607367344,2,1609053339; 1821156266,114477; 156555
same_name_state_authorized_official_phone,HANAIINC,FL,CAROLINEDUNCAN,8637678920,2,1326181090; 1689717548,61492; 130707
same_name_state_authorized_official_phone,HANDANDPHYSICALTHERAPYOFWYOMINGLIMITEDPARTNERSHIP,WY,RICHARDBINSTEIN,3073371373,2,1063233724; 1427879188,11574; 81766
same_name_state_authorized_official_phone,HANDIMEDICALSUPPLYINC,MN,SHAUNROBISON,6516449770,2,1922006741; 1922438167,175260; 176447
same_name_state_authorized_official_phone,HANDSURGEONSPC,NJ,PATRICKKANE,6107685940,3,1396433355; 1467142760; 1932897998,75000; 87867; 178881
same_name_state_authorized_official_phone,HANDSURGERYASSOCIATESOFINDIANAINC,IN,ANGELASTEVENSON,3178759105,3,1144993791; 1285080200; 1528717097,28373; 53212; 100731
same_name_state_authorized_official_phone,HANDSURGERYASSOCIATESOFINDIANAINC,IN,KATIEROHLFING,3178759105,2,1083828826; 1740427855,16708; 141924
same_name_state_authorized_official_phone,HANDTOSHOULDERCENTEROFWISCONSINLTD,WI,TINASAUER,9207308833,2,1588312482; 1750039657,111005; 142839
same_name_state_authorized_official_phone,HANGERPROSTHETICSORTHOTICSEASTINC,KS,GRACEANGELINE,3166851268,2,1801960760; 1992879852,153939; 190252
same_name_state_authorized_official_phone,HANGERPROSTHETICSORTHOTICSEASTINC,NC,GRACEANGELINE,7043254262,2,1194473645; 1770657652,36576; 147611
same_name_state_authorized_official_phone,HANGERPROSTHETICSORTHOTICSEASTINC,NJ,SHERYLPRICE,7329197774,2,1639458458; 1891074605,121249; 169603
same_name_state_authorized_official_phone,HANGERPROSTHETICSORTHOTICSEASTINC,NY,SHERYLPRICE,6317516966,2,1245240142; 1568498616,45634; 107434
same_name_state_authorized_official_phone,HANGERPROSTHETICSORTHOTICSINC,AL,SHERYLPRICE,5034938288,2,1215029293; 1265639496,39740; 50455
same_name_state_authorized_official_phone,HANGERPROSTHETICSORTHOTICSINC,VA,GRACEANGELINE,7579254844,2,1356522296; 1578592408,67697; 109532
same_name_state_authorized_official_phone,HANGERPROSTHETICSORTHOTICSWESTINC,AZ,SHERYLPRICE,4808319279,2,1053639849; 1407921273,10771; 77789
same_name_state_authorized_official_phone,HANGERPROSTHETICSORTHOTICSWESTINC,CA,SHERYLPRICE,2093689683,2,1174697056; 1265506141,33389; 49993
same_name_state_authorized_official_phone,HANNAFORDBROSCOLLC,ME,MICHAELVAIL,2074983545,2,1275641656; 1578965307,52217; 110488
same_name_state_authorized_official_phone,HANNAFORDBROSCOLLC,ME,MICHAELVAIL,2078852098,3,1174388086; 1578328480; 1801651724,32529; 109026; 153220
same_name_state_authorized_official_phone,HARBINCLINICLLC,GA,KENNETHDAVIS,7062955331,3,1063698595; 1437202199; 1629287081,12731; 82379; 119098
same_name_state_authorized_official_phone,HARDINMEMORIALHOSPITAL,KY,DAVIDGRAY,2707371212,2,1437299963; 1568567683,82744; 107717
same_name_state_authorized_official_phone,HARDYSDRUGSTOREINC,LA,MYRALANCLOS,3377545231,2,1124578927; 1356420228,24230; 67318
same_name_state_authorized_official_phone,HARINAMRXINC,NY,HARDIPKUMARRAVAL,8455694100,2,1164730891; 1831473610,31603; 159078
same_name_state_authorized_official_phone,HARNESSHEALTHPHARMACYCENTRALPHARMACYSERVICESLLC,VA,KIMBERLYRALSTON,8048938630,2,1346022027; 1619222767,64645; 116827
same_name_state_authorized_official_phone,HARPSFOODSTORESINC,AR,ROBERTACORD,4797570224,5,1104117878; 1124223243; 1144426974; 1457608598; 1942486576,19240; 23621; 27555; 87087; 180098
same_name_state_authorized_official_phone,HARPSFOODSTORESINC,AR,ROBERTACORD,4797570225,4,1427305572; 1518442706; 1649515941; 1720410467,80998; 98243; 123185; 138230
same_name_state_authorized_official_phone,HARRISPHARMACYINC,MO,DARRENHARRIS,5738886006,2,1336279645; 1851485809,63472; 162721
same_name_state_authorized_official_phone,HARRISTEETERINC,NC,ROSEWARD,7048446524,2,1417232695; 1942563416,78725; 180270
same_name_state_authorized_official_phone,HARRISTEETERLLC,MD,ALLISONMUENNICH,7048444147,2,1033565486; 1417303736,7033; 78901
same_name_state_authorized_official_phone,HARRISTEETERLLC,NC,ALLISONBREDESTEGE,7048444147,3,1083138242; 1184148488; 1992216220,15370; 34243; 188975
same_name_state_authorized_official_phone,HARRISTEETERLLC,NC,ALLISONMUENNICH,7048444147,5,1659738151; 1669842076; 1689043556; 1770952715; 1962886333,125356; 127417; 129603; 148294; 184552
same_name_state_authorized_official_phone,HARRISTEETERLLC,NC,ALLISONMUENNICH,9199096375,2,1063966729; 1609323203,13185; 114926
same_name_state_authorized_official_phone,HARRISTEETERLLC,NC,JESSIEWARMAN,7048444147,3,1306239876; 1346623204; 1992216147,57424; 66012; 188974
same_name_state_authorized_official_phone,HARRISTEETERLLC,NC,JESSIEWARMAN,9999999999,2,1205471521; 1952895633,38609; 182641
same_name_state_authorized_official_phone,HARRISTEETERLLC,NC,MARYNOBLITT,7048443418,2,1104235803; 1831587476,19459; 159302
same_name_state_authorized_official_phone,HARRISTEETERLLC,VA,ALLISONMUENNICH,7048444147,3,1548620214; 1770930745; 1922468602,104224; 148257; 176507
same_name_state_authorized_official_phone,HARRISTEETERLLC,VA,MARYNOBLITT,7048443418,3,1467861161; 1851714026; 1861813370,89377; 163254; 165279
same_name_state_authorized_official_phone,HARTFORDCLINICALASSOCIATESPC,CT,JOHNFUNDOCK,8605470616,6,1275813156; 1346520228; 1386924264; 1689954661; 1962783381; 1972883858,52680; 65829; 74160; 131328; 184372; 186446
same_name_state_authorized_official_phone,HARTFORDHEALTHCAREMEDICALGROUPINC,CT,MARKVYE,8602462071,3,1568714970; 1609128016; 1780936104,108074; 114639; 150075
same_name_state_authorized_official_phone,HARTFORDHEALTHCAREMEDICALGROUPINC,CT,ROCCOORLANDO,8602462071,2,1457604001; 1841542263,87079; 161048
same_name_state_authorized_official_phone,HARTFORDHEALTHCAREMEDICALGROUPINC,CT,ROCCOORLANDO,8605470616,2,1033461454; 1720140221,6846; 137574
same_name_state_authorized_official_phone,HARTFORDORTHOPAEDICPLASTICHANDSURGEONSINC,CT,RACHELPERRY,8605277161,4,1083951602; 1720882285; 1740931823; 1881433407,16980; 138886; 142742; 168104
same_name_state_authorized_official_phone,HARTPHARMACYINC,OH,MIMIHART,5134711605,2,1053467621; 1689710733,10375; 130690
same_name_state_authorized_official_phone,HARTWELLRXINC,GA,LANCEBOLES,7063765801,2,1154546646; 1609108000,29499; 114586
same_name_state_authorized_official_phone,HARVESTRXLLC,TX,PHIBIGABIR,8326636444,2,1225882970; 1528636651,43276; 100633
same_name_state_authorized_official_phone,HATTIERMEDICALPRODUCTSINC,LA,NEALHATTIER,5044558000,2,1558447730; 1922067719,105552; 175578
same_name_state_authorized_official_phone,HAWTHORNMEDICALASSOCIATESLLC,MA,JAMESGULAREK,5089963991,4,1396965711; 1619196201; 1659649853; 1699947226,76114; 116770; 125210; 133218
same_name_state_authorized_official_phone,HAYATHOMEMEDICALEQUIPMENT,IL,MUBARAKAMINE,7084222300,2,1326013004; 1881107514,60761; 167711
same_name_state_authorized_official_phone,HAYATPHARMACY19LLC,WI,HASHIMZAIBAK,4144830000,2,1356923841; 1962053421,68429; 182851
same_name_state_authorized_official_phone,HAYATPHARMACY22LLC,WI,HASHIMZAIBAK,4148505905,2,1306662549; 1992483598,57963; 189313
same_name_state_authorized_official_phone,HAYATPHARMACY6LLC,WI,HASHIMZAIBAK,4142704444,2,1013436104; 1093280513,2919; 17563
same_name_state_authorized_official_phone,HAYDENFAMILYPHARMACYPC,AL,JENNIFERMETCALF,2055901515,2,1619155744; 1639160732,116685; 120343
same_name_state_authorized_official_phone,HAYENPHARMACIESPA,KS,PAULHAYEN,7855391717,2,1710087432; 1780804740,135481; 149810
same_name_state_authorized_official_phone,HAZTECHMSOLLC,TX,PAULTATE,7137375912,4,1144981861; 1245991413; 1386305068; 1700547460,28358; 47251; 72817; 134188
same_name_state_authorized_official_phone,HCHARLESJELINEKJRDDS,VA,ALLISONPLATT,7035608700,2,1821443672; 1851862940,157232; 163514
same_name_state_authorized_official_phone,HDKENTERPRISESLLC,TX,AMITJAIN,7136608888,2,1508850793; 1649200932,96607; 122211
same_name_state_authorized_official_phone,HDTCORP,PR,AINEXTORRES,7878913953,2,1083050157; 1619939261,15249; 117891
same_name_state_authorized_official_phone,HEADLANDPHARMACYLLC,GA,MARGOTGARRICK,4043440209,2,1730637562; 1912357641,140471; 174194
same_name_state_authorized_official_phone,HEALINGCOMPOUNDSINC,CA,BABAKKOHANTEB,8189050669,2,1477225530; 1790237113,89900; 150650
same_name_state_authorized_official_phone,HEALINGHANDSMINISTRIESINC,TX,ROSAGOMEZ,9723548706,2,1134009954; 1609584093,24665; 115241
same_name_state_authorized_official_phone,HEALTHAIDCOMPANYINC,FL,MICHAELMENSZYCKI,8138797552,2,1558306001; 1902212418,105065; 171833
same_name_state_authorized_official_phone,HEALTHANDHOMECAREOFERWININC,TN,JACOBSWAFFORD,4237432330,2,1366106577; 1932292919,68653; 177930
same_name_state_authorized_official_phone,HEALTHCAREADVOCATESINTERNATIONALLLC,CT,ELYSIACERRETADIAL,2033450404,2,1891591913; 1962092510,170315; 182887
same_name_state_authorized_official_phone,HEALTHCAREDEPOTINC,MD,DAVEPATEL,8889921363,2,1417394537; 1548528169,79060; 104044
same_name_state_authorized_official_phone,HEALTHCAREMEDICALPHARMACYINC,CA,THOMASCHAN,6265734513,2,1639171432; 1962491480,120368; 183611
same_name_state_authorized_official_phone,HEALTHCAREPHARMACYLLC,AZ,RONGRESHAM,6027040044,2,1710674668; 1861165920,136526; 163860
same_name_state_authorized_official_phone,HEALTHCARESERVICESINC,NC,EDDIETUCK,3362721169,2,1205997343; 1255379921,39628; 47941
same_name_state_authorized_official_phone,HEALTHCAREWAREHOUSELLC,LA,TODDBROCK,3183237773,2,1023054871; 1497608475,4091; 94362
same_name_state_authorized_official_phone,HEALTHCOMPLEXMEDICALINC,CT,EDWARDSKLANKA,8885757778,2,1689996688; 1932338829,131416; 178023
same_name_state_authorized_official_phone,HEALTHCOMPLEXMEDICALLLC,CT,WENDYRUSSALESI,2037537778,5,1306518907; 1568465938; 1598828873; 1730859257; 1881364412,57804; 107214; 113833; 140733; 168046
same_name_state_authorized_official_phone,HEALTHDRIVEPODIATRYGROUPPC,MN,RIYAALTOMONTE,8889646681,3,1083268866; 1558915330; 1689228470,15547; 106504; 129869
same_name_state_authorized_official_phone,HEALTHDYNESPECIALTYFLORIDALLC,FL,PHILLIPBISESI,8006418475,2,1033899521; 1801747563,7467; 153331
same_name_state_authorized_official_phone,HEALTHFACILITIESINC,WV,REBECCAHAMMER,3046373630,2,1538139407; 1851539894,101219; 162895
same_name_state_authorized_official_phone,HEALTHFIRSTPHARMACYINC,NY,ALEXANDERABAYEV,2125681020,2,1952793556; 1982073607,182491; 186793
same_name_state_authorized_official_phone,HEALTHFIRSTPHARMACYOFWAKEFORESTLLC,NC,LYNNHOLT,9195690500,2,1285883207; 1942377668,54749; 179829
same_name_state_authorized_official_phone,HEALTHGEARCORP,NJ,SHEIKHHAIDER,6095257887,2,1215870902; 1902738586,41113; 172467
same_name_state_authorized_official_phone,HEALTHHAVENRXINC,NH,AYOYINKAOJUTALAYO,8772892839,2,1407731102; 1760273882,77278; 144958
same_name_state_authorized_official_phone,HEALTHHEAVENRXLLC,NJ,CHIEDOZIECHUKWUNEKE,9085836665,2,1477318293; 1780427484,90003; 148889
same_name_state_authorized_official_phone,HEALTHHUBSUPPLIESLLC,MO,MUHAMMADTAHIR,3462587368,2,1184508756; 1336023902,34640; 62716
same_name_state_authorized_official_phone,HEALTHMARTOFABBEVILLEINC,LA,WESLEYDAVID,3378935335,2,1063698157; 1114105939,12727; 21269
same_name_state_authorized_official_phone,HEALTHMATTERSPHARMACY,FL,VONDALYNWRIGHT,8138006337,2,1205554219; 1891205696,38680; 169836
same_name_state_authorized_official_phone,HEALTHMINISTRIESCLINICINC,KS,MATTHEWSCHMIDT,3162836103,2,1558813667; 1568914661,106350; 108448
same_name_state_authorized_official_phone,HEALTHPARTNERSOFWESTERNOHIO,OH,JENNIFERCLARK,4192221680,2,1609115179; 1811368210,114606; 155008
same_name_state_authorized_official_phone,HEALTHPOINT,WA,DEBRAWILKINSON,8772330246,3,1609093533; 1659387942; 1699140368,114557; 124437; 131645
same_name_state_authorized_official_phone,HEALTHPOINT,WA,DUANENAKAMURA,4252771311,2,1770995722; 1780026880,148359; 148412
same_name_state_authorized_official_phone,HEALTHPOINT,WA,VICKIHAMMOND,4252035404,2,1144710922; 1801442629,28058; 152990
same_name_state_authorized_official_phone,HEALTHPOINT,WA,VICKIHAMMOND,8772330246,3,1336415108; 1366709313; 1417212911,63768; 69931; 78694
same_name_state_authorized_official_phone,HEALTHPRIORITIESINC,MO,SANDRABOLLINGER,5734711930,2,1487895561; 1780732784,93339; 149504
same_name_state_authorized_official_phone,HEALTHSMARTINC,NY,TULLIOBRUNO,9149233000,2,1154488450; 1235971698,29355; 45312
same_name_state_authorized_official_phone,HEALTHSPANINTEGRATEDCARE,OH,DAVIDNOWISKI,2162658810,2,1578998738; 1992130512,110550; 188819
same_name_state_authorized_official_phone,HEALTHSYSTEMSERVICESLTD,NY,ROBERTMINICUCCI,7162832339,2,1366440968; 1932382082,69035; 178134
same_name_state_authorized_official_phone,HEALTHTEXASPROVIDERNETWORK,TX,ELLENFOURTON,2148237090,2,1285908103; 1497020408,54794; 93553
same_name_state_authorized_official_phone,HEALTHTEXASPROVIDERNETWORK,TX,JENNIFERREEVES,2142527020,3,1093557076; 1194567172; 1750123832,17861; 36669; 142917
same_name_state_authorized_official_phone,HEALTHTEXASPROVIDERNETWORK,TX,JENNIFERREEVES,4698005280,3,1386574705; 1518897933; 1912837337,73102; 98764; 174773
same_name_state_authorized_official_phone,HEALTHTEXASPROVIDERNETWORK,TX,JENNIFERREEVES,4698007200,10,1154972891; 1194567271; 1225870801; 1356991582; 1417895210; 1538433453; 1598507675; 1790527877; 1851666861; 1942042023,30243; 36670; 43265; 68509; 79615; 102122; 113155; 151006; 163169; 179031
same_name_state_authorized_official_phone,HEALTHTEXASPROVIDERNETWORK,TX,JENNIFERREEVES,4698009790,5,1215779889; 1245072818; 1295577864; 1417799081; 1790527372,41030; 45430; 55783; 79522; 151005
same_name_state_authorized_official_phone,HEALTHTEXASPROVIDERNETWORK,TX,JENNIFERREEVES,8173755200,6,1003742537; 1023944535; 1326974833; 1437085958; 1801722319; 1932035441,1050; 5621; 62657; 81986; 153289; 177149
same_name_state_authorized_official_phone,HEALTHTEXASPROVIDERNETWORK,TX,JENNIFERREEVES,8174215000,3,1275469710; 1770419293; 1932035458,51611; 147008; 177150
same_name_state_authorized_official_phone,HEALTHTEXASPROVIDERNETWORK,TX,JENNIFERREEVES,8174812121,2,1265368773; 1447186978,49550; 84060
same_name_state_authorized_official_phone,HEALTHTEXASPROVIDERNETWORK,TX,JENNIFERREEVES,9724201776,2,1144156670; 1447186945,26674; 84059
same_name_state_authorized_official_phone,HEALTHTEXASPROVIDERNETWORK,TX,JENNIFERREEVES,9728177450,2,1427890086; 1821830498,81779; 157747
same_name_state_authorized_official_phone,HEALTHTEXASPROVIDERNETWORK,TX,KATEGONZALEZ,4698007200,4,1386438810; 1629872684; 1841167210; 1972307940,72982; 119961; 159981; 185101
same_name_state_authorized_official_phone,HEALTHTEXASPROVIDERNETWORK,TX,MICHELLETELFORD,2148208700,4,1053953315; 1306488663; 1538710199; 1750923009,11279; 57775; 102594; 144594
same_name_state_authorized_official_phone,HEALTHTEXASPROVIDERNETWORK,TX,MICHELLETELFORD,9725963242,2,1619518495; 1962043240,117326; 182835
same_name_state_authorized_official_phone,HEALTHTRACKRXINDIANAINC,IN,MICHAELNEILEN,8662873218,2,1326743535; 1750117719,62412; 142911
same_name_state_authorized_official_phone,HEALTHTREASURESPHARMACYINC,NY,YEVGENYSHOYKHET,7183330395,2,1366468217; 1972638732,69184; 185852
same_name_state_authorized_official_phone,HEALTHTRONIXLYMPHEDEMAMANAGEMENTINC,PA,CHERIHOSKINS,4127714800,2,1659507929; 1932335056,124912; 178017
same_name_state_authorized_official_phone,HEALTHWARERESPIRATORYSERVICESINC,AR,ROBERTANDERS,8708366055,2,1164445540; 1235153644,30810; 43686
same_name_state_authorized_official_phone,HEALTHWAYPHARMACY,NC,PAULMORTON,9102984181,2,1144360553; 1497891923,27350; 95152
same_name_state_authorized_official_phone,HEALTHWESTINC,ID,AMELIAMURPHY,2082327862,3,1366251951; 1881389062; 1932033602,68816; 168064; 177147
same_name_state_authorized_official_phone,HEALTHWISEPHARMACYPLLC,AR,RICHARDPARKS,4799284499,2,1407356678; 1538529508,76831; 102300
same_name_state_authorized_official_phone,HEALTHYFORLIFELLC,NJ,MAHENDRAPATEL,9087563232,2,1235417924; 1841567682,44532; 161092
same_name_state_authorized_official_phone,HEALTHYSTEP,NY,ELIWEBER,7182540017,2,1386190155; 1649523150,72674; 123205
same_name_state_authorized_official_phone,HEARTLANDPHARMACYINC,FL,RDUNCAN,8633852866,5,1316958358; 1588675714; 1659382802; 1881605970; 1972514065,60533; 111484; 124381; 168325; 185337
same_name_state_authorized_official_phone,HEARTOFFLORIDAHEALTHCENTERINC,FL,MATTHEWCLAY,3527326599,5,1174192843; 1184296576; 1396227484; 1568934040; 1801745013,32321; 34427; 74728; 108469; 153326
same_name_state_authorized_official_phone,HEIGHTSPHARMACYCORPORATION,NJ,AMNAZIA,2012221777,2,1336034263; 1457694952,62729; 87230
same_name_state_authorized_official_phone,HELOMICSCORPORATION,PA,NEILCAMPBELL,4124321500,2,1477977254; 1851347884,91524; 162310
same_name_state_authorized_official_phone,HELPLINKLLC,GA,CLAUDETTESLADE,4786212070,3,1144433707; 1255481321; 1518006055,27567; 48291; 97225
same_name_state_authorized_official_phone,HENRYFORDHEALTHSYSTEM,MI,CARENELKHOURY,3134017538,2,1750232625; 1902757784,143043; 172489
same_name_state_authorized_official_phone,HERBSUNITEDDRUGSINC,CA,JEFFREYMARCUS,3239659885,2,1528213782; 1912942236,99900; 175103
same_name_state_authorized_official_phone,HERINGTONHOSPITALINC,KS,ISABELSCHMEDEMANN,7852585153,2,1215532494; 1558932376,40765; 106526
same_name_state_authorized_official_phone,HERITAGELABSINC,MI,NAMEERKIMINAIA,2487204080,2,1154197374; 1790274678,28561; 150702
same_name_state_authorized_official_phone,HERITAGEPARKPHARMACYINC,IA,MICHAELMCCOY,3197681000,2,1548974850; 1891401535,104699; 170105
same_name_state_authorized_official_phone,HERITAGEPHARMACYLLC,OK,DENNISSATCHELL,4053756300,2,1548509615; 1982919130,104016; 188455
same_name_state_authorized_official_phone,HERNANDEZBUITRAGOSONSINC,PR,CARMENBUITRAGO,7878643636,3,1073733150; 1184636631; 1982824066,14647; 34823; 188212
same_name_state_authorized_official_phone,HHDRUGSORESINC,CA,JAYWENDT,9729224122,2,1053100602; 1457155491,9548; 85974
same_name_state_authorized_official_phone,HHMEDICALSUPPLY,CA,HAGOPKAPUTYAN,8182458300,2,1114196524; 1598913113,21447; 114165
same_name_state_authorized_official_phone,HICKORYFAMILYPHARMACYLLC,NC,MAURICEBATSHON,8283244630,2,1558881037; 1962595397,106437; 183955
same_name_state_authorized_official_phone,HIGHCOUNTYHEALTHCAREPC,CO,SARAHDUNN,8006839930,3,1043461577; 1144471665; 1154572675,8664; 27642; 29562
same_name_state_authorized_official_phone,HIGHGATELLC,NM,VIVIANPYNES,5052076944,2,1487572681; 1851219059,92324; 161923
same_name_state_authorized_official_phone,HIGHLANDPARKCVSLLC,IL,SUSANCOLBERT,4017651500,5,1164372157; 1194966960; 1497993232; 1538696927; 1689523698,30605; 37677; 95353; 102584; 130214
same_name_state_authorized_official_phone,HIGHLANDPARKCVSLLC,IL,SUSANCOLBERT,8154580642,2,1437234606; 1619052701,82474; 116366
same_name_state_authorized_official_phone,HIGHLANDPHARMACYINC,KY,TRAVISHUDNALL,2706294300,3,1215287057; 1427328459; 1710308408,40400; 81035; 135987
same_name_state_authorized_official_phone,HIGHLANDRIVERSCENTERCSB,GA,FRANKAARON,7062705050,2,1255494365; 1396809620,48324; 75636
same_name_state_authorized_official_phone,HIGHLANDSONCOLOGYGROUPPA,AR,TERESANAGY,4795871700,2,1487373197; 1598393605,92137; 113036
same_name_state_authorized_official_phone,HIGHPROFILELABORATORIESTESTINGSERVICESLLC,PR,CARMENRIPOLL,7877200760,2,1003907346; 1609643972,1517; 115303
same_name_state_authorized_official_phone,HILLCRESTPHARMACY,NJ,DILESHPATEL,8566630700,2,1497782627; 1851374490,94712; 162354
same_name_state_authorized_official_phone,HILLCRESTPHYSICIANSERVICES,TX,SHELLIEMACH,2547411400,2,1003752270; 1255277422,1062; 47576
same_name_state_authorized_official_phone,HILLROMCOMPANYINC,AZ,WILLIAMJONES,8006382546,2,1336236595; 1528133881,63301; 99608
same_name_state_authorized_official_phone,HILLROMCOMPANYINC,CA,WILLIAMJONES,8006382546,11,1033292438; 1104914969; 1124101522; 1194802207; 1255428413; 1437247848; 1548358229; 1649368051; 1649368069; 1710075155; 1841388642,6506; 20546; 23185; 37162; 48070; 82514; 103620; 122763; 122764; 135386; 160671
same_name_state_authorized_official_phone,HILLROMCOMPANYINC,CO,WILLIAMJONES,8006382546,3,1285722413; 1356416481; 1477641611,54289; 67304; 90733
same_name_state_authorized_official_phone,HILLROMCOMPANYINC,FL,WILLIAMJONES,8006382546,7,1184104200; 1194909895; 1255515961; 1376727099; 1568646271; 1669656377; 1912181629,34176; 37578; 48398; 71921; 107932; 127081; 173841
same_name_state_authorized_official_phone,HILLROMCOMPANYINC,GA,WILLIAMJONES,8006382546,3,1427146554; 1487729455; 1518032572,80534; 92826; 97302
same_name_state_authorized_official_phone,HILLROMCOMPANYINC,ID,WILLIAMJONES,8006382546,2,1417015199; 1659460251,78123; 124706
same_name_state_authorized_official_phone,HILLROMCOMPANYINC,IL,WILLIAMJONES,8006382546,3,1477611168; 1568549673; 1801954599,90621; 107596; 153915
same_name_state_authorized_official_phone,HILLROMCOMPANYINC,IN,ALTONSHADER,8006382546,2,1154505576; 1205993797,29417; 39617
same_name_state_authorized_official_phone,HILLROMCOMPANYINC,IN,WILLIAMJONES,8006382546,5,1083775282; 1174681886; 1538221890; 1679631394; 1780742494,16551; 33339; 101560; 128706; 149531
same_name_state_authorized_official_phone,HILLROMCOMPANYINC,LA,WILLIAMJONES,8006382546,3,1467510016; 1528126174; 1932267580,88549; 99581; 177852
same_name_state_authorized_official_phone,HILLROMCOMPANYINC,MA,WILLIAMJONES,8006382546,2,1225115330; 1902964463,41934; 173172
same_name_state_authorized_official_phone,HILLROMCOMPANYINC,MI,WILLIAMJONES,8006382546,5,1073671590; 1215095724; 1598823015; 1790865863; 1891853396,14500; 39990; 113817; 151734; 170961
same_name_state_authorized_official_phone,HILLROMCOMPANYINC,MO,WILLIAMJONES,8006382546,4,1255490546; 1689732919; 1720147069; 1902964232,48314; 130758; 137602; 173169
same_name_state_authorized_official_phone,HILLROMCOMPANYINC,MT,WILLIAMJONES,8006382546,2,1053470393; 1053491167,10383; 10454
same_name_state_authorized_official_phone,HILLROMCOMPANYINC,NC,WILLIAMJONES,8006382546,5,1215014329; 1285714295; 1396804605; 1558420844; 1578622874,39691; 54260; 75622; 105472; 109627
same_name_state_authorized_official_phone,HILLROMCOMPANYINC,ND,WILLIAMJONES,8006382546,2,1417037425; 1740378876,78192; 141709
same_name_state_authorized_official_phone,HILLROMCOMPANYINC,NE,WILLIAMJONES,8006382546,2,1477635977; 1639353212,90703; 121044
same_name_state_authorized_official_phone,HILLROMCOMPANYINC,NJ,WILLIAMJONES,8006382546,3,1003993114; 1699834366; 1912087941,1833; 132824; 173632
same_name_state_authorized_official_phone,HILLROMCOMPANYINC,NV,WILLIAMJONES,8006382546,2,1407936453; 1760541437,77823; 145528
same_name_state_authorized_official_phone,HILLROMCOMPANYINC,NY,WILLIAMJONES,8006382546,6,1003996059; 1134288822; 1295919793; 1407835515; 1477737989; 1689733370,1841; 25457; 56757; 77406; 91082; 130760
same_name_state_authorized_official_phone,HILLROMCOMPANYINC,OH,WILLIAMJONES,8006382546,5,1003090531; 1275692972; 1649339391; 1679632319; 1750440384,193; 52397; 122677; 128709; 143563
same_name_state_authorized_official_phone,HILLROMCOMPANYINC,OK,WILLIAMJONES,8006382546,2,1487714192; 1801955299,92759; 153920
same_name_state_authorized_official_phone,HILLROMCOMPANYINC,PA,WILLIAMJONES,8006382546,3,1386706398; 1467514406; 1568524585,73522; 88564; 107507
same_name_state_authorized_official_phone,HILLROMCOMPANYINC,SC,WILLIAMJONES,8006382546,3,1003090549; 1508306531; 1720262264,194; 95923; 137975
same_name_state_authorized_official_phone,HILLROMCOMPANYINC,SD,WILLIAMJONES,8006382546,2,1316027766; 1366626772,58904; 69791
same_name_state_authorized_official_phone,HILLROMCOMPANYINC,TN,WILLIAMJONES,8006382546,4,1144404559; 1225212632; 1346424751; 1518047976,27504; 42276; 65634; 97360
same_name_state_authorized_official_phone,HILLROMCOMPANYINC,TX,WILLIAMJONES,8006382546,4,1073797403; 1073797494; 1083898407; 1639353063,14786; 14787; 16859; 121043
same_name_state_authorized_official_phone,HILLROMCOMPANYINC,VA,WILLIAMJONES,8006382546,2,1275717621; 1487734869,52460; 92842
same_name_state_authorized_official_phone,HILLROMCOMPANYINC,WA,WILLIAMJONES,8006382546,2,1114007507; 1831373281,20890; 158870
same_name_state_authorized_official_phone,HILLROMCOMPANYINC,WI,WILLIAMJONES,8006382546,2,1366522757; 1760666119,69424; 145941
same_name_state_authorized_official_phone,HILLROMCOMPANYINC,WV,WILLIAMJONES,8006382546,2,1417131863; 1972665347,78514; 185939
same_name_state_authorized_official_phone,HILSLLC,MO,ANNHILS,6602634457,2,1174929723; 1205357308,33869; 38468
same_name_state_authorized_official_phone,HILTONPHARMACYLLC,WA,MARYKIRKLAND,3606593222,2,1083975031; 1174651434,17028; 33256
same_name_state_authorized_official_phone,HIRODMECORPORATION,TX,GENEVIEVEHAGER,7139554341,2,1083582217; 1669353546,15870; 126129
same_name_state_authorized_official_phone,HISPANICMEDICALMANAGEMENT,GA,JESSECOTA,7706130070,3,1447470737; 1730309022; 1821218116,84995; 139814; 156777
same_name_state_authorized_official_phone,HITCHCOCKFAMILYMEDICINEPLLC,TN,MATTHEWHITCHCOCK,4234066764,2,1770327769; 1851226260,146913; 161934
same_name_state_authorized_official_phone,HITECHMEDICALINC,TX,SHANNONSUMMIT,9032239001,2,1194744029; 1619975547,36979; 117957
same_name_state_authorized_official_phone,HJLLC,AL,ROBERTJONES,2056805160,2,1295880482; 1376699165,56613; 71856
same_name_state_authorized_official_phone,HKPHARMACYINC,FL,NIRAVPATEL,9047372216,2,1710986575; 1740010859,137013; 140884
same_name_state_authorized_official_phone,HLDRUGSINC,MI,HALLAAWDISH,2486936219,2,1710095187; 1881872265,135506; 169220
same_name_state_authorized_official_phone,HMBLOOMINGDALELLC,FL,ANTHONYTRUNZO,8136892273,2,1326825241; 1457741696,62513; 87306
same_name_state_authorized_official_phone,HMHEALTHCAREINC,SC,KYLEMCHUGH,8032472133,3,1497956130; 1922198902; 1972803252,95300; 175976; 186311
same_name_state_authorized_official_phone,HMSSLEEPLABLLC,TX,JERRYHORN,9036759360,2,1235264748; 1407021017,44190; 76216
same_name_state_authorized_official_phone,HNPHARMACYINC,TX,ABDULHAMEED,2143314500,2,1235428012; 1639879562,44543; 121898
same_name_state_authorized_official_phone,HOLABIRDPHARMACYINCDBAUNIVERSALHEALTH,MD,ALBERTLICHTMAN,4102823300,4,1295800464; 1306913561; 1346313400; 1427122241,56273; 58496; 65225; 80432
same_name_state_authorized_official_phone,HOLDAWAYMEDICALSERVICESLLC,KY,JEFFREYWEST,5022660092,3,1104027978; 1215114350; 1528045101,19086; 40036; 99248
same_name_state_authorized_official_phone,HOLIDAYCVSLLC,FL,SUSANCOLBERT,3056333000,2,1538274659; 1922391416,101773; 176361
same_name_state_authorized_official_phone,HOLIDAYCVSLLC,FL,SUSANCOLBERT,3056367779,5,1174638290; 1356456479; 1457466575; 1619082732; 1891800918,33240; 67522; 86811; 116510; 170800
same_name_state_authorized_official_phone,HOLIDAYCVSLLC,FL,SUSANCOLBERT,4017651500,15,1083502587; 1134077860; 1184238321; 1245426857; 1326697335; 1669986766; 1730905423; 1760121552; 1770467466; 1790621639; 1811517758; 1891466421; 1891978367; 1902736432; 1972485795,15804; 24728; 34354; 46408; 62367; 127625; 140780; 144799; 147072; 151110; 155239; 170179; 171337; 172459; 185286
same_name_state_authorized_official_phone,HOLLANDFOOTANDANKLECENTERPC,MI,BRENTVANTIL,6163927472,2,1003353640; 1356888986,646; 68392
same_name_state_authorized_official_phone,HOLLANDFOOTANDANKLECENTERPC,MI,DEBVENEMA,6163927472,2,1346916624; 1780341784,66454; 148804
same_name_state_authorized_official_phone,HOLLYSTREETDRUGSLLC,SC,RACHELOSTEEN,8034960007,3,1417356320; 1518351139; 1801927017,78994; 98078; 153827
same_name_state_authorized_official_phone,HOLMACINC,MS,STEVEMCMELLON,2285882888,2,1184764193; 1548235013,35377; 103166
same_name_state_authorized_official_phone,HOLMESREGIONALMEDICALCENTERINC,FL,JOSEPHFELKNER,3214347355,2,1265831150; 1265835938,50821; 50827
same_name_state_authorized_official_phone,HOLYTRINITYPHARMACYLLC,FL,NANCYAWAD,7273124384,2,1497393524; 1811657588,94132; 155408
same_name_state_authorized_official_phone,HOMECAREMEDICALINC,WI,WENDYRUSSALESI,2627869870,2,1760775993; 1851328157,146136; 162222
same_name_state_authorized_official_phone,HOMECAREMEDICALPRODUCTSINC,CA,HAIKOUHIKAVOUKJIAN,3236660414,2,1255484994; 1639231483,48301; 120634
same_name_state_authorized_official_phone,HOMECAREMEDICALPRODUCTSINC,CA,HAIKOUHIKAVOUKJIAN,8182477000,3,1205976438; 1912051475; 1962007146,39559; 173519; 182771
same_name_state_authorized_official_phone,HOMECONVALESCENTAIDSINC,KY,DONALDDOVE,8597454445,2,1104807841; 1215087820,20130; 39971
same_name_state_authorized_official_phone,HOMEDELIVERYINCONTINENTSUPPLIESCOINC,MO,BRADGOODWIN,3149978771,2,1649383084; 1841487980,122871; 160928
same_name_state_authorized_official_phone,HOMEHEALTHDEPOTINC,IN,DAVIDHARTLEY,2603991355,2,1093016669; 1790057701,17116; 150331
same_name_state_authorized_official_phone,HOMELIFEOXYGENLLC,TN,GREGORYFOUST,9013733503,2,1114909330; 1588716427,22437; 111710
same_name_state_authorized_official_phone,HOMEMEDICALEQUIPMENTSPECIALISTSLLC,NM,DEBORAHLANSDELL,5058886500,4,1073937306; 1245618404; 1720042583; 1750875621,15064; 46756; 137316; 144541
same_name_state_authorized_official_phone,HOMEMEDICALPRODUCTSANDSERVICESLLC,WI,STEPHENGRIGGS,7155612525,2,1164694923; 1285613372,31530; 53851
same_name_state_authorized_official_phone,HOMEMEDICALPRODUCTSINC,MS,KEVINATKINS,7316600146,2,1437819034; 1588332605,83695; 111036
same_name_state_authorized_official_phone,HOMEMEDICALPRODUCTSINC,TN,DANIELSTOUTE,8776600084,3,1063646966; 1619527249; 1730760828,12595; 117342; 140629
same_name_state_authorized_official_phone,HOMEORTHOPEDICSCORP,PR,JESUSRODRIGUEZ,7877631002,2,1538228515; 1578560447,101578; 109342
same_name_state_authorized_official_phone,HOMERCITYPHARMACYINC,PA,DAVIDMATEER,7246399022,2,1245300201; 1356352926,45944; 66949
same_name_state_authorized_official_phone,HOMETHERAPYEQUIPMENTINC,OK,MARYPRUETT,9185821975,2,1417175878; 1992923379,78612; 190359
same_name_state_authorized_official_phone,HOMETOWNDISCOUNTPHARMACYOFGREENVILLEINC,NC,WILLIAMJACKSON,2527520003,2,1942394358; 1942632369,179885; 180379
same_name_state_authorized_official_phone,HOMETOWNHEALTHCAREINC,MS,KEVINKILGORE,6624564630,3,1265360911; 1265486658; 1851171854,49527; 49945; 161888
same_name_state_authorized_official_phone,HOMETOWNMEDICALSUPPLIESLLC,KY,JERRYPENNINGTON,6063761551,2,1326037102; 1528358520,60813; 100177
same_name_state_authorized_official_phone,HOMETOWNPHARMACYLLC,NC,CHITRUNGHUYNH,9198569502,2,1235933060; 1982050670,45267; 186758
same_name_state_authorized_official_phone,HONESTPHARMACYLLC,CA,LINGKUANHSU,6265452919,2,1104474139; 1285215863,19810; 53408
same_name_state_authorized_official_phone,HONGSHONGENTERPRISESINC,CA,PETERWANG,8055238300,2,1518253863; 1831477942,97894; 159085
same_name_state_authorized_official_phone,HOOKSUPERXLLC,IN,SUSANCOLBERT,3175691392,2,1215026901; 1841373347,39734; 160612
same_name_state_authorized_official_phone,HOOKSUPERXLLC,IN,SUSANCOLBERT,4017651500,10,1023251444; 1093971319; 1285188805; 1497911259; 1518064823; 1578053799; 1689838419; 1790942936; 1831355668; 1902055908,4631; 18949; 53381; 95198; 97455; 108674; 131114; 152014; 158826; 171495
same_name_state_authorized_official_phone,HOPEARTIFICIALLIMBBRACELLC,CA,MINERVARODRIGUEZ,3232464645,3,1609616481; 1871333674; 1992165815,115276; 166034; 188886
same_name_state_authorized_official_phone,HOPEMILLSPHARMACYLLC,NC,JOSEPHWILLIAMS,9104256106,2,1043739030; 1700983640,9173; 135064
same_name_state_authorized_official_phone,HOPKINSDRUGSLLC,NY,PANKITSUTARIA,7184292140,2,1134547375; 1801822531,25969; 153546
same_name_state_authorized_official_phone,HORIZONHEALTHCARESERVICESINC,FL,WILLIAMYATES,8506384719,4,1386657989; 1477566073; 1568475168; 1710984596,73259; 90356; 107243; 137004
same_name_state_authorized_official_phone,HORIZONOXYGENANDMEDICALEQUIPMENTINC,CA,PAULHUANTE,7145758901,3,1235365958; 1275769234; 1487703948,44419; 52562; 92726
same_name_state_authorized_official_phone,HORIZONRESPIRATORYMEDICALSUPPLYLLC,MD,JUMOKEAKINNAGBE,4108970514,2,1003978958; 1609172501,1771; 114699
same_name_state_authorized_official_phone,HORNSMEDICALSUPPLYINC,TX,JERRYHORN,9036759360,2,1013008440; 1396760401,1878; 75424
same_name_state_authorized_official_phone,HORSTPHARMACYLC,MO,STEVENHORST,5732438173,2,1255993812; 1972165538,49169; 184977
same_name_state_authorized_official_phone,HORTONSORTHOTICLABINC,AR,GARYHORTON,5016632908,3,1134669138; 1306129747; 1427042308,26176; 57205; 80067
same_name_state_authorized_official_phone,HOSEPHARMACIESINC,MD,BRIANHOSE,3014327223,2,1134526700; 1710137328,25934; 135609
same_name_state_authorized_official_phone,HOSPITALPHARMACYOFWASHINGTONINC,NC,WALTONONEAL,2529464113,2,1396755401; 1710522776,75409; 136360
same_name_state_authorized_official_phone,HOUSTONCOUNTYHEALTHCAREAUTHORITY,AL,JOSEPHDRAKE,3347938116,2,1093556193; 1568990125,17860; 108586
same_name_state_authorized_official_phone,HOWARDFAMILYPHARMACYINC,KY,WESLEYHOWARD,6063584800,2,1063648384; 1669604732,12602; 126941
same_name_state_authorized_official_phone,HOWARDPHARMAINC,PA,ARVINDPAKANATI,6106420234,2,1548578933; 1780766816,104141; 149617
same_name_state_authorized_official_phone,HOWARDSPHARMACYINC,OR,JHOWARD,5419472141,2,1003051558; 1912059569,94; 173539
same_name_state_authorized_official_phone,HOWARDWAXMAN,OH,HOWARDWAXMAN,4405465656,2,1255519807; 1427416833,48410; 81201
same_name_state_authorized_official_phone,HPBPHARMACY,TX,TAMIKAFORD,7137991472,2,1215921267; 1538766019,41190; 102645
same_name_state_authorized_official_phone,HPCHEALTHLLC,MD,HETALBENPATEL,4434851944,2,1437033735; 1699203117,81938; 131758
same_name_state_authorized_official_phone,HPMFOUNDATIONINC,PR,IVONNERIVERA,7872684171,2,1417359142; 1881821874,79000; 169085
same_name_state_authorized_official_phone,HRMGTCORP,FL,OSCARRIJSSENBEEK,3059032303,2,1033702501; 1932792405,7251; 178770
same_name_state_authorized_official_phone,HSCHAMPSMEDICALLTD,TX,MICHAELHERNANDEZ,2106141414,2,1255512786; 1295831089,48389; 56380
same_name_state_authorized_official_phone,HSHSMEDICALGROUPINC,IL,MELINDACLARK,2172431101,2,1215324009; 1790172583,40465; 150532
same_name_state_authorized_official_phone,HUBERMEDICALLLC,OH,KELLYPITZULO,3306299500,2,1346236635; 1366599375,64874; 69729
same_name_state_authorized_official_phone,HUDSONDISCOUNTDRUGINC,NC,JREECE,8287283561,5,1518977123; 1700895133; 1811907421; 1902816515; 1982614590,98994; 134788; 155712; 172629; 187472
same_name_state_authorized_official_phone,HUDSONHEADWATERSHEALTHNETWORK,NY,JOELWRIGHT,8882919195,3,1003798943; 1194610717; 1245917871,1111; 36725; 47165
same_name_state_authorized_official_phone,HUDSONVIEWPHARMACYINC,NY,NEERAJGUPTA,8455614370,2,1093099038; 1720043052,17271; 137317
same_name_state_authorized_official_phone,HUGHSTONCLINICPC,AL,AMANDAFROMKIN,3342749000,3,1538886056; 1730806894; 1992440457,102779; 140673; 189271
same_name_state_authorized_official_phone,HUGHSTONCLINICPC,GA,AMANDAFROMKIN,7063246661,3,1104316652; 1508448127; 1982282232,19600; 96123; 187092
same_name_state_authorized_official_phone,HUGHSTONCLINICPC,GA,MARKBAKER,7066464371,2,1699951897; 1942442165,133230; 179987
same_name_state_authorized_official_phone,HUGHSTONMEDICALGROUPPC,GA,AMANDAFROMKIN,7063246661,2,1013555838; 1417520446,3059; 79236
same_name_state_authorized_official_phone,HUGHSTONORTHOPAEDICSOUTHEASTPC,FL,AMANDAFROMKIN,4075954389,2,1457093361; 1477220051,85908; 89897
same_name_state_authorized_official_phone,HUGHSTONORTHOPAEDICSOUTHEASTPC,FL,AMANDAFROMKIN,9043759753,2,1659892529; 1689131617,125598; 129734
same_name_state_authorized_official_phone,HUIEPHARMACYLLC,NC,CATHYHUIE,3368388988,3,1124115324; 1265878524; 1942517370,23228; 50913; 180174
same_name_state_authorized_official_phone,HUNTERDONSPECIALTYCAREPC,NJ,DAVIDSKILLINGE,9087886449,2,1669947388; 1831664556,127578; 159453
same_name_state_authorized_official_phone,HUSTONHEALTHCARELLC,MT,MATTHEWHUSTON,4068627070,2,1003338765; 1831699651,625; 159495
same_name_state_authorized_official_phone,HUTCHINSONCLINICPAINC,KS,MICHAELHARMS,6206692500,2,1386619310; 1962477356,73157; 183570
same_name_state_authorized_official_phone,HYDEPARKPHARMACYINC,NY,ABBASLODHI,8452295599,2,1063738789; 1265758346,12810; 50682
same_name_state_authorized_official_phone,HYGEIAIIMEDICALGROUPINC,CA,BRETTNAKFOOR,7145157571,3,1205374154; 1811435068; 1902140734,38488; 155135; 171700
same_name_state_authorized_official_phone,HYPERIONLLC,OK,DARRENTIDWELL,9186899940,2,1295867612; 1740507334,56566; 142094
same_name_state_authorized_official_phone,HYVEEINC,IA,ANGIENELSON,5152672800,2,1790240851; 1952866014,150655; 182607
same_name_state_authorized_official_phone,HYVEEINC,IA,ANGIENELSON,5154532784,3,1003842477; 1063440550; 1417121112,1322; 11971; 78477
same_name_state_authorized_official_phone,HYVEEINC,IA,ANGIENELSON,5159864527,2,1447292081; 1750058772,84402; 142853
same_name_state_authorized_official_phone,HYVEEINC,IA,ROBERTEGELAND,7127325067,2,1659555225; 1891975033,125009; 171327
same_name_state_authorized_official_phone,HYVEEINC,MN,ANGIENELSON,5152672800,2,1003337023; 1851856918,623; 163505
same_name_state_authorized_official_phone,HYVEEINC,NE,ANGIENELSON,4028910600,2,1164467585; 1942245097,30937; 179422
same_name_state_authorized_official_phone,IBISHEALTHCAREINC,FL,JOELALLANILLA,8132398545,2,1578395893; 1952026692,109092; 180908
same_name_state_authorized_official_phone,ICONIQSPINEORTHOPAEDICCENTERPLLC,TX,TRUNGHA,4694447246,3,1265278790; 1811733348; 1982440426,49464; 155484; 187280
same_name_state_authorized_official_phone,IDAHOMEDICALPRODUCTS,ID,TERRYHEALY,2084408967,2,1073919643; 1124425723,15030; 23991
same_name_state_authorized_official_phone,IDAHOSLEEPSOLUTIONSLLC,ID,DONALDBEASLEY,2083758222,2,1275713158; 1699943332,52447; 133200
same_name_state_authorized_official_phone,IDEALOPTIONPLLC,WA,BRIANDAWSON,5092221275,2,1770304909; 1841648623,146896; 161222
same_name_state_authorized_official_phone,IDEALPHYSICALTHERAPYOFTEXASLLC,TX,WADEMEYER,9729796577,2,1003579590; 1902773161,912; 172511
same_name_state_authorized_official_phone,IGENOMEINC,CA,YUSONG,2678962176,2,1104446798; 1871113431,19778; 165784
same_name_state_authorized_official_phone,IGIETSUMEDICALGENERALMERCHANDIZESUPPLIES,TX,AHMADUIGIETSU,8173003640,2,1396982401; 1578733440,76146; 110028
same_name_state_authorized_official_phone,IHAHEALTHSERVICESCORPORATION,MI,CYNTHIAELLIOTT,7345721141,3,1588321905; 1699386227; 1780335661,111019; 132023; 148792
same_name_state_authorized_official_phone,IMAGESPHARMACYINC,NY,SARFRAZSUBZWARI,7184555065,3,1215972369; 1508079625; 1518087808,41436; 95544; 97551
same_name_state_authorized_official_phone,IMEDEQUIPLLC,AL,LONNIEDORCEY,2562063975,2,1770309742; 1831900695,146899; 159722
same_name_state_authorized_official_phone,IMGRXSJVALLEYINC,CA,MICHAELBROWN,8004924227,3,1063087161; 1215511035; 1336776285,11418; 40743; 64380
same_name_state_authorized_official_phone,IMGRXSLOINC,CA,MICHAELBROWN,5125962930,2,1225582570; 1689128936,42953; 129731
same_name_state_authorized_official_phone,IMMUNETECHINC,CA,LISAELKINS,6503121066,2,1003366964; 1952601593,664; 182153
same_name_state_authorized_official_phone,IMPAKTMEDICALLLC,CA,BRYANTMAJERNIK,9168447800,2,1306606231; 1992299838,57896; 189123
same_name_state_authorized_official_phone,INCYTEPATHOLOGYPLLC,WA,CORYMOSS,5098922700,2,1316251358; 1952651184,59506; 182257
same_name_state_authorized_official_phone,INDEPENDENCEPROSTHETICSORTHOTICSINC,DE,IVANSABEL,3023699476,2,1871747931; 1962239384,167002; 183037
same_name_state_authorized_official_phone,INDEPENDENTLIVINGEQUIPMENTANDPACMED,HI,KEITHMATSUNAGA,8085371671,2,1093841835; 1811971872,18611; 155946
same_name_state_authorized_official_phone,INDIANAUNIVERSITYHEALTHINC,IN,JENNIFERALVEY,8888029791,3,1295975365; 1760611701; 1902061583,56864; 145804; 171506
same_name_state_authorized_official_phone,INDIANRIVERHANDREHABILITATIONINC,FL,STACYBEARD,7725626401,2,1437363777; 1528272861,82919; 100030
same_name_state_authorized_official_phone,INDIANTOWNSHIPTRIBALGOVERNMENT,ME,ANDREAHANSON,2077962321,2,1215111026; 1619005493,40030; 116218
same_name_state_authorized_official_phone,INDUNAINVESTMENTSINTERNATIONALINC,TX,DAWNMOSHIER,4692481000,2,1518628320; 1841583192,98510; 161113
same_name_state_authorized_official_phone,INFINITEHEALTHCOLLABORATIVEPA,MN,AARONJOHNSON,6514398807,2,1730554098; 1932587383,140298; 178515
same_name_state_authorized_official_phone,INFINITEHEALTHCOLLABORATIVEPA,MN,ELIZABETHSWEEN,6514398807,4,1215315650; 1215315668; 1376921726; 1740668102,40444; 40445; 72272; 142380
same_name_state_authorized_official_phone,INFINITEHEALTHCOLLABORATIVEPA,MN,ELIZABETHSWEEN,7635207870,3,1023217379; 1497837264; 1730261512,4577; 94920; 139618
same_name_state_authorized_official_phone,INFINITEHEALTHCOLLABORATIVEPA,MN,ELIZABETHSWEEN,9524422163,2,1174822100; 1528140365,33647; 99632
same_name_state_authorized_official_phone,INFINITEHEALTHCOLLABORATIVEPA,MN,ELIZABETHSWEEN,9524567000,2,1821174657; 1942382700,156621; 179840
same_name_state_authorized_official_phone,INFINITEHEALTHCOLLABORATIVEPA,WI,BRANDONJANIKE,7153861155,2,1376241778; 1962194589,70823; 182991
same_name_state_authorized_official_phone,INFUSIONRESOURCELLC,RI,MARIANMARCOCCIO,4014310200,2,1033577648; 1497011910,7057; 93541
same_name_state_authorized_official_phone,INGENIOUSPERSONALIZEDMEDICINELLC,CO,SCOTTSEGAL,7862211734,2,1083280978; 1982318671,15560; 187139
same_name_state_authorized_official_phone,INGENIOUSPERSONALIZEDMEDICINELLC,FL,SCOTTSEGAL,7862211734,2,1598161846; 1669141230,112709; 125922
same_name_state_authorized_official_phone,INGLESMARKETSINC,NC,STEPHENCUCCHI,8286692941,2,1326765983; 1659725703,62438; 125337
same_name_state_authorized_official_phone,INJOYRXLLC,CA,DANIELLEE,9095979500,2,1114307923; 1174042725,21656; 32118
same_name_state_authorized_official_phone,INNERCITYBLEUSLLC,MI,DEYONTANEWSOME,3137178952,2,1427709856; 1699426023,81616; 132069
same_name_state_authorized_official_phone,INNOVARXINC,NJ,ALEXANDRANISSENGOLTS,7324905216,2,1063286581; 1952137275,11636; 181032
same_name_state_authorized_official_phone,INNOVATIVEPROSTHETICDESIGNSLLC,MS,JOHNUNGARO,6622409700,2,1770535759; 1881075950,147269; 167660
same_name_state_authorized_official_phone,INNOVATIVEPROSTHETICSORTHOTICS,NE,ASHVINISENGAR,4024614931,2,1609940782; 1841235785,115933; 160231
same_name_state_authorized_official_phone,INOVATECHNOLOGIESLLC,FL,MUHAMMADMUHEET,3076229550,2,1013840511; 1700704822,3342; 134345
same_name_state_authorized_official_phone,INSIGHTCHICAGOINC,IL,ROBINCOLE,3125672000,2,1174241202; 1588449201,32368; 111154
same_name_state_authorized_official_phone,INSPIREDSOLUTIONSINC,WA,WILLIAMMOWREADER,5098381228,2,1700019908; 1891974614,133337; 171324
same_name_state_authorized_official_phone,INTEGRASLEEPLLC,NC,STEVENFEIERSTEIN,9198387600,4,1124347679; 1215277413; 1417278631; 1700107927,23845; 40389; 78843; 133531
same_name_state_authorized_official_phone,INTEGRATECOMMUNITYHEALTHSYSTEM,PR,VIVIANSOLIVAN,7877729850,2,1205189115; 1457710782,38158; 87246
same_name_state_authorized_official_phone,INTEGRATEDBUSINESSPRESCRIPTIONSINC,VA,DONNAPATTERSON,5408863433,2,1174697593; 1619946613,33392; 117899
same_name_state_authorized_official_phone,INTEGRATEDMEDICALPROFESSIONALSPLLC,NY,JAMESWEBER,2126869015,2,1295534626; 1518723717,55743; 98598
same_name_state_authorized_official_phone,INTEGRISPROHEALTHINC,OK,MICHAELWEED,4057732300,2,1487365557; 1588992861,92124; 112394
same_name_state_authorized_official_phone,INTEGRITYINC,MO,LARRYMCINTOSH,5734315040,2,1225140817; 1255500526,42059; 48345
same_name_state_authorized_official_phone,INTEGRITYPROSTHETICSANDORTHOTICSLLC,FL,CLARENCECROWE,8639379200,3,1245469824; 1265950661; 1457235327,46471; 51016; 86063
same_name_state_authorized_official_phone,INTERACTIVEMEDICALSYSTEMSINC,CA,LYNETTEPOWELL,7148945029,2,1053412049; 1962772624,10157; 184343
same_name_state_authorized_official_phone,INTERACTIVEMEDICALSYSTEMSINC,CA,ROCHELLELAPOINTE,8002259080,2,1013008788; 1609967371,1882; 116037
same_name_state_authorized_official_phone,INTERMOUNTAINOCULARPROSTHETICSINC,ID,SAMMURANO,2083788200,2,1356352041; 1801997234,66944; 154093
same_name_state_authorized_official_phone,INTERNISTASSOCIATESOFCENTRALNEWYORKPC,NY,MARYOONK,3154795070,2,1063481067; 1356407993,12103; 67276
same_name_state_authorized_official_phone,INTERVENTIONALPAININSTITUTELABORATORY,MD,MANEESHSHARMA,4435994000,2,1629676200; 1821785163,119738; 157710
same_name_state_authorized_official_phone,INTERVENTIONALPARTNERSPLLC,TX,JARYDSTEIN,2143823200,3,1447883772; 1699558767; 1770147878,85684; 132210; 146737
same_name_state_authorized_official_phone,INTERVENTIONALPARTNERSPLLC,TX,JARYDSTEIN,4326147199,2,1518521400; 1801450796,98368; 153002
same_name_state_authorized_official_phone,INTERVENTIONALPARTNERSPLLC,TX,JARYDSTEIN,8174671990,2,1427613710; 1518522804,81489; 98370
same_name_state_authorized_official_phone,INTERVENTIONALPARTNERSPLLC,TX,JARYDSTEIN,8665524866,3,1104567189; 1548818941; 1891513677,19886; 104538; 170230
same_name_state_authorized_official_phone,INTERVENTIONALPARTNERSPLLC,TX,JARYDSTEIN,9037065254,2,1508505025; 1588445605,96186; 111149
same_name_state_authorized_official_phone,INTERVENTIONALPARTNERSPLLC,TX,JARYDSTEIN,9722887441,2,1134783020; 1194424796,26317; 36528
same_name_state_authorized_official_phone,INTHEWOODSAPOTHECARY,WI,JOHNPETERSON,7153492221,2,1659770113; 1992113815,125427; 188778
same_name_state_authorized_official_phone,INVERSEMEDICALLLC,NM,JOHONNIUSSCHEMWENO,5053892279,2,1811345549; 1952786386,154980; 182477
same_name_state_authorized_official_phone,INVESTRACORP,NJ,LOUISDELROSSO,9082770399,2,1467533620; 1932254836,88635; 177813
same_name_state_authorized_official_phone,INVISIONEYECARELLC,TX,ANDREWKLEIN,9796932891,2,1083761324; 1083761332,16509; 16510
same_name_state_authorized_official_phone,IOPHARMACYCORP,NY,IRINAKOGAN,7183496696,2,1245245836; 1699802934,45688; 132740
same_name_state_authorized_official_phone,IOWACPAPLLC,IA,STEVENZORN,5152232727,2,1003209669; 1841597945,420; 161142
same_name_state_authorized_official_phone,IPHARMACY,TX,TYESHAWASHINGTON,3467545175,2,1912632415; 1912767682,174600; 174725
same_name_state_authorized_official_phone,IQGENETIXLLC,VA,JEFFREYMOHLER,8669212415,2,1598460990; 1649878364,113102; 123731
same_name_state_authorized_official_phone,IRBMEDICALEQUIPMENTLLC,MI,MARVINHUNT,8108669435,2,1265856850; 1710419700,50867; 136217
same_name_state_authorized_official_phone,IRONBRIDGEAPOTHECARYLLC,NJ,MITESHPATEL,7322526455,2,1346938925; 1750070645,66467; 142866
same_name_state_authorized_official_phone,ISABELLACITIZENSFORHEALTHINC,MI,JENNIFERWHITE,9899535320,2,1679304687; 1942842471,128042; 180704
same_name_state_authorized_official_phone,ISIDROIIINC,MI,MARIAYOUNG,7348129129,3,1295918274; 1528522521; 1861121576,56750; 100486; 163807
same_name_state_authorized_official_phone,ISLANDCAREPHARMACYINC,NY,ALDOSSANTOS,5185125802,2,1619428083; 1861861239,117186; 165370
same_name_state_authorized_official_phone,ITCMEDICALSUPPLIESINC,CA,FAINAKAUTSKY,4153467100,2,1083718670; 1780012237,16342; 148386
same_name_state_authorized_official_phone,IVERYANDDUDLEYINC,CT,JOHNPARISI,8607381055,2,1407913486; 1861549537,77757; 164636
same_name_state_authorized_official_phone,IVSPHARMACYCORP,NY,RAHBARNABIEVA,7186930888,2,1518451624; 1982179834,98252; 186955
same_name_state_authorized_official_phone,JACKIESENTERPRISESINC,NY,JACKLYNKETO,5188691100,2,1073055489; 1578957296,13304; 110472
same_name_state_authorized_official_phone,JACKSONSROCKYRIDGEPHARMACYINC,AL,BRADJACKSON,2058225200,2,1326043522; 1881927192,60831; 169317
same_name_state_authorized_official_phone,JACKSONVILLAGEPHARMACYLLC,NJ,GABRIELOUELLETTE,7329947387,3,1164393401; 1477955037; 1952096125,30630; 91480; 180998
same_name_state_authorized_official_phone,JACSTORESINC,IL,DAVIDFALK,2179654926,2,1245411297; 1902817406,46358; 172632
same_name_state_authorized_official_phone,JACSTORESINC,IL,DAVIDFALK,6186629470,2,1093998551; 1578747184,19011; 110084
same_name_state_authorized_official_phone,JACSTORESINC,IL,DAVIDFALK,8156924343,2,1326059825; 1417136854,60933; 78535
same_name_state_authorized_official_phone,JAJCOINC,CA,RAYMONDJAJEH,6503605357,2,1427297498; 1790997153,80982; 152152
same_name_state_authorized_official_phone,JAMESJLYNCHMDLTD,NV,JAMESLYNCH,7753488800,15,1003534173; 1043938251; 1174283956; 1194485862; 1235857442; 1326708108; 1326776766; 1396463501; 1518627397; 1548920325; 1568122331; 1659009629; 1770243446; 1831827260; 1902534340,857; 9372; 32431; 36591; 45177; 62379; 62456; 75025; 98505; 104648; 106760; 123870; 146833; 159634; 172280
same_name_state_authorized_official_phone,JAMESJLYNCHMDLTD,NV,JAMESLYNCH,7757836190,3,1407574627; 1629796891; 1780302901,77102; 119890; 148758
same_name_state_authorized_official_phone,JANALAIRLLC,WA,JANTHOMPSON,3607912207,2,1114393345; 1639580103,21832; 121462
same_name_state_authorized_official_phone,JANILCARINC,DC,SYEDSHAH,2027263100,4,1144207911; 1275368904; 1487141834; 1952485187,26749; 51536; 91824; 181895
same_name_state_authorized_official_phone,JANILCARINC,MD,SYEDSHAH,2027263100,2,1043045776; 1164257895,7625; 30508
same_name_state_authorized_official_phone,JAWADASHAHMDPC,MI,MOHAMMADIJAZ,8102759333,2,1114667763; 1285374843,22156; 53601
same_name_state_authorized_official_phone,JAYANNSHOPINC,PA,FARRELLFRIEDENBERG,2159420120,2,1174713523; 1568537769,33431; 107565
same_name_state_authorized_official_phone,JAYANNSHOPINC,PA,HOPEBEAR,2159420120,2,1225987282; 1578415220,43388; 109117
same_name_state_authorized_official_phone,JAYASUDHAINC,NY,SUDHAKARRAYAPUDI,2122658110,2,1245219690; 1669681888,45603; 127129
same_name_state_authorized_official_phone,JAYHATFIELDMOBILITYLLC,KS,JAYHATFIELD,6204292636,2,1447356332; 1740386648,84679; 141770
same_name_state_authorized_official_phone,JAYKISHUNENTERPRISEINC,TX,KAMLESHIKURANI,8177377377,2,1427238856; 1710945381,80863; 136928
same_name_state_authorized_official_phone,JBDLCORPORATION,PA,JOHNCARAMANICO,6105863100,2,1316902463; 1417969403,60383; 79830
same_name_state_authorized_official_phone,JCGOLDSMITHLLC,MO,CARYGOLDSMITH,6362391210,2,1336245729; 1902921497,63355; 173055
same_name_state_authorized_official_phone,JCHOMECAREINC,FL,JAECHUNG,9044489827,2,1528126141; 1558908020,99580; 106494
same_name_state_authorized_official_phone,JCRMANAGEMENTCORPORATION,AR,BRANDIMELTON,8709728062,2,1639156185; 1710658679,120331; 136508
same_name_state_authorized_official_phone,JDMEDICALSERVICESINC,GA,ANTHONYGRIFFIN,7066253777,2,1346267366; 1730845561,65031; 140722
same_name_state_authorized_official_phone,JEDIHKGROUPSERVICES,GA,JERUFUSEDIH,6782949247,2,1730700063; 1881215044,140561; 167869
same_name_state_authorized_official_phone,JEFFERSONCOUNTYMEMORIALHOSPITALFOUNDATIONINC,KS,TAMARAGIGSTAD,7858633401,2,1306881719; 1689605263,58381; 130302
same_name_state_authorized_official_phone,JEFFERSONPHARMACY,CA,BEATLETRAN,9163712022,2,1699357335; 1699846774,131991; 132867
same_name_state_authorized_official_phone,JENNINGSPHARMACYINC,IL,DENNISJENNINGS,6183952144,2,1093876013; 1831182823,18704; 158297
same_name_state_authorized_official_phone,JERNIGANHEALTHCAREINC,AL,JAMESJERNIGAN,2056311520,2,1407859127; 1679355713,77447; 128112
same_name_state_authorized_official_phone,JERSEYAPOTHECARYINC,NJ,DAVETAN,2016564392,2,1407833122; 1487456828,77396; 92240
same_name_state_authorized_official_phone,JERSEYCITYMEDICALSUPPLIESINC,NJ,ISAACSANTIAGO,2012179950,2,1871553875; 1992152268,166462; 188858
same_name_state_authorized_official_phone,JEWELLCAPITALPLLC,AR,SAMMCQUAY,8709320150,2,1467877480; 1609291723,89413; 114887
same_name_state_authorized_official_phone,JFMEDICALSUPPORTCORP,PR,JOSEFLORES,7878382341,2,1326045337; 1659330348,60834; 124267
same_name_state_authorized_official_phone,JHAMBENTERPRISESINC,TX,JAMESBOWLES,8178200505,2,1851392088; 1962438481,162390; 183465
same_name_state_authorized_official_phone,JHPHARMACYINC,MO,JAMESHARLAN,5737850127,2,1174624324; 1639350002,33130; 121036
same_name_state_authorized_official_phone,JJMENTERPRISESINCDBAGEMPHARMACY,CO,KENNETHOWEN,3037953154,2,1356450134; 1881734457,67466; 168778
same_name_state_authorized_official_phone,JKTRAINERINC,NE,JOHNKLEMKE,4026064204,2,1275966087; 1669974093,52978; 127610
same_name_state_authorized_official_phone,JKWJIRAINC,MT,MARTINWILLEMS,4062456717,2,1073656849; 1316069537,14460; 59103
same_name_state_authorized_official_phone,JLMEDICALSERVICES,CT,JOHNLOYER,2037574991,4,1144684390; 1174761811; 1346694213; 1386882025,28015; 33516; 66139; 74068
same_name_state_authorized_official_phone,JLMEDICALSERVICESLLC,CT,JOHNLOYER,2037574991,2,1295965259; 1306829197,56843; 58141
same_name_state_authorized_official_phone,JMRXLLC,FL,VIRENKUMARPATEL,4077257200,2,1245071596; 1811793102,45428; 155545
same_name_state_authorized_official_phone,JOACORPORATION,CA,LESLIKEARNEY,9517854411,2,1487748059; 1679742860,92897; 129081
same_name_state_authorized_official_phone,JODYSOPTICALINC,AL,STEPHENMCLENDON,2567186002,4,1043351224; 1467593046; 1467593921; 1902951775,8371; 88850; 88854; 173129
same_name_state_authorized_official_phone,JOHNDARCHBOLDMEMORIALHOSPITALINC,GA,TARAKING,2295512365,2,1184673030; 1467430819,35073; 88182
same_name_state_authorized_official_phone,JOHNDOUGLASEVANS,TN,JOHNEVANS,6158551603,2,1346426426; 1972518579,65639; 185384
same_name_state_authorized_official_phone,JOHNRPIERCEJRLLC,TX,ALICIAHERMOSILLO,4099494100,3,1073460887; 1437334976; 1538348800,13777; 82854; 101978
same_name_state_authorized_official_phone,JOHNSHOPKINSUNIVERSITY,MD,NICHOLASGIARRATANO,4109336423,4,1023803202; 1679368856; 1952196131; 1992591721,5500; 128127; 181094; 189413
same_name_state_authorized_official_phone,JOHNSHOPKINSUNIVERSITY,MD,SHAVONDAKEATING,4109555000,2,1730153032; 1750355061,139288; 143294
same_name_state_authorized_official_phone,JOHNSONSMEDICALSUPPLYLLC,MI,KRYSTALJOHNSON,2487589813,2,1720102072; 1932157443,137502; 177526
same_name_state_authorized_official_phone,JOHNSPHARMACYLLLP,MO,ABRAHAMFUNK,5733341300,2,1164918918; 1437109667,31924; 82030
same_name_state_authorized_official_phone,JOHNSTONOCULARPROSTHETICSINC,NC,LISAJOHNSTON,9192072515,2,1790163806; 1831255561,150523; 158509
same_name_state_authorized_official_phone,JOINTSINMOTIONMEDICALLLC,WI,JAMESCLEARY,2625474276,2,1356372809; 1427556588,67129; 81397
same_name_state_authorized_official_phone,JONESDISCOUNTPHARMACYINC,AL,ALICIAROE,2565863179,2,1871626168; 1922174028,166620; 175901
same_name_state_authorized_official_phone,JONESPHARMACYINC,KY,DANIELJONES,2704447070,2,1578255659; 1932426020,108931; 178217
same_name_state_authorized_official_phone,JONFMANJARRISMDPA,TX,JONMANJARRIS,3612410324,2,1164636395; 1649486143,31413; 123130
same_name_state_authorized_official_phone,JOSEMEDICALSUPPLIESINC,FL,JOSEFIGUEROA,7865071418,2,1477571396; 1740393503,90452; 141816
same_name_state_authorized_official_phone,JOSEPHMWHEATLEY,MD,JOSEPHWHEATLEY,3019970191,2,1477500858; 1972568632,90195; 185623
same_name_state_authorized_official_phone,JOSEPHREINAPHARMACYINC,NY,JOSEPHREINA,7183660626,2,1457499634; 1669510301,86876; 126545
same_name_state_authorized_official_phone,JOSEPHWHANCEMDPC,MI,JOSEPHHANCE,2313475155,2,1396039483; 1578856621,74403; 110282
same_name_state_authorized_official_phone,JOURNEYSMANAGINGGROUPLLC,TX,SARAHSMITH,8325607063,2,1043945520; 1770215592,9375; 146800
same_name_state_authorized_official_phone,JOYMEDICALSUPPLY,NC,BENSONEJINDU,7048179309,2,1235494634; 1831443456,44658; 159024
same_name_state_authorized_official_phone,JPFOSTERINC,IN,JOHNFOSTER,8124901280,2,1457475055; 1982797866,86826; 188172
same_name_state_authorized_official_phone,JSCPEDORTHICSINC,FL,ROBERTORR,3864370272,2,1407904840; 1568305472,77737; 106936
same_name_state_authorized_official_phone,JSHORTHOPEDICSUPPLYLLC,TX,SYLVIAWILLETT,8176240102,2,1295993509; 1366449019,56894; 69058
same_name_state_authorized_official_phone,JSKDRUGLLC,NE,KHATUERLBACHER,4025026511,2,1174976427; 1568704948,33937; 108057
same_name_state_authorized_official_phone,JSKELLYLLC,IA,WILLIAMKELLENBERGER,5633861553,2,1023356672; 1316942915,4868; 60449
same_name_state_authorized_official_phone,JTJMEDICALSUPPLYINC,FL,LISASHIERS,2399399226,3,1073978110; 1356713127; 1558369140,15130; 68079; 105197
same_name_state_authorized_official_phone,JTJMEDICALSUPPLYINC,FL,LISASHIERS,8009392022,4,1336815950; 1427578731; 1487230934; 1972983880,64421; 81448; 91958; 186634
same_name_state_authorized_official_phone,JTMEDICALSUPPLYCORPORATION,CA,MARKPARINAS,5103001330,2,1063443943; 1346478286,11983; 65751
same_name_state_authorized_official_phone,JTWMEDICALPRODUCTSINC,TX,JOHNWALL,9722505738,2,1013977560; 1174741300,3766; 33475
same_name_state_authorized_official_phone,K2PHARMACY,TX,KENNETHHOPKINS,7134539103,2,1467724328; 1720358278,89124; 138136
same_name_state_authorized_official_phone,K2REDLLC,ID,DANIELFUCHS,2087347373,3,1295832574; 1336747948; 1508420373,56392; 64347; 96108
same_name_state_authorized_official_phone,KAISERFOUNDATIONHEALTHPLAN,OH,THOMASREVIS,2162658844,4,1114093895; 1366518961; 1679631691; 1689740367,21224; 69412; 128708; 130781
same_name_state_authorized_official_phone,KAISERFOUNDATIONHEALTHPLANINC,CA,KATHRYNBROWN,9164785455,2,1528347515; 1700164548,100159; 133643
same_name_state_authorized_official_phone,KAISERFOUNDATIONHEALTHPLANINC,CA,RHONDAPOLCHAK,8007761318,2,1770133001; 1801943121,146717; 153880
same_name_state_authorized_official_phone,KAISERFOUNDATIONHEALTHPLANINC,CA,RHONDAPOLCHAK,8663529101,2,1184344178; 1952278004,34476; 181176
same_name_state_authorized_official_phone,KAISERFOUNDATIONHEALTHPLANOFCOLORADO,CO,MICHAELRAMSEIER,3033384545,32,1023360682; 1053685149; 1083988232; 1134493372; 1215201454; 1225302318; 1225469232; 1275807497; 1306381868; 1366319782; 1366716599; 1386138204; 1386156248; 1386918506; 1386918522; 1396097952; 1417221508; 1518071067; 1538433776; 1558254888; 1558749713; 1598039737; 1700150950; 1710251962; 1720352941; 1770857914; 1780958926; 1801224100; 1811261043; 1902170137; 1942184742; 1982008785,4873; 10865; 17052; 25866; 40221; 42452; 42758; 52666; 57656; 68900; 69949; 72597; 72621; 74151; 74152; 74513; 78709; 97494; 102123; 105005; 106237; 112480; 133611; 135858; 138125; 148118; 150111; 152622; 154812; 171766; 179166; 186682
same_name_state_authorized_official_phone,KAISERFOUNDATIONHEALTHPLANOFTHEMIDATLANTICSTATESINC,MD,COLLEENSWINTON,3018162424,2,1548932791; 1639618234,104660; 121521
same_name_state_authorized_official_phone,KAISERFOUNDATIONHEALTHPLANOFWASHINGTON,WA,GAILELLIOTT,2535963350,2,1518589936; 1659405363,98460; 124536
same_name_state_authorized_official_phone,KAISERFOUNDATIONHEALTHPLANOFWASHINGTON,WA,GAILELLIOTT,3603077410,2,1164044582; 1285768986,30310; 54495
same_name_state_authorized_official_phone,KAISERFOUNDATIONHEALTHPLANOFWASHINGTON,WA,GAILELLIOTT,3609237600,2,1720600141; 1891829644,138564; 170887
same_name_state_authorized_official_phone,KAISERFOUNDATIONHEALTHPLANOFWASHINGTON,WA,GAILELLIOTT,5093243700,2,1144842568; 1760516454,28219; 145459
same_name_state_authorized_official_phone,KAKATIYAINC,NY,VENKATESWARAMALINENI,2122839114,2,1114399367; 1376917922,21848; 72264
same_name_state_authorized_official_phone,KANSASCVSPHARMACYLLC,KS,SUSANCOLBERT,4017651500,2,1093974529; 1962914838,18955; 184593
same_name_state_authorized_official_phone,KAPEESHWARLLC,DE,RAHULPATEL,3024501970,2,1750925434; 1770857757,144600; 148117
same_name_state_authorized_official_phone,KAPLANTYSONLLCDBAEYEASSOCIATES,NJ,GINABIAGI,8566918188,2,1225103633; 1881254308,41901; 167923
same_name_state_authorized_official_phone,KARLROADDRUGGISTLLC,OH,LONNIECRAFT,6148473784,2,1417935297; 1487063350,79700; 91690
same_name_state_authorized_official_phone,KARMAHEALTHCARELLC,FL,SWATIPATEL,8632910400,2,1184999328; 1477854164,35884; 91293
same_name_state_authorized_official_phone,KASHMEREHUGS,TX,BARBARAKELLY,4696677483,2,1316273881; 1699001172,59554; 131419
same_name_state_authorized_official_phone,KATAHDINVALLEYHEALTHCENTER,ME,CLAUDETTEHUMPHREY,2075282285,5,1194428656; 1285156166; 1508249319; 1528422599; 1699479311,36535; 53317; 95823; 100314; 132123
same_name_state_authorized_official_phone,KATYPHARMACYDRUGSTORE,TX,MILADATTALLA,8329532611,2,1669923629; 1710337316,127545; 136057
same_name_state_authorized_official_phone,KCPHARMACYHEALTHMARTINC,VA,GIHANSERAKA,7033399599,2,1093081028; 1851901607,17245; 163558
same_name_state_authorized_official_phone,KENNEYORTHOPEDICSOFMONROELLC,NC,GRACEANGELINE,7046357029,2,1326385949; 1942790431,61909; 180639
same_name_state_authorized_official_phone,KENTUCKIANAFOOTANKLEPLLC,KY,SYEDKHADER,2707966160,2,1710435862; 1780472373,136244; 148945
same_name_state_authorized_official_phone,KENTUCKIANAFOOTANKLEPLLC,KY,SYEDKHADER,5028053338,2,1083245542; 1639436298,15519; 121207
same_name_state_authorized_official_phone,KENTUCKYORTHOPAEDICSSPINEPLLC,KY,JOYCLEVENGER,5025703754,2,1629742093; 1962176347,119831; 182973
same_name_state_authorized_official_phone,KENTUCKYORTHOPAEDICSSPINEPLLC,KY,JOYCLEVENGER,8597375333,2,1013681485; 1871267252,3207; 165978
same_name_state_authorized_official_phone,KERNERSVILLEPHARMACYLLC,NC,STANLEYWATTS,3364974511,2,1467770644; 1881996114,89218; 169454
same_name_state_authorized_official_phone,KERSHAWHEALTH,SC,DONNIEWEEKS,8037136376,2,1467525378; 1851461529,88602; 162621
same_name_state_authorized_official_phone,KESHAVRXINC,CA,TAPANPATEL,9514964408,2,1033949557; 1518399831,7515; 98168
same_name_state_authorized_official_phone,KESSMAJLABSLLC,NC,NATASHATORRES,3369298134,2,1114740560; 1952123473,22248; 181022
same_name_state_authorized_official_phone,KETTERINGINDEPENDENTMEDICALGROUPINC,OH,TIMOTHYKO,9374335309,2,1124323514; 1881999449,23799; 169468
same_name_state_authorized_official_phone,KEYSTONEORTHOPAEDICSPECIALISTS,PA,DAVIDREES,6103768671,2,1316277684; 1417287780,59564; 78868
same_name_state_authorized_official_phone,KEYSTONEORTHOPAEDICSPECIALISTSLLC,PA,JOHNMARTIN,6107792663,2,1386961555; 1821315094,74242; 156993
same_name_state_authorized_official_phone,KEYSTONEWHOLESALECO,NE,MANNYGOLDBERG,4023912659,2,1003982307; 1194866582,1788; 37429
same_name_state_authorized_official_phone,KFMINC,MD,JOHNFINK,4106865500,2,1245327436; 1831584184,46054; 159295
same_name_state_authorized_official_phone,KHADIJAMAHEENPHARMACYINC,NJ,HUMAIRASULEHRI,9732470786,2,1316458557; 1487984043,59871; 93494
same_name_state_authorized_official_phone,KHHASCORPORATION,CA,KANWARALI,5626910539,2,1225903271; 1427163443,43298; 80647
same_name_state_authorized_official_phone,KICKSTARTOPLLC,CA,TONYLAFRANCE,5109964200,2,1073489829; 1285500033,13820; 53750
same_name_state_authorized_official_phone,KIGHTSMEDICALCORP,VA,JOHNKIGHT,7573923670,2,1033372248; 1124336532,6669; 23825
same_name_state_authorized_official_phone,KIMTRECORP,NJ,JAMESKIM,2019475550,2,1245749605; 1568450765,46946; 107177
same_name_state_authorized_official_phone,KINETICPROSTHETICS,PA,MARKNIELSEN,6107018266,2,1093554750; 1750727939,17858; 144295
same_name_state_authorized_official_phone,KINGCOMMUNITYPHARMACYINC,NY,SUMBALASIF,3478998020,2,1295125102; 1841668092,55196; 161245
same_name_state_authorized_official_phone,KINGDOMWAYMEDICALINC,GA,HAZELSEAY,7707420436,2,1144488594; 1326526690,27673; 62149
same_name_state_authorized_official_phone,KINGPHARMACYINC,KY,LESLIEKING,6064351067,2,1003858812; 1841343399,1413; 160510
same_name_state_authorized_official_phone,KINGSDISCOUNTPHARMACY,MS,RICHARDKING,6013842898,2,1528079035; 1568787968,99370; 108217
same_name_state_authorized_official_phone,KINGSMOUNTINC,PA,SOFYATAMARKIN,2157397463,2,1710319181; 1902139504,136012; 171697
same_name_state_authorized_official_phone,KINGSPHARMACYLLC,NJ,GEORGEMALEK,9734821556,2,1639398738; 1881791549,121132; 168968
same_name_state_authorized_official_phone,KINGSWELLLLC,MS,HAROLDMEYERJR,6014274067,2,1356269583; 1629996855,66786; 120084
same_name_state_authorized_official_phone,KINGVENTUREPLLC,TX,MARKKING,8067314825,2,1336641133; 1396691119,64198; 75238
same_name_state_authorized_official_phone,KINNERDDIAGNOSTICSLLC,GA,SUSANKENNARD,9142040167,2,1427986009; 1508794181,81872; 96486
same_name_state_authorized_official_phone,KIOSKFLUSHINGPHARMACYINC,NY,HIUCHENG,7184632261,2,1265983647; 1831648138,51075; 159428
same_name_state_authorized_official_phone,KIRSIEENTERPRISESINC,FL,SUSANSCHNACK,2395978805,2,1326039090; 1326039926,60817; 60820
same_name_state_authorized_official_phone,KITTITASCOUNTYPUBLICHOSPDIST1,WA,JULIEPETERSEN,5099258484,2,1215487210; 1528507464,40727; 100462
same_name_state_authorized_official_phone,KJKLLC,TN,CHRISTOPHERKONECNY,6154468043,2,1467708586; 1730680414,89103; 140532
same_name_state_authorized_official_phone,KMEDPHARMACY,TX,ROQUELTURNER,8328347998,2,1548799901; 1770013294,104517; 146535
same_name_state_authorized_official_phone,KMLAKEPLACIDINC,FL,JOHNMUNSON,8632600100,2,1326344516; 1912144353,61828; 173752
same_name_state_authorized_official_phone,KNDMEDICALSUPPLIESINC,MD,IMAOBONGAKPAETE,3018169100,2,1154530202; 1598859944,29477; 113940
same_name_state_authorized_official_phone,KNEIBERTCLINICLLC,MO,ROBERTCHRISTIAN,5736862411,2,1811975436; 1912985409,155960; 175224
same_name_state_authorized_official_phone,KNOXCOMMUNITYHOSPITAL,OH,DANIELLEOBRIEN,7403939670,3,1144746678; 1174049688; 1770009292,28105; 32144; 146528
same_name_state_authorized_official_phone,KODOCAREINC,IL,STEVENQUIGLEY,8157274722,2,1255048823; 1700594009,47309; 134228
same_name_state_authorized_official_phone,KOHLLSPHARMACYHOMECAREINC,NE,DAVIDKOHLL,4023318632,2,1689666950; 1730239864,130471; 139531
same_name_state_authorized_official_phone,KOHLLSPHARMACYHOMECAREINC,NE,DAVIDKOHLL,4023426547,2,1114077245; 1386636652,21149; 73188
same_name_state_authorized_official_phone,KOHLLSPHARMACYHOMECAREINC,NE,DAVIDKOHLL,4024080012,2,1275525537; 1710037841,51709; 135258
same_name_state_authorized_official_phone,KOHLLSPHARMACYHOMECAREINC,NE,DAVIDKOHLL,4024763341,2,1053718528; 1760888556,10915; 146330
same_name_state_authorized_official_phone,KOHLLSPHARMACYHOMECAREINC,NE,DAVIDKOHLL,4025538900,2,1164414413; 1821148958,30675; 156524
same_name_state_authorized_official_phone,KOHLLSPHARMACYHOMECAREINC,NE,DAVIDKOHLL,4028953101,2,1518017656; 1609868967,97260; 115622
same_name_state_authorized_official_phone,KOKOPELLIEYECAREPC,AZ,MICHAELHAM,8445656393,4,1023663010; 1174026546; 1619470085; 1669975157,5359; 32094; 117235; 127612
same_name_state_authorized_official_phone,KOLLINGPHARMACYINC,KS,GARYKOLLING,7857625535,2,1114972601; 1609828722,22772; 115568
same_name_state_authorized_official_phone,KRATZERPHARMACYINC,OH,MARKKRATZER,9373820081,3,1033756713; 1063858207; 1760471577,7331; 13015; 145307
same_name_state_authorized_official_phone,KROGERLIMITEDPARTNERSHIPI,AL,ALLISONMUENNICH,2564618530,2,1013368216; 1336173178,2799; 63082
same_name_state_authorized_official_phone,KROGERLIMITEDPARTNERSHIPI,IN,ALLISONBREDESTEGE,8122675511,2,1487175493; 1649791708,91872; 123615
same_name_state_authorized_official_phone,KROGERLIMITEDPARTNERSHIPI,KS,WENDELLWOOLF,8666805133,5,1043353204; 1396888566; 1558404798; 1912040312; 1962545145,8385; 75954; 105427; 173484; 183813
same_name_state_authorized_official_phone,KROGERTEXASLP,TX,ALLISONBREDESTEGE,5137621019,2,1396244000; 1972092609,74746; 184883
same_name_state_authorized_official_phone,KROGERTEXASLP,TX,ALLISONMUENNICH,7135076276,2,1033645635; 1861872665,7171; 165389
same_name_state_authorized_official_phone,KSPHARMACIESOFSOUTHERNILLINOISLTD,IL,SEAMUSKLOOS,6184432715,2,1558433243; 1649264722,105500; 122393
same_name_state_authorized_official_phone,KUBATPHARMACYLLC,NE,BRIANDANIEL,4025588888,3,1285376889; 1326042342; 1720659923,53603; 60827; 138633
same_name_state_authorized_official_phone,KVATFOODSTORESINC,AL,STEVENSMITH,2766235100,2,1386580561; 1790371946,73113; 150820
same_name_state_authorized_official_phone,KVATFOODSTORESINC,TN,STEVENSMITH,2766235100,2,1275250201; 1982071692,51415; 186791
same_name_state_authorized_official_phone,KVEARLYINC,TX,ERASMOCANTU,9565446666,2,1295841849; 1598109373,56467; 112608
same_name_state_authorized_official_phone,KWIKRXLLC,IL,MUHAMMADTAHA,7082920043,2,1174283592; 1922754365,32429; 176868
same_name_state_authorized_official_phone,LAANSADRUGSLLC,MI,MURALIGINJUPALLI,9898924531,2,1417320706; 1659390730,78935; 124451
same_name_state_authorized_official_phone,LABCORPOKLAHOMAINC,OK,KIMBERLYWILLIAMS,9187442500,2,1104560945; 1831832484,19883; 159640
same_name_state_authorized_official_phone,LABDISCOUNTDRUGSINC,MS,WARRENHUTTO,6017354444,2,1043399272; 1881778330,8553; 168918
same_name_state_authorized_official_phone,LABDRUGSMEDICALTRANSSUPPLIESLLC,MN,LOLAISHOLA,7637775995,2,1417295403; 1801126214,78884; 152426
same_name_state_authorized_official_phone,LABLANCAPHARMACYINC,TX,RAFAELLOPEZ,9562627662,2,1619193596; 1750508222,116761; 143849
same_name_state_authorized_official_phone,LABLORIMARLLC,PR,JORGEMENDEZCOLON,7878771236,2,1194319939; 1659209724,36410; 124082
same_name_state_authorized_official_phone,LABNETINC,AZ,MICHAELPICCIRILLO,6029230605,2,1720259559; 1932215936,137965; 177706
same_name_state_authorized_official_phone,LABONELLC,AR,CHARLESBOWLES,5015042700,2,1225695075; 1437718707,43065; 83564
same_name_state_authorized_official_phone,LABONELLC,AR,CHARLESBOWLES,8666978378,2,1932773389; 1982278438,178753; 187088
same_name_state_authorized_official_phone,LABONELLC,MO,CHARLESBOWLES,8666978378,4,1801460258; 1821662271; 1881323749; 1902360019,153017; 157576; 167993; 172091
same_name_state_authorized_official_phone,LABORANTLLC,FL,MARIIADEMIANCHENKO,7543337303,2,1104498393; 1487301719,19823; 92057
same_name_state_authorized_official_phone,LABORATORIOCLINICOBOQUERONINC,PR,MARIAOCASIO,7872542550,2,1063842904; 1841287752,12990; 160354
same_name_state_authorized_official_phone,LABORATORIOCLINICODELMARLLC,PR,MARIAMELENDEZ,7878588362,4,1225028996; 1265380562; 1700656527; 1861524787,41574; 49563; 134285; 164576
same_name_state_authorized_official_phone,LABORATORIOCLINICOHORMIGUEROSLLC,PR,TANIARODRIGUEZ,7878324376,2,1588006704; 1811884497,110567; 155635
same_name_state_authorized_official_phone,LABORATORIOCLINICOIRIZARRYGUASCHINC,PR,NILSAIRIZARRYGUASCH,7878997223,3,1043705940; 1154078160; 1174018089,9117; 28442; 32086
same_name_state_authorized_official_phone,LABORATORIOCLINICOPUERTORICOHOLDINGLLC,PR,GERARDOMARQUEZVEGLIO,7877484848,3,1164662110; 1528490752; 1821029257,31452; 100423; 156200
same_name_state_authorized_official_phone,LABORATORIOSDELSUENODEPUERTORICO,PR,IVETTEOTERO,7879867010,3,1487029450; 1659746626; 1700251766,91624; 125376; 133792
same_name_state_authorized_official_phone,LABORATORYCORPORATIONOFAMERICA,AR,KIMBERLYWILLIAMS,5016233700,2,1235599606; 1295196913,44819; 55337
same_name_state_authorized_official_phone,LABORATORYCORPORATIONOFAMERICA,CA,WILLIAMHAYES,8584551221,2,1104045749; 1295954550,19106; 56824
same_name_state_authorized_official_phone,LABORATORYCORPORATIONOFAMERICA,CO,KIMBERLYWILLIAMS,3037069054,2,1124895404; 1457743676,24543; 87310
same_name_state_authorized_official_phone,LABORATORYCORPORATIONOFAMERICA,CO,KIMBERLYWILLIAMS,3037922600,2,1386903052; 1598747651,74118; 113472
same_name_state_authorized_official_phone,LABORATORYCORPORATIONOFAMERICA,MD,KIMBERLYWILLIAMS,7037072262,2,1154701464; 1457730129,29793; 87282
same_name_state_authorized_official_phone,LABORATORYCORPORATIONOFAMERICA,MI,WILLIAMHAYES,7345133500,2,1811023898; 1962487413,154193; 183597
same_name_state_authorized_official_phone,LABORATORYCORPORATIONOFAMERICA,NC,KIMBERLYWILLIAMS,8002227566,7,1104829159; 1225665300; 1275160350; 1659908739; 1790312874; 1912533738; 1962039867,20169; 43033; 51317; 125634; 150758; 174480; 182825
same_name_state_authorized_official_phone,LABORATORYCORPORATIONOFAMERICA,OR,KIMBERLYWILLIAMS,5416867007,2,1356234850; 1629952346,66775; 120056
same_name_state_authorized_official_phone,LABORATORYCORPORATIONOFAMERICA,TN,WILLIAMHAYES,8655315946,2,1215063656; 1427184860,39902; 80722
same_name_state_authorized_official_phone,LABORATORYCORPORATIONOFAMERICA,TX,KIMBERLYWILLIAMS,8178709949,2,1306821277; 1770227928,58122; 146810
same_name_state_authorized_official_phone,LABORATORYCORPORATIONOFAMERICA,VA,KIMBERLYWILLIAMS,7037072262,3,1205272622; 1265975437; 1760729636,38300; 51065; 146058
same_name_state_authorized_official_phone,LABORATORYCORPORATIONOFAMERICA,WA,KIMBERLYWILLIAMS,2063202238,2,1033540174; 1972967925,6994; 186596
same_name_state_authorized_official_phone,LABORATORYCORPORATIONOFAMERICA,WA,KIMBERLYWILLIAMS,3604475630,2,1154716009; 1689004202,29820; 129536
same_name_state_authorized_official_phone,LABORATORYCORPORATIONOFAMERICA,WA,KIMBERLYWILLIAMS,4256733764,2,1902146509; 1912247883,171722; 174005
same_name_state_authorized_official_phone,LABORATORYCORPORATIONOFAMERICA,WA,KIMBERLYWILLIAMS,5033419352,3,1336942127; 1558156604; 1679368708,64558; 104907; 128126
same_name_state_authorized_official_phone,LABORATORYCORPORATIONOFAMERICA,WA,KIMBERLYWILLIAMS,5098532379,2,1073746368; 1851085716,14672; 161790
same_name_state_authorized_official_phone,LABORATORYCORPORATIONOFAMERICA,WA,WILLIAMHAYES,8005983345,2,1043295058; 1942285952,8142; 179513
same_name_state_authorized_official_phone,LABORATORYCORPORATIONOFAMERICA,WY,KIMBERLYWILLIAMS,3072658494,2,1083943252; 1881672111,16961; 168609
same_name_state_authorized_official_phone,LABORATORYCORPORATIONOFAMERICAHOLDINGS,AL,WILLIAMHAYES,2057582794,6,1184899668; 1205001963; 1235110834; 1245405919; 1497920383; 1649445123,35705; 37756; 43524; 46344; 95212; 123049
same_name_state_authorized_official_phone,LABORATORYCORPORATIONOFAMERICAHOLDINGS,CT,KIMBERLYWILLIAMS,2034456226,2,1265021562; 1700517984,49193; 134159
same_name_state_authorized_official_phone,LABORATORYCORPORATIONOFAMERICAHOLDINGS,IN,KIMBERLYWILLIAMS,8003779364,2,1508192741; 1578896163,95744; 110358
same_name_state_authorized_official_phone,LABORATORYCORPORATIONOFAMERICAHOLDINGS,IN,KIMBERLYWILLIAMS,8122387546,2,1316362270; 1780009860,59732; 148382
same_name_state_authorized_official_phone,LABORATORYCORPORATIONOFAMERICAHOLDINGS,IN,WILLIAMHAYES,8003779364,2,1295069276; 1861725459,55106; 165124
same_name_state_authorized_official_phone,LABORATORYCORPORATIONOFAMERICAHOLDINGS,KS,KIMBERLYWILLIAMS,9133384070,2,1215305198; 1285014282,40426; 53070
same_name_state_authorized_official_phone,LABORATORYCORPORATIONOFAMERICAHOLDINGS,MO,KIMBERLYWILLIAMS,8165254700,2,1679957112; 1952785248,129454; 182475
same_name_state_authorized_official_phone,LABORATORYCORPORATIONOFAMERICAHOLDINGS,NC,KIMBERLYWILLIAMS,7045986042,6,1083015598; 1265417653; 1366846321; 1437552114; 1750788121; 1770803777,15192; 49614; 70221; 83292; 144393; 148012
same_name_state_authorized_official_phone,LABORATORYCORPORATIONOFAMERICAHOLDINGS,NC,KIMBERLYWILLIAMS,7045987320,3,1023445590; 1790110484; 1801210174,5042; 150441; 152585
same_name_state_authorized_official_phone,LABORATORYCORPORATIONOFAMERICAHOLDINGS,NC,KIMBERLYWILLIAMS,8002227566,2,1538144910; 1902809940,101232; 172562
same_name_state_authorized_official_phone,LABORATORYCORPORATIONOFAMERICAHOLDINGS,NC,KIMBERLYWILLIAMS,9194362254,4,1013738939; 1215758156; 1811719990; 1902627896,3267; 41019; 155473; 172377
same_name_state_authorized_official_phone,LABORATORYCORPORATIONOFAMERICAHOLDINGS,NC,WILLIAMHAYES,3363221436,2,1063729762; 1073871745,12789; 14939
same_name_state_authorized_official_phone,LABORATORYCORPORATIONOFAMERICAHOLDINGS,TN,KIMBERLYWILLIAMS,9014486379,2,1396888475; 1891770897,75953; 170737
same_name_state_authorized_official_phone,LABORATORYCORPORATIONOFAMERICAHOLDINGS,VA,KIMBERLYWILLIAMS,7574202883,2,1316922321; 1790917821,60409; 151955
same_name_state_authorized_official_phone,LABPRODIAGNOSTICSINC,CA,GEORGESCHOEDINGER,8006581036,2,1053878470; 1265973887,11174; 51061
same_name_state_authorized_official_phone,LABWESTINC,CA,WILLIAMHAYES,8008596046,5,1245559715; 1265751465; 1356660542; 1720307929; 1831418029,46646; 50668; 67990; 138055; 158979
same_name_state_authorized_official_phone,LACLINICADELOSCAMPESINOSINC,WI,ERINBENDER,9203952980,2,1295258200; 1396690285,55437; 75236
same_name_state_authorized_official_phone,LACLINICADELVALLEFAMILYHEALTHCARECENTERINC,OR,TRACIFOSSEN,5415356239,2,1003469354; 1023660099,794; 5355
same_name_state_authorized_official_phone,LADDFAMILYPHARMACYLLC,ID,JEREMYLUNDEVALL,2089470877,2,1134391121; 1679082945,25668; 127774
same_name_state_authorized_official_phone,LADIGLOBALHOLDINGSLLC,MD,BLESSINGEKAMKI,4434386108,2,1326748294; 1922865419,62417; 176990
same_name_state_authorized_official_phone,LAFAYETTECOUNTY,WI,CARLEESEGEBRECHT,6087764466,3,1427224864; 1487377404; 1861668204,80815; 92142; 164990
same_name_state_authorized_official_phone,LAFAYETTEHEALTHVENTURESINCDBAADVANCEDMEDICALSUPPLIESSERVICE,LA,CAROLYNHUVAL,3372898929,2,1578786927; 1972726412,110158; 186104
same_name_state_authorized_official_phone,LAGRANGEPHARMACYINC,IA,DANLAGRANGE,3194724274,2,1770135444; 1831271998,146721; 158572
same_name_state_authorized_official_phone,LAIVFLABLLC,CA,MICHAELKAMRAVA,3108888874,2,1306082060; 1396961082,57110; 76104
same_name_state_authorized_official_phone,LAKEBRANDTPHARMACYINC,NC,MONICABENFIELD,3366432550,2,1043405459; 1538397799,8564; 102060
same_name_state_authorized_official_phone,LAKECARMELPHARMACYINC,MN,AHMEDMUSSA,6128143271,2,1184312720; 1760172969,34446; 144845
same_name_state_authorized_official_phone,LAKEREGIONALHEALTHSYSTEM,MO,PAULALITTLETON,5733023990,2,1578125324; 1598882656,108781; 114091
same_name_state_authorized_official_phone,LAKESIDEORTHOPEDICSPC,NE,NANCYMICKELSON,4027585690,2,1417149741; 1508058835,78572; 95507
same_name_state_authorized_official_phone,LAKSHMIPHARMACYENTERPRISESLLC,MI,PARTHANANDI,2486011178,2,1376313981; 1598066219,70904; 112530
same_name_state_authorized_official_phone,LAMAESTRAFAMILYCLINICINC,CA,TOMVU,6195841612,2,1093534463; 1326578774,17837; 62248
same_name_state_authorized_official_phone,LANCASTERGENERALHOSPITAL,PA,GARYWELCH,7175445929,2,1023037090; 1104571728,4006; 19892
same_name_state_authorized_official_phone,LANDMARKDRUGSINC,FL,SFAIRMAN,8504335404,6,1093829335; 1225049265; 1265443758; 1821009945; 1902910243; 1912010869,18584; 41680; 49677; 156082; 172990; 173379
same_name_state_authorized_official_phone,LANEHOMEMEDICAL,OR,TERRYCOPLIN,8887954512,2,1912007980; 1952401903,173366; 181589
same_name_state_authorized_official_phone,LASANTEWISCONSININC,WI,JARODHUSMANN,9204653000,2,1346233988; 1669882650,64868; 127481
same_name_state_authorized_official_phone,LASMERCEDESDRUGSTOREINC,FL,ISRAELLIBERA,7865182793,2,1124392014; 1386985604,23931; 74308
same_name_state_authorized_official_phone,LATTADRUGCOMPANYINC,SC,BRYANTBROWN,8437520023,2,1336266022; 1619929684,63448; 117877
same_name_state_authorized_official_phone,LAURENSDRUGCOMPANYLLC,SC,DEANYOUMANS,8646814663,2,1205146875; 1770893349,38078; 148187
same_name_state_authorized_official_phone,LAVOTRERX,CA,JOELABERGEL,6612598039,2,1467518746; 1720163769,88579; 137662
same_name_state_authorized_official_phone,LAWRENCEEBURNSDPMINC,TN,LAWRENCEBURNS,6153017054,2,1376734541; 1538498159,71939; 102246
same_name_state_authorized_official_phone,LAWSDRUGCOINC,AR,JOSEPHKORKAMES,4794526116,2,1104811173; 1588862080,20133; 112168
same_name_state_authorized_official_phone,LAYNESFAMILYPHARMACYINC,NC,KEVINLAYNE,3366274600,2,1083600696; 1851698385,15890; 163228
same_name_state_authorized_official_phone,LBDRUGINC,TX,JORDANTALLEY,3256779191,2,1386741569; 1912068776,73647; 173566
same_name_state_authorized_official_phone,LBHLLC,NC,DEELEWIS,2522476282,2,1255674693; 1689917668,48696; 131273
same_name_state_authorized_official_phone,LDWALTERGROUP,TX,LARONDAWALTER,7133308011,3,1649630906; 1770650426; 1902429780,123372; 147577; 172175
same_name_state_authorized_official_phone,LEEANDKEELLLC,UT,JAMIWINGET,8018030894,2,1669784575; 1851604060,127312; 163033
same_name_state_authorized_official_phone,LEEHEALTHSYSTEMINC,FL,BENJAMINSPENCE,2394243197,2,1336984640; 1346085347,64604; 64705
same_name_state_authorized_official_phone,LEEKERSHAYSVILLELLC,KS,KENTBRAND,3165225583,2,1043077225; 1629193701,7661; 118866
same_name_state_authorized_official_phone,LEEMEDICALINC,MN,SHERIERICKSON,3208646630,2,1417912122; 1750634010,79652; 144116
same_name_state_authorized_official_phone,LEEMEDICALINC,MN,SHERIERICKSON,8002850980,2,1740552603; 1851662688,142182; 163158
same_name_state_authorized_official_phone,LEEMEMORIALHEALTHSYSTEM,FL,BENJAMINSPENCE,2393432820,2,1609244581; 1790153062,114821; 150504
same_name_state_authorized_official_phone,LEEMEMORIALHEALTHSYSTEM,FL,BENJAMINSPENCE,2393432821,2,1093107195; 1124513593,17288; 24129
same_name_state_authorized_official_phone,LEGACYOXYGENANDHOMECAREEQUIPMENTLLC,KY,GREGCRAWFORD,2704427887,2,1306290697; 1588695795,57513; 111636
same_name_state_authorized_official_phone,LEGACYVEINCENTERPLLC,TN,GINGERREECE,8654373977,2,1295300366; 1770158859,55514; 146749
same_name_state_authorized_official_phone,LEGGETTPROSTHETICSLLC,TX,LINDSEYPAZ,2814339223,2,1568306173; 1750917423,106939; 144588
same_name_state_authorized_official_phone,LEGRANDASSOCIATESINC,PA,JOSEPHLEGRAND,2154961307,2,1184272379; 1255946323,34399; 49118
same_name_state_authorized_official_phone,LEGUMHOMEHEALTHCAREINC,VA,GREGDEDRICK,5409323000,2,1083778898; 1891859609,16559; 170980
same_name_state_authorized_official_phone,LEHIGHVALLEYHOSPITAL,PA,ROBERTTOCCI,6109692780,2,1013375492; 1679596811,2809; 128620
same_name_state_authorized_official_phone,LEHIGHVALLEYPHYSICIANGROUP,PA,JAMESDEMOPOULOS,4848843025,5,1275287971; 1376297077; 1649924341; 1750035457; 1922752625,51456; 70876; 123785; 142831; 176865
same_name_state_authorized_official_phone,LEHIGHVALLEYPHYSICIANGROUP,PA,JAMESDEMOPOULOS,6104028900,2,1104526086; 1679350276,19853; 128106
same_name_state_authorized_official_phone,LEMEDPHARMACYIIILLC,NY,SHALEENPATEL,3479134656,2,1023617057; 1629004353,5303; 118133
same_name_state_authorized_official_phone,LEONMEDICALCENTERSLLC,FL,JORGEACOSTA,3056315924,2,1568587087; 1700941135,107806; 134894
same_name_state_authorized_official_phone,LESELECTPHARMACYMESINC,FL,MILAGROSPEREZ,3056425241,2,1306088497; 1881829000,57129; 169093
same_name_state_authorized_official_phone,LETOURNEAULIFELIKEORTHOTICSPROSTHETICSINC,TX,SANDRALETOURNEAU,4098325005,3,1083701940; 1124116025; 1407951510,16263; 23231; 77906
same_name_state_authorized_official_phone,LEVYSPHARMACYOFLYNDHURSTLLC,NJ,YOLANDAGARCIA,2014381026,2,1184134249; 1972544302,34207; 185564
same_name_state_authorized_official_phone,LEWISCOUNTYPRIMARYCARECENTERINC,KY,CHADEVANS,6069560188,2,1629542469; 1942799309,119559; 180651
same_name_state_authorized_official_phone,LEWISVILLEDRUGCOMPANYINC,NC,KEITHVANCE,3369460220,2,1386914380; 1710084652,74142; 135455
same_name_state_authorized_official_phone,LIBERATORMEDICALSUPPLYINC,FL,ROBERTEMERSON,8003230914,2,1164652558; 1881698439,31431; 168666
same_name_state_authorized_official_phone,LIBERTYORTHOTICSINC,NY,FRANCISBRANDT,5163266786,2,1083654503; 1497448567,16160; 94196
same_name_state_authorized_official_phone,LIBERTYWHEELSLLC,PA,DANHART,2156342000,2,1083859524; 1679985626,16766; 129508
same_name_state_authorized_official_phone,LIBRICKINC,NC,FREDERICKHENRIKSEN,8288596615,2,1265573893; 1750493011,50277; 143803
same_name_state_authorized_official_phone,LIFECAREHOMESERVICESOFNORTHWESTERNPENNSYLVANIALLP,PA,KATHYDUBOWSKI,8148776121,2,1649445255; 1851396022,123050; 162399
same_name_state_authorized_official_phone,LIFECAREPHARMACYOFDENVERCITYINC,TX,PREMKALIDINDI,8065922765,2,1336513928; 1619046448,63991; 116339
same_name_state_authorized_official_phone,LIFECARESOLUTIONSINC,CA,WILLIAMKEYS,6266835401,2,1134130842; 1659612885,24823; 125134
same_name_state_authorized_official_phone,LIFECARESOLUTIONSINC,CA,WILLIAMKEYS,9094785413,2,1215948955; 1275979254,41309; 53000
same_name_state_authorized_official_phone,LIFESCANLABSOFILLINOISLLC,IL,ELIYAHUKUTOFF,8476638300,2,1851097059; 1922565506,161805; 176668
same_name_state_authorized_official_phone,LIFESCHOICESINC,ID,MARYLANGENFELD,2083449228,2,1730305053; 1912171836,139807; 173811
same_name_state_authorized_official_phone,LIFESTYLESINC,NE,MARKBLIEFERNICH,4023932354,2,1295521334; 1598752735,55727; 113480
same_name_state_authorized_official_phone,LIHUEPHARMACYINC,HI,KEVINGLICK,8082469100,2,1356994834; 1821074972,68513; 156330
same_name_state_authorized_official_phone,LIMBCAREPROSTHETICSORTHOTICSOFGEORGIAINC,GA,JOHNRODMAN,2294309778,3,1023345220; 1396067047; 1831351634,4851; 74449; 158818
same_name_state_authorized_official_phone,LINCAREINC,CO,JEFFREYBARNHARD,3037880700,2,1043075757; 1306881750,7655; 58382
same_name_state_authorized_official_phone,LINCAREINC,CT,JEFFREYBARNHARD,2037574991,5,1104701606; 1134002256; 1457234544; 1568345601; 1841173994,20017; 24659; 86062; 106993; 159987
same_name_state_authorized_official_phone,LINCAREINC,IL,JEFFREYBARNHARD,6308507296,2,1093989337; 1922662097,18988; 176776
same_name_state_authorized_official_phone,LINCAREINC,MN,JEFFREYBARNHARD,7635451590,2,1619030905; 1922568302,116282; 176673
same_name_state_authorized_official_phone,LINCAREINC,NC,JEFFREYBARNHARD,8282554545,2,1649836040; 1790723369,123689; 151327
same_name_state_authorized_official_phone,LINCAREINC,OR,BRIANNANNIE,5038734183,2,1548684046; 1912228834,104322; 173961
same_name_state_authorized_official_phone,LINCOLNCOUNTYCOMMUNITYHEALTHCENTERINC,MT,MARIACLEMONS,4062836979,2,1164894010; 1417707837,31895; 79438
same_name_state_authorized_official_phone,LINDAMORGANFIELD,CA,LINDAMORGANFIELD,3104190151,2,1225318009; 1942368865,42481; 179796
same_name_state_authorized_official_phone,LINDERSSLLC,FL,MICHAELWALSH,8884087795,2,1376899302; 1831445865,72237; 159026
same_name_state_authorized_official_phone,LINDSAYDRUGCOINC,NY,RAGHUTHOTA,5182352522,2,1073598397; 1275534521,14236; 51730
same_name_state_authorized_official_phone,LINKAGEGENCORP,TN,ASIFIQBAL,9299335465,2,1821931874; 1902749955,157830; 172478
same_name_state_authorized_official_phone,LINKRISPHARMACYINC,MO,ROYEBERHART,3146381000,2,1093949216; 1578580304,18894; 109447
same_name_state_authorized_official_phone,LINKRISPHARMACYINC,MO,ROYEBERHART,6363371761,2,1033136882; 1164656385,5976; 31440
same_name_state_authorized_official_phone,LINKRISPHARMACYINC,MO,ROYEBERHART,6366714600,2,1891712659; 1962664573,170540; 184081
same_name_state_authorized_official_phone,LINKRISPHARMACYINC,MO,ROYEBERHART,6367973468,2,1891929014; 1942227780,171211; 179348
same_name_state_authorized_official_phone,LINTONPHARMACYINC,KS,MONTELINTON,6207923030,2,1568577591; 1730210907,107787; 139442
same_name_state_authorized_official_phone,LINXSOLUTIONSLLC,TN,JAYLINX,4238390923,2,1366074593; 1538048228,68610; 101067
same_name_state_authorized_official_phone,LISAFAMILYPHARMACYINC,CA,LISAHOHENTHANER,5308730460,2,1801966890; 1881937241,153960; 169339
same_name_state_authorized_official_phone,LITHOLINKCORPORATION,IL,WILLIAMHAYES,3122430600,2,1205090891; 1437278355,37968; 82680
same_name_state_authorized_official_phone,LIVEANDLETLIVEDRUGSTOREINC,TN,SHERRYHILL,8653540234,2,1487003455; 1609921071,91583; 115858
same_name_state_authorized_official_phone,LIVEWELLINTERNATIONALHEALTHINC,TX,DAVIDLEE,4695994242,2,1235731498; 1396321584,45047; 74868
same_name_state_authorized_official_phone,LJJONESSURGICALCOINC,NY,DAVIDCREIGHTON,7182619500,2,1508954595; 1841484383,97015; 160919
same_name_state_authorized_official_phone,LLOYDSILBERPROSTHETICSINC,PA,STEPHENYOHE,7177648737,4,1093915225; 1194925347; 1508066747; 1942400163,18826; 37605; 95527; 179905
same_name_state_authorized_official_phone,LOGANSEILERINC,MO,KENNETHSEILER,5734715454,2,1831377522; 1922190172,158881; 175943
same_name_state_authorized_official_phone,LOLEDACOUSTICTOURSINC,MN,MICHAELBRENGMAN,5077325311,2,1285641423; 1649286238,53928; 122484
same_name_state_authorized_official_phone,LONGBEACHARTIFICIALLIMBCOINC,CA,CHARLESJONES,5624265531,2,1518033505; 1881681179,97304; 168630
same_name_state_authorized_official_phone,LONGBEACHDRUGSLLC,MS,LAURELMALLEY,2288229868,2,1457491425; 1962599159,86854; 183964
same_name_state_authorized_official_phone,LONGSDRUGSOFLEXINGTONSCINC,SC,ASHLEYELLIS,8033583030,2,1174779219; 1568964567,33563; 108519
same_name_state_authorized_official_phone,LONGSDRUGSTORESCALIFORNIAINC,HI,AMYHALLIDAY,8084880958,2,1134381114; 1598962680,25651; 114278
same_name_state_authorized_official_phone,LONGSDRUGSTORESCALIFORNIAINC,HI,AMYHALLIDAY,8088458324,2,1003016734; 1194925826,36; 37606
same_name_state_authorized_official_phone,LONGSDRUGSTORESCALIFORNIALLC,HI,SUSANCOLBERT,4017651500,2,1366941064; 1457992786,70359; 87692
same_name_state_authorized_official_phone,LONGVIEWBEHAVIORALHEALTH,CO,CYNTHIADODDS,9704944200,2,1194572545; 1811772296,36677; 155527
same_name_state_authorized_official_phone,LORAINCOUNTYHEALTHDENTISTRY,OH,LISAHEMKER,4402401655,2,1619687787; 1871304550,117534; 166004
same_name_state_authorized_official_phone,LORILGIEDT,SD,LORIGIEDT,6053972363,2,1518001023; 1972821007,97211; 186336
same_name_state_authorized_official_phone,LORISDRUGSTOREINC,SC,DOUGLASBAILEY,8437564021,2,1700881943; 1952444556,134704; 181764
same_name_state_authorized_official_phone,LORRAINEPHARMACYINC,NY,RODSHALYAKUBOV,7185225522,2,1346720265; 1770216434,66180; 146802
same_name_state_authorized_official_phone,LOTUSPHARMACYLLC,PA,KUMARIKHANAL,7174585451,2,1285325373; 1588469373,53543; 111173
same_name_state_authorized_official_phone,LOUISIANACVSPHARMACYLLC,LA,SUSANCOLBERT,4017651500,2,1528295177; 1952538597,100071; 182013
same_name_state_authorized_official_phone,LOUISIANAORTHOPAEDICSPECIALISTSLLC,LA,CHRISTOPHERHEBERT,3372358007,7,1104471879; 1215471800; 1316636194; 1447761226; 1538630983; 1588242747; 1669169280,19805; 40700; 60115; 85516; 102485; 110917; 125947
same_name_state_authorized_official_phone,LOUISIANAREHABPRODUCTSINC,LA,RICKYDECASTRO,5044686100,3,1457437816; 1902359870; 1962839134,86644; 172090; 184468
same_name_state_authorized_official_phone,LOVEOAKLLC,TX,BENJAMINMCNABB,2546291791,2,1366819260; 1629783113,70159; 119874
same_name_state_authorized_official_phone,LOVINLIFEMEDICALSUPPLIESCORP,NY,MORRISTORRES,6464509256,2,1316568439; 1770122319,60023; 146699
same_name_state_authorized_official_phone,LOWCOUNTRYUROLOGYCLINICSPA,SC,DIANEHADER,8437254414,3,1275720310; 1477740504; 1578750642,52468; 91094; 110097
same_name_state_authorized_official_phone,LOYESPHARMACYINC,LA,GREGORYJONES,3183773559,2,1588720460; 1770973711,111721; 148323
same_name_state_authorized_official_phone,LRGHEALTHCARE,NH,KEVINDONOVAN,6035243211,2,1013209055; 1861514176,2491; 164561
same_name_state_authorized_official_phone,LTCPROVIDERSINC,MO,JEFFREYLOCK,5738606800,2,1356382790; 1396865663,67184; 75887
same_name_state_authorized_official_phone,LUCKYBREAKORTHOPEDICSPC,CO,DAVIDELFENBEIN,9706721980,2,1407691439; 1750074233,77231; 142873
same_name_state_authorized_official_phone,LUCKYHEALTHINC,CA,SHIUFONGYAN,6264473888,2,1477961571; 1619988292,91496; 118053
same_name_state_authorized_official_phone,LUMICERAHEALTHSERVICESLLC,MD,SHARONFAUST,8778851101,2,1821575200; 1992668446,157462; 189494
same_name_state_authorized_official_phone,LUMINISHEALTHMEDICALGROUPLLC,MD,MARISSAROSANIO,3015999500,2,1326672874; 1538793088,62339; 102677
same_name_state_authorized_official_phone,LUNAMEDICALINC,IL,MARIANNELUH,8003804339,2,1083769202; 1629031588,16532; 118239
same_name_state_authorized_official_phone,LUVKUSHLLC,NC,MITESHPATEL,2527463126,2,1174189625; 1902461403,32315; 172208
same_name_state_authorized_official_phone,LYMPHATXINC,FL,PAMELACOHEN,5617331012,2,1609694512; 1679391593,115359; 128147
same_name_state_authorized_official_phone,MAARILLINOISINC,IL,RONAKMANEK,7738542500,2,1477953073; 1710342498,91478; 136064
same_name_state_authorized_official_phone,MABIEPHARMACYLLC,WI,MATTHEWMABIE,6088387455,2,1366952293; 1518767086,70369; 98638
same_name_state_authorized_official_phone,MABIEPHARMACYLLC,WI,MATTHEWMABIE,6088393335,2,1295535755; 1508376682,55745; 96033
same_name_state_authorized_official_phone,MACPHERSONSLTD,TX,MICHAELMURPHY,9564129100,4,1083861074; 1457314544; 1922061019; 1922255900,16769; 86155; 175569; 176059
same_name_state_authorized_official_phone,MACYOPLLC,CT,THOMASMORRISSEY,8603335558,3,1194553487; 1720885775; 1972027043,36656; 138887; 184768
same_name_state_authorized_official_phone,MADAVISENTERPRISESLLC,TN,MARKDAVIS,7316279573,2,1083107205; 1760428254,15322; 145226
same_name_state_authorized_official_phone,MADONNAREHABILITATIONHOSPITAL,NE,PAULDONGILLI,4024133000,2,1104913649; 1467549907,20541; 88678
same_name_state_authorized_official_phone,MAGICRXPLUSINC,NJ,WONYOLCHANG,2019441002,2,1568078848; 1881450880,106704; 168126
same_name_state_authorized_official_phone,MAHAKALIJPINC,NJ,RAJPATEL,2014515388,2,1083632772; 1144774936,16059; 28148
same_name_state_authorized_official_phone,MAHANTPHARMACYINC,FL,URMILSHAH,7723404142,2,1063257749; 1477731305,11598; 91060
same_name_state_authorized_official_phone,MAINECENTERFORCANCERMEDICINEBLOODDISORDERSPA,ME,CHIARABATTELLI,2073033300,2,1578003547; 1760546253,108602; 145544
same_name_state_authorized_official_phone,MAINHEALTHLABLLC,TX,BILALKHAN,8326558383,2,1447131842; 1649104597,84014; 122112
same_name_state_authorized_official_phone,MAINLINECLINICALLABORATORIES,PA,MICHAELBUONGIORNO,6102294100,3,1578689865; 1669598959; 1750407045,109924; 126926; 143470
same_name_state_authorized_official_phone,MAINSAILENTERPRISESLLC,MO,CHARLESKERR,4175487184,2,1316203417; 1396895611,59413; 75968
same_name_state_authorized_official_phone,MAINSTREETFAMILYPHARMACYLLC,TN,CHRISTYNEWBAKER,7316272221,2,1407007222; 1841468790,76194; 160882
same_name_state_authorized_official_phone,MAINSTREETMEDICALSUPPLYLLC,CA,MARGARITATEJEDA,6617540439,2,1013757509; 1477395887,3282; 90082
same_name_state_authorized_official_phone,MAINSTREETPHARMACYLLC,MO,TERAJOHNSON,5736499229,2,1316928989; 1689700379,60423; 130672
same_name_state_authorized_official_phone,MAINSTREETPHARMACYLLC,NC,FINNYJOSEPH,9196881368,2,1144374596; 1902075286,27394; 171542
same_name_state_authorized_official_phone,MALATYCORPORATION,TX,NABILMALATY,2815616410,2,1154430254; 1669649794,29175; 127058
same_name_state_authorized_official_phone,MALLARDMEDICALSUPPLYLLC,AR,JEFFREYWARDLAW,8702269501,2,1275960965; 1770914996,52959; 148223
same_name_state_authorized_official_phone,MAMENTERPRISESINC,AR,MARKMCMURRY,5012617181,2,1477566321; 1487706925,90357; 92735
same_name_state_authorized_official_phone,MAMMOTHPATHSOLUTIONLLC,CA,RYANHILTON,9493170345,2,1023883576; 1790550523,5584; 151033
same_name_state_authorized_official_phone,MANCHESTERPHARMACYINC,MD,JOHNGLEESPEN,4102392300,2,1275537730; 1891049318,51740; 169563
same_name_state_authorized_official_phone,MANHATTANDENTALCAREPLLC,NY,BARRYCHASE,5165060000,2,1376004887; 1720682255,70481; 138666
same_name_state_authorized_official_phone,MANISTIQUEPHARMACEUTICALSINC,MI,MARKROHDE,9063415494,2,1114035821; 1275673428,21034; 52330
same_name_state_authorized_official_phone,MANNINGSPHARMACYCORPORATION,NY,ERNIENG,2129416480,2,1326795329; 1841284957,62485; 160346
same_name_state_authorized_official_phone,MANSFIELDDRUGINC,LA,HELENDUCOTE,3188721933,2,1215034053; 1891195467,39786; 169823
same_name_state_authorized_official_phone,MANTHEIEYEPHYSICIANSLIMITED,NV,DARRICKNEIBAUR,7028966043,2,1083961262; 1740605435,17004; 142278
same_name_state_authorized_official_phone,MANTHEIEYEPHYSICIANSLIMITED,NV,RUDYMANTHEI,7028966043,2,1518141969; 1902153174,97666; 171732
same_name_state_authorized_official_phone,MAPHARMACYLLC,TX,YALINGLEE,6822227830,2,1487545919; 1770955239,92318; 148299
same_name_state_authorized_official_phone,MAPHEALTHSYSTEMSINC,PR,ARMANDORIEGATROYA,7878471030,2,1871210112; 1952028292,165904; 180909
same_name_state_authorized_official_phone,MAPLEMOUNTAINPHARMACYINC,UT,MICHAELJOHNSON,8015156048,2,1457603037; 1487192621,87077; 91906
same_name_state_authorized_official_phone,MAPLEWOODCHEMISTSINC,NJ,SASHIDONDAPATI,9737622700,2,1194716548; 1689193187,36830; 129824
same_name_state_authorized_official_phone,MARCGLASSMANINC,OH,BETHHALLORAN,2162657700,2,1124590575; 1699278325,24245; 131855
same_name_state_authorized_official_phone,MARIALCRESPO,PR,MARIACRESPO,7878906161,2,1093138406; 1851324362,17342; 162194
same_name_state_authorized_official_phone,MARIANASHEALTHSERVICESINC,MP,GEORGECRUZ,6702334646,2,1588987119; 1710198429,112380; 135747
same_name_state_authorized_official_phone,MARIANOPRIMELIMITEDLIABILITY,GU,ARTHURMARIANO,6716465355,2,1255680914; 1609912229,48712; 115832
same_name_state_authorized_official_phone,MARIANSMEDICALSUPPLIESLLC,LA,ANTWANETTECOLLINS,2254546852,2,1306337787; 1700020781,57569; 133340
same_name_state_authorized_official_phone,MARIETTAEYEOPTICALINC,GA,TIAMCENTIRE,7704278111,2,1508881103; 1972997732,96729; 186657
same_name_state_authorized_official_phone,MARILYNDEVERE,TX,MARILYNDEVERE,8308752811,2,1225126121; 1942652979,41963; 180411
same_name_state_authorized_official_phone,MARINAPOTHECARIES,CA,NAVEENMANSUKHANI,7072366880,2,1245873124; 1770999708,47129; 148365
same_name_state_authorized_official_phone,MARINPHARMACYLLC,NY,SAISATISHGUNDA,2127951795,2,1023379286; 1508469727,4910; 96142
same_name_state_authorized_official_phone,MARIONEYECENTERSLTD,IL,MAQBOOLAHMAD,6189935686,3,1063692903; 1124152434; 1780718304,12706; 23417; 149469
same_name_state_authorized_official_phone,MARIONEYECENTERSLTD,IL,MAQBOOLAHMAD,8003447058,2,1649304957; 1851445621,122588; 162560
same_name_state_authorized_official_phone,MARIONEYECENTERSLTD,MO,MAQBOOLAHMAD,5736244584,2,1932263134; 1932380326,177833; 178128
same_name_state_authorized_official_phone,MARKCENGASSERMDPA,MN,BARBARASYKORA,9529204333,2,1639354541; 1982880035,121050; 188354
same_name_state_authorized_official_phone,MARKETFRESHINC,UT,TYLERMERRILL,4352830340,2,1215300660; 1548633837,40419; 104241
same_name_state_authorized_official_phone,MARKETIMEDRUGOFMOSCOWINC,ID,ERIKNELSON,2088827541,2,1164010229; 1750498044,30271; 143826
same_name_state_authorized_official_phone,MARKGOLDBERGPROSTHETICORTHOTICLABSINC,NY,JOSHUAGOLDBERG,6316896606,2,1578742839; 1891456018,110069; 170167
same_name_state_authorized_official_phone,MARKHAMPTONCHIROPRACTICINC,PA,MARKHAMPTON,5707728935,2,1528551231; 1821581604,100522; 157472
same_name_state_authorized_official_phone,MARKSPHARMACY,TN,MARKSMITH,8654262186,2,1285793653; 1467645986,54559; 88980
same_name_state_authorized_official_phone,MARQUEZMEDICALSUPPLYLLC,TX,OSCARMARQUEZ,9158586513,2,1659252377; 1821545542,124131; 157421
same_name_state_authorized_official_phone,MARQUISLABSLLC,OK,SAMBROOKS,4054456001,2,1417540725; 1902267164,79262; 171927
same_name_state_authorized_official_phone,MARSHALLKLOENEORTHOPEDICSINC,OH,MICHAELSTEVENS,4198930748,2,1285616714; 1669031910,53855; 125798
same_name_state_authorized_official_phone,MARSHFIELDCLINICINC,WI,CATHERINEBUKOWSKI,7154762345,2,1184700031; 1801113584,35113; 152405
same_name_state_authorized_official_phone,MARSHFIELDCLINICINC,WI,MATTHEWTHOMAS,7153875511,5,1356711444; 1356748479; 1740369008; 1841782810; 1881186948,68077; 68158; 141658; 161438; 167833
same_name_state_authorized_official_phone,MARSHFIELDCLINICPHARMACYLLC,MO,MICHAELVINEHOUT,4174684442,3,1154621803; 1336293828; 1598879561,29670; 63516; 114084
same_name_state_authorized_official_phone,MARTINSFOODSOFSOUTHBURLINGTONLLC,NY,MICHAELVAIL,6008367217,2,1366207219; 1902661853,68762; 172407
same_name_state_authorized_official_phone,MARUTIDRUGSINC,NJ,SANJAYSHAH,9082768540,2,1023038478; 1730195207,4008; 139405
same_name_state_authorized_official_phone,MARUTIRXLLC,NJ,RIMAPADIA,6095866661,2,1457412520; 1902331937,86546; 172049
same_name_state_authorized_official_phone,MARYBLACKPHYSICIANSGROUPLLC,SC,DONNAMATTSON,8644338980,2,1093933855; 1518187228,18866; 97769
same_name_state_authorized_official_phone,MARYBLACKPHYSICIANSGROUPLLC,SC,VFLINN,8644895001,2,1508084351; 1699975300,95555; 133284
same_name_state_authorized_official_phone,MARYFREEBEDORTHOTICSANDPROSTHETICS,IN,ROBERTTUCK,6168408007,2,1033938345; 1780426361,7504; 148886
same_name_state_authorized_official_phone,MARYFREEBEDORTHOTICSANDPROSTHETICS,MI,MARKPORTH,6163561916,3,1245268622; 1528096997; 1619929643,45845; 99496; 117876
same_name_state_authorized_official_phone,MARYFREEBEDORTHOTICSANDPROSTHETICS,MI,ROBERTTUCK,6168408007,3,1154963817; 1184607335; 1558170704,30232; 34748; 104921
same_name_state_authorized_official_phone,MARYHITCHCOCKMEMORIALHOSPITAL,NH,KEITHTHOMASSET,6036533785,2,1699275503; 1821150806,131849; 156529
same_name_state_authorized_official_phone,MARYLANDCVSPHARMACYLLC,MD,SUSANCOLBERT,4017651500,4,1346741642; 1417636218; 1548761851; 1629508478,66203; 79366; 104445; 119502
same_name_state_authorized_official_phone,MARYLANDFOOTANKLERESTORATIONLLC,MD,JOHNYMOTRAN,3016995900,2,1194155663; 1366709784,36162; 69935
same_name_state_authorized_official_phone,MARYWASHINGTONHEALTHCAREPHYSICIANS,VA,SEANBARDEN,5403611830,2,1578225777; 1740853035,108896; 142652
same_name_state_authorized_official_phone,MARYWASHINGTONHEALTHCAREPHYSICIANS,VA,THOMASMATHEWS,5403734602,3,1063974830; 1154883924; 1770045544,13197; 30124; 146593
same_name_state_authorized_official_phone,MASHINC,AL,STEVENALVERSON,2054869003,2,1578722468; 1861454613,110003; 164399
same_name_state_authorized_official_phone,MASTDRUGCOINC,NC,POLLYBEAL,8882944955,2,1013251628; 1265778427,2589; 50720
same_name_state_authorized_official_phone,MASTERMEDICALSUPPLY,CA,RAULANON,8055648080,2,1164690673; 1346224888,31511; 64844
same_name_state_authorized_official_phone,MASVIDAHEALTHCARESOLUTIONSLLC,FL,BRANDIWHITELEY,8177043103,5,1104689850; 1366205916; 1548026214; 1679336317; 1942063524,20005; 68760; 102909; 128078; 179050
same_name_state_authorized_official_phone,MATHESPHARMACYINC,IN,JOEDONES,8129443612,2,1497901789; 1922036300,95174; 175473
same_name_state_authorized_official_phone,MAUIPHARMACYSOLUTIONSLLC,HI,CORYLEHANO,8084463348,2,1073225900; 1770064685,13535; 146628
same_name_state_authorized_official_phone,MAURYREGIONALHOSPITAL,TN,JOELWRIGHT,8062427782,2,1437094778; 1780520049,81998; 148995
same_name_state_authorized_official_phone,MAXIMUMMOBILITYLLC,PA,JEFFREYKLOSSNER,5708827436,2,1780749036; 1811134364,149552; 154507
same_name_state_authorized_official_phone,MAXORNATIONALPHARMACYSERVICESLLC,TX,JOELWRIGHT,8006586046,2,1003433376; 1144320482,751; 27165
same_name_state_authorized_official_phone,MAXORNATIONALPHARMACYSERVICESLLC,TX,JOELWRIGHT,8666296779,2,1023384898; 1871693119,4925; 166849
same_name_state_authorized_official_phone,MAYAGUEZCLINICALLABINC,PR,ERICMAS,7878324376,2,1386340693; 1992401327,72863; 189229
same_name_state_authorized_official_phone,MAYFIELDCLINICINC,OH,MICHAELRADOMSKI,5132211100,5,1093424657; 1295292860; 1619434206; 1780423467; 1831656412,17732; 55501; 117199; 148882; 159442
same_name_state_authorized_official_phone,MAYHUGHDRUGSINC,FL,GREGORYCRAWFORD,9043790408,2,1598713190; 1881466365,113416; 168152
same_name_state_authorized_official_phone,MAYOCLINICARIZONA,AZ,JEFFREYJACKSON,4803018000,3,1255302113; 1487663332; 1528039484,47599; 92485; 99236
same_name_state_authorized_official_phone,MAYOCLINICHEALTHSYSTEMPHARMACYHOMEMEDICALINC,WI,JULIEHANSEN,7158386000,2,1568478980; 1588938559,107299; 112300
same_name_state_authorized_official_phone,MAYOCLINICJACKSONVILLE,FL,ALICERIGDON,9049537355,2,1285621631; 1558350413,53863; 105173
same_name_state_authorized_official_phone,MAYOFOUNDATIONFORMEDICALEDUCATIONRESEARCH,MN,DENNISDAHLEN,5072849669,3,1033482872; 1417923475; 1487380846,6886; 79677; 92147
same_name_state_authorized_official_phone,MAYOFOUNDATIONFORMEDICALEDUCATIONRESEARCH,WI,DENNISDAHLEN,6083929797,2,1588226344; 1811543309,110905; 155282
same_name_state_authorized_official_phone,MAYOFOUNDATIONFORMEDICALEDUCATIONRESEARCH,WI,DENNISDAHLEN,7158381815,3,1205482312; 1306492707; 1821644923,38624; 57780; 157550
same_name_state_authorized_official_phone,MAYSVILLEPHARMACYINC,GA,RONALDHARRIS,7066522900,2,1164463543; 1528183720,30920; 99833
same_name_state_authorized_official_phone,MBCLINICALLABORATORIESEASTCORP,PR,JOSEFLORES,7874758731,2,1275484784; 1710461363,51639; 136284
same_name_state_authorized_official_phone,MBTCONSULTANTSPL,FL,MARGARETATINSLEY,5616371446,2,1326225871; 1578714739,61611; 109988
same_name_state_authorized_official_phone,MCABEEMEDICALINC,AL,ANDREWALVAREZ,2563517747,2,1093887317; 1760554075,18738; 145569
same_name_state_authorized_official_phone,MCCANNDRUGCOINC,NY,JASONMCCANN,5187474732,2,1104399609; 1619009263,19721; 116227
same_name_state_authorized_official_phone,MCCARTHYSQUAREPHARMACYLLC,NC,GEORGEDAVIS,2525142900,2,1780729376; 1821157827,149495; 156559
same_name_state_authorized_official_phone,MCCONAGHYHOMEMEDICALLLC,AL,DANMCCONAGHY,2512753964,2,1073917266; 1073919361,15022; 15028
same_name_state_authorized_official_phone,MCDONOUGHORTHOPAEDICANDSPORTSMEDICINECENTERSC,WI,WAYNECHRISTIE,7154215257,2,1073506838; 1609958404,13846; 116001
same_name_state_authorized_official_phone,MCDOWELLPROFESSIONALPHARMACYINC,KY,STEVENDAWSON,6063771088,2,1699972125; 1912071382,133280; 173579
same_name_state_authorized_official_phone,MCFARLANDCLINICPC,IA,JEBLEE,5152394400,2,1174602908; 1477636272,33029; 90705
same_name_state_authorized_official_phone,MCHSHOSPITALSINC,WI,CATHERINEBUKOWSKI,7155399990,2,1326590464; 1871211003,62261; 165905
same_name_state_authorized_official_phone,MCIDIAGNOSTICCENTERLLC,TX,COLLEENPAYNE,4694852382,3,1114485042; 1750466587; 1841645132,21966; 143655; 161219
same_name_state_authorized_official_phone,MCKENZIEPRESCRIPTIONCENTERINC,MO,DENNISBERDING,6602636710,2,1215107453; 1538253224,40019; 101657
same_name_state_authorized_official_phone,MCLDCORPORATION,IA,CHRISTOPHERTUETKEN,3192211050,2,1093866071; 1114963576,18678; 22716
same_name_state_authorized_official_phone,MCLDCORPORATION,IA,CHRISTOPHERTUETKEN,3194654906,2,1134117005; 1619966405,24785; 117940
same_name_state_authorized_official_phone,MCLDCORPORATION,IA,CHRISTOPHERTUETKEN,3196473322,2,1073501938; 1184794174,13834; 35460
same_name_state_authorized_official_phone,MCLESKEYTODDPHARMACYOFGREERINC,SC,JAMESWALL,8648770753,2,1326172016; 1962486696,61465; 183595
same_name_state_authorized_official_phone,MCPHAILSPHARMACYINC,NC,NEILMCPHAIL,9108934544,2,1811005507; 1841593563,154133; 161128
same_name_state_authorized_official_phone,MCPHAILSPHARMACYINC,NC,NEILMCPHAIL,9108977165,3,1124034046; 1174547715; 1922201995,22921; 32866; 175980
same_name_state_authorized_official_phone,MCRHEALTHINC,FL,MELVINPRICE,9417764000,5,1063069268; 1326755208; 1700439494; 1720686355; 1982250510,11405; 62421; 134074; 138671; 187056
same_name_state_authorized_official_phone,MDMEDICALSERVICESINC,MS,WADEWARD,6019199196,2,1124465810; 1518976380,24059; 98993
same_name_state_authorized_official_phone,MDWESTONEPC,NE,JENNIFERFREDRICKS,4023904111,3,1023761814; 1295448744; 1740933530,5461; 55653; 142745
same_name_state_authorized_official_phone,MDWESTONEPC,NE,LORIHILL,4023998550,4,1053848390; 1447787783; 1669909909; 1922535236,11135; 85579; 127530; 176621
same_name_state_authorized_official_phone,MEADOWSDMELLC,GA,TONYOSTEEN,9125355555,2,1093309544; 1174117626,17605; 32244
same_name_state_authorized_official_phone,MEDAIRINC,VA,SEANMAGILL,8044458525,2,1144257296; 1548691249,26989; 104338
same_name_state_authorized_official_phone,MEDASSISTOFMECKLENBURG,NC,LORIGIANG,7045361790,2,1336445360; 1528386711,63838; 100244
same_name_state_authorized_official_phone,MEDBLUEPHARMACYDISCOUNTINC,FL,YARIMACOBOS,7865342686,2,1235530023; 1588065494,44723; 110667
same_name_state_authorized_official_phone,MEDCAREPHARMACYINC,TX,JERELKERBY,9036455933,2,1699762443; 1982778452,132523; 188104
same_name_state_authorized_official_phone,MEDCENTRALHEALTHSYSTEM,OH,JAMESMEYER,4195268000,3,1477605830; 1689726226; 1780736405,90616; 130735; 149510
same_name_state_authorized_official_phone,MEDCENTRIXINC,IL,RONALDRUTKOWSKI,7085892019,2,1346372372; 1598930752,65489; 114199
same_name_state_authorized_official_phone,MEDCENTROINC,PR,ALLANCINTRONSALICHS,7878439393,5,1114680618; 1417552209; 1467518340; 1609471937; 1700106291,22174; 79277; 88576; 115127; 133526
same_name_state_authorized_official_phone,MEDCORESPIRATORYINSTRUMENTSINC,TX,MATTHEWBUCKHALTER,8668831188,3,1093789901; 1225489578; 1437896735,18388; 42797; 83776
same_name_state_authorized_official_phone,MEDEQUIPINC,CA,SORENLIND,9494434414,3,1457003527; 1891105961; 1942394119,85806; 169668; 179881
same_name_state_authorized_official_phone,MEDESSENCESOLUTIONSLLC,MO,UNKNOWNMOHAMMEDMOHIUDDINAHMED,8723318174,2,1629884697; 1861289027,119973; 164001
same_name_state_authorized_official_phone,MEDFORDPHARMACYGROUPLLC,OR,JEFFREYHARRELL,5417722330,2,1427760792; 1780781625,81657; 149682
same_name_state_authorized_official_phone,MEDHEALTH,TX,JENNIFERKENYON,2149414243,4,1417503814; 1497301410; 1528614922; 1699321612,79217; 94030; 100611; 131944
same_name_state_authorized_official_phone,MEDHEALTH,TX,JENNIFERKENYON,2149482076,4,1245723113; 1306339387; 1558854547; 1720331507,46914; 57570; 106401; 138094
same_name_state_authorized_official_phone,MEDHEALTH,TX,JENNIFERKENYON,9727279995,3,1184236887; 1780157693; 1992278741,34352; 148608; 189098
same_name_state_authorized_official_phone,MEDHEALTH,TX,TIMKIRBY,2149482076,2,1003169889; 1063765832,367; 12861
same_name_state_authorized_official_phone,MEDICALARTSOUTPATIENTSERVICESINC,ND,JOHNKUTCH,7018577370,3,1104527647; 1205184256; 1467473827,19857; 38148; 88354
same_name_state_authorized_official_phone,MEDICALARTSPHARMACYINC,AL,LARRYBOND,3347944191,2,1508917584; 1538285499,96890; 101819
same_name_state_authorized_official_phone,MEDICALARTSPHARMACYOFCOLUMBUSINC,MS,DONALDWALDEN,6623288660,2,1073626636; 1598806143,14410; 113763
same_name_state_authorized_official_phone,MEDICALCENTERPHARMACYINC,NC,GREGORYMARKS,9109974471,2,1326292251; 1770587644,61745; 147373
same_name_state_authorized_official_phone,MEDICALCENTERPHARMACYINC,TN,JOEMOORE,4234765547,2,1033277447; 1841364379,6441; 160581
same_name_state_authorized_official_phone,MEDICALEDGEHEALTHCAREGROUPPA,TX,CLAYHEIGHTEN,2147038100,2,1336294685; 1598990731,63517; 114316
same_name_state_authorized_official_phone,MEDICALEDUCATIONASSISTANCECORPORATION,TN,RUSSELLLEWIS,4234336050,2,1235200676; 1235236613,43895; 44062
same_name_state_authorized_official_phone,MEDICALENTERPRISESINC,MI,ANGELALACKIE,9893158605,2,1528692464; 1871671008,100699; 166757
same_name_state_authorized_official_phone,MEDICALGROUPINC,MA,HARRIETBERING,9789274110,2,1467568899; 1801810213,88802; 153461
same_name_state_authorized_official_phone,MEDICALHOTSPOTSINC,FL,TRISHABAILEY,2399639551,2,1336780162; 1366280604,64384; 68845
same_name_state_authorized_official_phone,MEDICALHOTSPOTSINC,FL,TRISHABAILEY,3525714928,2,1215647532; 1962284919,40897; 183095
same_name_state_authorized_official_phone,MEDICALHOTSPOTSINC,FL,TRISHABAILEY,7724928559,2,1821406042; 1912315136,157169; 174127
same_name_state_authorized_official_phone,MEDICALHOTSPOTSINC,FL,TRISHABAILEY,9043285959,2,1285297838; 1326820366,53516; 62506
same_name_state_authorized_official_phone,MEDICALHOTSPOTSINC,GA,TRISHABAILEY,4782545020,2,1093339954; 1104409903,17644; 19729
same_name_state_authorized_official_phone,MEDICALINNOVATIONSCONCEPTSPC,NC,DANIELBERNSTEIN,7048908080,4,1144793860; 1699248328; 1770056400; 1790258416,28162; 131818; 146618; 150677
same_name_state_authorized_official_phone,MEDICALLOGISTICS,CA,DAVIDMORTON,9099497430,2,1376670125; 1578650644,71772; 109741
same_name_state_authorized_official_phone,MEDICALMARTDME,TX,WILLIAMFATANTHONY,9564243535,2,1346507514; 1912367335,65806; 174214
same_name_state_authorized_official_phone,MEDICALMETRICSLLC,AZ,TAYLORFROILAND,4808833800,2,1174923759; 1275088007,33849; 51238
same_name_state_authorized_official_phone,MEDICALPARKPHARMACY,OR,JOHNSVENDSEN,5416721800,2,1447232533; 1699786665,84134; 132645
same_name_state_authorized_official_phone,MEDICALPARKPHARMACYEASTINC,NC,JEFFREYWILLIAMS,2525042800,2,1396886701; 1649642422,75948; 123394
same_name_state_authorized_official_phone,MEDICALPHARMACYPA,KS,JOSEPHGILLILAND,7853642114,2,1104873769; 1679673982,20461; 128869
same_name_state_authorized_official_phone,MEDICALPLUSSUPPLIESINC,TX,ESTEBANRODRIGUEZ,7134406700,2,1386800423; 1710288170,73879; 135938
same_name_state_authorized_official_phone,MEDICALPLUSSUPPLIESINC,TX,ESTEBANRODRIGUEZ,8002983948,3,1528037538; 1619231412; 1639681968,99232; 116842; 121630
same_name_state_authorized_official_phone,MEDICALRESOURCESINC,AL,KATHLEENJONES,2055217337,2,1508885617; 1679806905,96788; 129215
same_name_state_authorized_official_phone,MEDICALSERVICECOMPANY,IN,JOSHMARX,3174195950,2,1487147526; 1740779750,91828; 142552
same_name_state_authorized_official_phone,MEDICALSERVICECOMPANY,IN,JOSHMARX,8669075337,2,1174135685; 1972115483,32263; 184919
same_name_state_authorized_official_phone,MEDICALSERVICECOMPANY,MI,JOSHMARX,2487439100,4,1225684723; 1467014860; 1699337006; 1891357208,43053; 87720; 131959; 170055
same_name_state_authorized_official_phone,MEDICALSERVICECOMPANY,OH,JOSHMARX,4402323000,4,1467152827; 1508784364; 1720455405; 1972554939,87877; 96474; 138315; 185598
same_name_state_authorized_official_phone,MEDICALSERVICECOMPANY,OH,MICHELESMITH,4402323000,2,1689425126; 1861632465,130081; 164899
same_name_state_authorized_official_phone,MEDICALSUPPLIESINC,AL,JAMESEUBANKS,3348869111,2,1053482299; 1861685414,10421; 165037
same_name_state_authorized_official_phone,MEDICALSUPPLYSOLUTIONSINC,OK,GLENWILLIAMS,8666967528,3,1144383068; 1477886851; 1962735332,27421; 91352; 184274
same_name_state_authorized_official_phone,MEDICALTECHNOLOGIESINC,LA,JOHNMONLEZUN,3374911100,2,1376599084; 1407214026,71474; 76587
same_name_state_authorized_official_phone,MEDICALUNIVERSITYHOSPITALAUTHORITY,SC,THOMASCRAWFORD,8438760199,4,1083171185; 1659511061; 1730329467; 1821238551,15425; 124915; 139859; 156810
same_name_state_authorized_official_phone,MEDICATEPHARMACYINC,IL,MICHAELSCHALTENBRAND,6188751000,2,1063418523; 1407244502,11806; 76640
same_name_state_authorized_official_phone,MEDICATIONCOORDINATIONPHARMACYLLC,MA,CHARLEENGUARNACCIAALBANESE,5086440238,2,1306704515; 1437808854,58005; 83674
same_name_state_authorized_official_phone,MEDICHOMEHEALTHCARELLC,OH,CAMEOZEHNDER,4404497727,2,1134167646; 1679749030,25073; 129105
same_name_state_authorized_official_phone,MEDICINEMARTCOLUMBIAINC,SC,ANDREWWALL,8032312003,2,1013004217; 1437653441,1863; 83444
same_name_state_authorized_official_phone,MEDICINESTOREINC,MA,MICHAELCARPINELLA,7812463527,2,1447079645; 1598828980,83966; 113835
same_name_state_authorized_official_phone,MEDICITIDRUGSINC,NY,MOHAMMEDULLAH,7184248273,2,1487876843; 1861613655,93296; 164874
same_name_state_authorized_official_phone,MEDICORHEALTHCAREINC,TX,MANUELDELGADO,9729267100,2,1033538657; 1144396474,6993; 27479
same_name_state_authorized_official_phone,MEDICORHOMECAREINC,FL,MANUELDELGADO,8139308000,2,1508248543; 1598841579,95822; 113874
same_name_state_authorized_official_phone,MEDICPHARMACYINCOFELDORADO,AR,WILLIAMHANRY,8708624931,2,1083608319; 1235110644,15907; 43523
same_name_state_authorized_official_phone,MEDINOVASOLUTIONSLIMITEDLIABILITYCOMPANY,CA,JOSEJIMENEZ,6265411613,2,1124906292; 1245174234,24557; 45531
same_name_state_authorized_official_phone,MEDIPATHLLC,FL,GINASALAZAR,7864640749,2,1316752447; 1407226350,60238; 76609
same_name_state_authorized_official_phone,MEDIQINC,FL,ENRIQUEQUINTANA,3058879911,2,1750434460; 1851483952,143543; 162713
same_name_state_authorized_official_phone,MEDIQUIKDISCOUNTPHARMACY3INC,AR,ELIZABETHWOOLSEY,4799631555,2,1780051219; 1831306489,148439; 158732
same_name_state_authorized_official_phone,MEDIQUIKPHARMACYINC,AR,ROBERTWOOLSEY,4796674145,2,1588817787; 1942384748,112059; 179852
same_name_state_authorized_official_phone,MEDIQUIPINC,NY,WILLIAMHILL,5163410433,2,1417242611; 1780605444,78757; 149111
same_name_state_authorized_official_phone,MEDIQUIPSUPPLIESINC,FL,YAILEDPEREZ,3052347732,2,1033237128; 1366654741,6346; 69840
same_name_state_authorized_official_phone,MEDISAVHOMECAREPHARMACIESINC,AR,JAMIESCHMALZ,4794522210,2,1396828034; 1518069004,75710; 97487
same_name_state_authorized_official_phone,MEDISHACKINC,CA,MICHAELSHAKER,3232060971,2,1033873823; 1770207623,7444; 146788
same_name_state_authorized_official_phone,MEDISYSTEMS,FL,TAMMYMCKENZIE,3526833545,7,1033123765; 1124032859; 1366626129; 1386620748; 1477569861; 1609000355; 1891709523,5833; 22877; 69789; 73161; 90412; 114329; 170507
same_name_state_authorized_official_phone,MEDIZINEMANINC,CO,THOMASGIERWATOSKI,3034837455,3,1215519889; 1730384355; 1922361138,40748; 139990; 176308
same_name_state_authorized_official_phone,MEDLEYPHARMACYINC,MO,AMYMITCHELL,6607484048,2,1861134769; 1871157644,163822; 165831
same_name_state_authorized_official_phone,MEDLEYPHARMACYINC,MO,LOCALHEALTHMISSOURIINC,5734226400,2,1477867976; 1538158274,91321; 101257
same_name_state_authorized_official_phone,MEDLEYPHARMACYINC,MO,LOCALHEALTHMISSOURIINC,5734373440,2,1346687845; 1891885687,66128; 171076
same_name_state_authorized_official_phone,MEDLINKGEORGIAINC,GA,DAVIDWARD,6789753493,2,1245732254; 1801262720,46922; 152696
same_name_state_authorized_official_phone,MEDPOINTPHARMACYINCORPORATED,FL,DMITRYBUKRITSKY,5614512111,2,1558681056; 1770804106,106117; 148013
same_name_state_authorized_official_phone,MEDS2YOULLC,IL,DIKEAJIRI,8475968966,2,1396083408; 1912251299,74489; 174010
same_name_state_authorized_official_phone,MEDSINMOTIONLLC,UT,DANIELRICHARDS,8015066999,2,1467961995; 1811406218,89536; 155080
same_name_state_authorized_official_phone,MEDSONICLLC,FL,KENPITTER,9544918601,2,1447736699; 1760836530,85490; 146241
same_name_state_authorized_official_phone,MEDSOURCEORTHOTICSPROSTHETICSINC,AZ,DAVIDCHARLES,6023953354,3,1043769169; 1245724822; 1386786614,9214; 46917; 73841
same_name_state_authorized_official_phone,MEDSOUTHINC,AL,LISAWELLS,2053843626,2,1124185640; 1871770156,23503; 167062
same_name_state_authorized_official_phone,MEDSTARSURGICALBREATHINGEQUIPMENTINC,NY,WENDYRUSSALESI,7183748611,2,1437993391; 1598509457,83870; 113156
same_name_state_authorized_official_phone,MEDSTARSURGICALBREATHINGEQUIPMENTINC,NY,WENDYRUSSALESI,7184602900,2,1003239740; 1376173278,477; 70726
same_name_state_authorized_official_phone,MEDSTARSURGICALBREATHINGEQUIPMENTINC,NY,WENDYRUSSALESI,7185121960,2,1134220205; 1437154010,25201; 82100
same_name_state_authorized_official_phone,MEDSUPPLY,CA,ADAMFRERICHS,5592921540,2,1396432035; 1619021292,74997; 116258
same_name_state_authorized_official_phone,MEDSUPPLYPLUSINC,MS,NATALIESLEEPER,6622863107,2,1386973956; 1598093668,74277; 112575
same_name_state_authorized_official_phone,MEDWAYMEDICALINC,UT,WENDYRUSSALESI,8015660567,2,1740177328; 1962438358,141063; 183461
same_name_state_authorized_official_phone,MEDWORLDPHARMACYINC,TX,ANDREWCONEY,2142720917,2,1477893733; 1689115461,91369; 129716
same_name_state_authorized_official_phone,MEDXMEDICALEQUIPMENTCORP,FL,ANAHITA,3055121363,2,1114931979; 1700804432,22489; 134473
same_name_state_authorized_official_phone,MEDZONEPHARMACYINC,CA,DINESHSAVALIA,7145581900,2,1346037728; 1417236688,64663; 78737
same_name_state_authorized_official_phone,MEEKERDRUGSINC,CO,DIANAJONES,9708789988,2,1437484284; 1962737064,83161; 184279
same_name_state_authorized_official_phone,MEGSPHARMACYINC,WI,EZRAGRUSZYNSKI,7158547425,2,1609324045; 1679542062,114928; 128378
same_name_state_authorized_official_phone,MEMORIALHERMANNHEALTHSYSTEM,TX,STEVENHAND,2816986100,5,1114704467; 1366229619; 1407633761; 1528845880; 1841077104,22216; 68785; 77171; 100855; 159904
same_name_state_authorized_official_phone,MEMORIALHOMESERVICESOFCENTRALILLINOISINC,IL,LORIVALENTINE,2177884663,2,1194134361; 1336111053,36125; 62815
same_name_state_authorized_official_phone,MEMORIALHOSPITALINC,WI,SCOTTPOLENZ,7157433101,2,1679746747; 1710976741,129099; 136977
same_name_state_authorized_official_phone,MEMPHISFAMILYVISIONPRACTICE,TN,GERALDEISENSTATT,9017677080,2,1346426202; 1487830642,65638; 93189
same_name_state_authorized_official_phone,MENDEZMEDICALLLC,OK,ALEXMENDEZ,5803039275,2,1275580623; 1770718769,51987; 147843
same_name_state_authorized_official_phone,MENDOTACOMMUNITYHOSPITAL,IL,ROBERTSEHRING,8155397461,2,1376673087; 1578598751,71779; 109556
same_name_state_authorized_official_phone,MENNONITEGENERALHOSPITALINC,PR,MARTAMERCADO,7877359206,2,1255419503; 1831183466,48036; 158298
same_name_state_authorized_official_phone,MEPRXLLC,PA,MARKLAWSON,6105662226,2,1396483004; 1871974816,75059; 167473
same_name_state_authorized_official_phone,MERCYCLINICSPRINGFIELDCOMMUNITIES,MO,WILLIAMROBERTS,4178209393,2,1558428896; 1760936264,105490; 146422
same_name_state_authorized_official_phone,MERCYHEALTHPHYSICIANSCINCINNATILLC,OH,ERINFRIES,5133479999,3,1518380393; 1629520713; 1720401086,98128; 119520; 138211
same_name_state_authorized_official_phone,MERCYHEALTHPHYSICIANSCINCINNATILLC,OH,JONIMCELROY,5133479999,2,1104249051; 1972926756,19484; 186531
same_name_state_authorized_official_phone,MERCYHEALTHPHYSICIANSCINCINNATISPECIALTYCARELLC,OH,CASSIELOWE,5133479999,3,1467219931; 1730993270; 1780452227,87952; 140865; 148921
same_name_state_authorized_official_phone,MERCYHEALTHPHYSICIANSCINCINNATISPECIALTYCARELLC,OH,JOSEPHHARDY,5133479999,3,1467113274; 1659034767; 1932871753,87840; 123901; 178861
same_name_state_authorized_official_phone,MERCYHEALTHPHYSICIANSLORAINSPECIALTYCARELLC,OH,GERALDMORELL,4402224970,2,1518629880; 1790447068,98512; 150915
same_name_state_authorized_official_phone,MERCYHEALTHPHYSICIANSLORAINSPECIALTYCARELLC,OH,WILBURGAY,4409306015,3,1194487470; 1255063145; 1386306660,36598; 47331; 72821
same_name_state_authorized_official_phone,MERCYHEALTHREGIONALMEDICALCENTERLLC,OH,EDWINOLEY,4409604740,2,1083163729; 1164971800,15415; 32021
same_name_state_authorized_official_phone,MERCYHEALTHSYSTEMCORPORATION,WI,JOHNCOOK,6087566000,2,1548386204; 1639200108,103771; 120549
same_name_state_authorized_official_phone,MERCYHOSPITALINC,FL,JOHNJOHNSON,3052852762,2,1285776765; 1447311501,54514; 84473
same_name_state_authorized_official_phone,MERCYHOSPITALSPRINGFIELD,MO,SCOTTREYNOLDS,4176785557,2,1376884353; 1760785265,72202; 146151
same_name_state_authorized_official_phone,MERCYMEDICALCENTER,IA,TIMOTHYCHARLES,3193631308,2,1184974677; 1386720589,35841; 73574
same_name_state_authorized_official_phone,MERCYMEDICALCENTERAURORALLC,IL,CHRISTOPHERDOAN,6308015733,2,1215025762; 1255125423,39726; 47430
same_name_state_authorized_official_phone,MERCYMEDICALSUPPLIESINC,CA,ANGELMICHEL,3106376993,2,1134268253; 1992912406,25394; 190343
same_name_state_authorized_official_phone,MERCYPHARMACYSERVICESLLC,MO,DOUGMALCOLM,3142515478,2,1487414801; 1497272165,92191; 93978
same_name_state_authorized_official_phone,MERCYPHARMACYSERVICESLLC,MO,DOUGMALCOLM,3146285627,2,1003748328; 1356282479,1057; 66811
same_name_state_authorized_official_phone,MERIDIANHEALTHRXLLC,IN,SCOTTRIGGS,7652545347,2,1316658248; 1760193692,60147; 144862
same_name_state_authorized_official_phone,MERIDIANLABORATORYSERVICESLLC,IN,ELSECOLE,3179250653,2,1437514817; 1811779291,83223; 155534
same_name_state_authorized_official_phone,MERITUSENTERPRISESINC,MD,JOSHUAREPAC,3017140200,2,1861270209; 1932169927,163981; 177548
same_name_state_authorized_official_phone,MERRICKBLVDPHARMACYINC,NY,ABRAMYUSHUVAYEV,3475619686,2,1255871356; 1265040240,49024; 49225
same_name_state_authorized_official_phone,MESQUITEPHARMACYRXLLC,TX,HEMAPATEL,9722851761,2,1255078549; 1578918678,47350; 110408
same_name_state_authorized_official_phone,METHODISTHEALTHCAREMEMPHISHOSPITALS,TN,LARRYFOGARTY,9015168168,3,1225723133; 1801819818; 1942181037,43094; 153538; 179158
same_name_state_authorized_official_phone,METHODISTHEALTHINC,KY,BENNYNOLEN,2703895000,2,1013197383; 1831172691,2461; 158274
same_name_state_authorized_official_phone,METROCAREHOMEMEDICALEQUIPMENTINC,TX,DAVIDBAXTER,9726470111,2,1831182054; 1972596195,158295; 185679
same_name_state_authorized_official_phone,METROCLINICALLABORATORYLLC,MN,ABDINASIRAHMED,6122227990,2,1033572607; 1972957264,7041; 186581
same_name_state_authorized_official_phone,METROCOMMUNITYPROVIDERNETWORKINC,CO,APRILPEER,3033606276,2,1699617563; 1730806654,132271; 140672
same_name_state_authorized_official_phone,METROPAVIAHEALTHCARECENTERSINC,PR,MARIALOPEZ,7876512855,2,1689011124; 1912256090,129553; 174015
same_name_state_authorized_official_phone,METROPHARMACYANDMEDICALSUPPLIESINC,OK,SAMUELOSEI,9184257770,2,1457684557; 1568795524,87210; 108230
same_name_state_authorized_official_phone,METROPHARMACYIILLC,NJ,RAJESHPIPALIA,9734240045,2,1790199750; 1982870614,150584; 188323
same_name_state_authorized_official_phone,METROPOLITANORTHOTICLABORATORYINC,MN,DEBBYMERRITT,6123413660,2,1063517241; 1780789875,12241; 149760
same_name_state_authorized_official_phone,METROPOLITANWASHINGTONORTHOPAEDICASSOCIATION,MD,RIDAAZER,3018393373,2,1831407709; 1902114879,158953; 171640
same_name_state_authorized_official_phone,METROWESTPHARMACYLLC,MA,SHIVANGPATEL,5084050609,2,1033656814; 1225824592,7187; 43210
same_name_state_authorized_official_phone,METTESAVEDISCOUNTDRUGSINC,MS,ERIKBROOME,6625634557,2,1760569198; 1902066319,145619; 171520
same_name_state_authorized_official_phone,MGCUSTOMSHOESANDORTHOTICSLLC,CA,GREGORYBANTING,9253051855,2,1609135029; 1902076987,114647; 171552
same_name_state_authorized_official_phone,MGLPHARMACYINC,NY,FARRUKHRAKHMATULLAEV,7184590911,2,1447608864; 1730135823,85267; 139261
same_name_state_authorized_official_phone,MHCORTHOTICSANDPROSTHETICSLLC,MD,SHERYLPRICE,3019970191,2,1407855703; 1619933793,77442; 117885
same_name_state_authorized_official_phone,MIAMIBEACHCOMMUNITYHEALTHCENTERINC,FL,MARKRABINOWITZ,3055388835,2,1215002571; 1689749269,39653; 130816
same_name_state_authorized_official_phone,MICHAELAGARVINDPMPA,FL,MICHAELGARVIN,7723357171,2,1457391047; 1659623700,86469; 125157
same_name_state_authorized_official_phone,MICHAELDMERRILL,ID,MICHAELMERRILL,2085258700,2,1205297744; 1285762542,38344; 54486
same_name_state_authorized_official_phone,MICHIGANHEALTHCAREPROFESSIONALSPC,MI,JEFFREYMARGOLIS,2482676569,2,1518212240; 1972855021,97821; 186389
same_name_state_authorized_official_phone,MICHIGANHEALTHCAREPROFESSIONALSPC,MI,JEFFREYMARGOLIS,2482884510,2,1083993786; 1245519958,17061; 46575
same_name_state_authorized_official_phone,MICHIGANINSTITUTEOFUROLOGYPC,MI,ALPHONSESANTINO,2486249900,2,1053401752; 1801978309,10112; 153994
same_name_state_authorized_official_phone,MICHIGANMEDICALPATIENTCARE,MI,SCOTTHARRING,6167864008,2,1841527413; 1871741652,161005; 166982
same_name_state_authorized_official_phone,MICHIGANORTHOPAEDICSURGEONSPLLC,MI,DAVIDCOLLON,2486631900,2,1063950871; 1790223857,13162; 150629
same_name_state_authorized_official_phone,MIDAMERICACLINICALLABORATORIESLLC,IN,DIANNEVANNESS,3178031010,4,1053742320; 1346584026; 1598192031; 1831433051,10955; 65943; 112773; 159001
same_name_state_authorized_official_phone,MIDAMERICAORTHOPEDICSKCLLC,KS,PATDO,9132329846,3,1164051793; 1427509074; 1629460167,30320; 81352; 119422
same_name_state_authorized_official_phone,MIDAMERICAORTHOPEDICSLLC,KS,PATDO,3162624886,2,1386090603; 1679067565,72535; 127757
same_name_state_authorized_official_phone,MIDDLESEXHOSPITAL,CT,SUSANMARTIN,8603582040,2,1093519183; 1982407094,17821; 187242
same_name_state_authorized_official_phone,MIDLANDPHARMACYLLC,TX,SRINIVASATALLA,4326977500,2,1427450956; 1609871441,81251; 115623
same_name_state_authorized_official_phone,MIDLANDSLEEPCENTRAL,MI,KELSEYRUSSELL,9893551601,2,1962797373; 1992114706,184404; 188779
same_name_state_authorized_official_phone,MIDLANDSORTHOPAEDICSANDNEUROSURGERYPA,SC,ANNMARGARETMCCRAW,8032564107,2,1760674055; 1912198524,145955; 173888
same_name_state_authorized_official_phone,MIDLANDSORTHOPAEDICSANDNEUROSURGERYPA,SC,ANNMCCRAW,8032564107,2,1043160195; 1598659393,7724; 113317
same_name_state_authorized_official_phone,MIDLANDSORTHOPAEDICSANDNEUROSURGERYPA,SC,KARENSOOTER,8032564107,3,1366980591; 1558809715; 1710425954,70448; 106342; 136229
same_name_state_authorized_official_phone,MIDMICHIGANPHYSICIANSPC,MI,RAYMONDHANSEN,5179133855,2,1659677607; 1811294549,125262; 154871
same_name_state_authorized_official_phone,MIDSOUTHHOMECARESERVICESINC,FL,RUTHSCHWARTZ,9138142800,2,1215967344; 1780611699,41418; 149151
same_name_state_authorized_official_phone,MIDSTATEHEALTHCENTER,NH,ROBERTMACLEOD,6035364000,2,1033829965; 1578311817,7397; 109010
same_name_state_authorized_official_phone,MIDTOWNPHARMACEUTICALSLLC,MD,DOROTHYCRIM,2408333937,2,1700476470; 1750768461,134110; 144357
same_name_state_authorized_official_phone,MIDTOWNPHARMACYLLC,NC,ROBERTCOCKMAN,3364460099,2,1265799894; 1598858920,50760; 113931
same_name_state_authorized_official_phone,MIDVALLEYHEALTHCAREINC,OR,JOSEPHCAHILL,5414516410,2,1598975013; 1699063784,114288; 131517
same_name_state_authorized_official_phone,MIDWESTEYELABORATORIESINC,WI,MICHAELBARRETT,7158332277,2,1386861367; 1841417169,74029; 160785
same_name_state_authorized_official_phone,MIDWESTFOOTANDANKLECLINICLLC,OH,NITIESROA,4197991180,4,1346906609; 1386399004; 1528734035; 1962175760,66437; 72925; 100750; 182971
same_name_state_authorized_official_phone,MIDWESTMEDICALSERVICESINC,KS,MARKFRANZ,9136474511,2,1649569328; 1790826840,123268; 151606
same_name_state_authorized_official_phone,MIDWESTORTHOPEDICSPECIALTYHOSPITALLLC,WI,SHEILAGANSEMER,4145673022,2,1861130148; 1942948229,163816; 180818
same_name_state_authorized_official_phone,MIDWESTRESPIRATORYCAREINC,MO,MICHAELHALL,4025922435,4,1124630546; 1417547464; 1760094189; 1831738103,24291; 79272; 144769; 159545
same_name_state_authorized_official_phone,MIDWESTSPORTSMEDICINEORTHOPAEDICSURGICALSPECIALISTSLTD,IL,ROSEMARYMARTIN,8474379889,2,1326258831; 1609087311,61674; 114549
same_name_state_authorized_official_phone,MIKEFLINTENTERPRISESINC,WI,JOHNFLINT,6082559116,2,1578877296; 1679575476,110325; 128455
same_name_state_authorized_official_phone,MIKELSDRIVEINPHARMACY,KY,MIKELBYRNE,6062481052,2,1609050517; 1972787885,114469; 186269
same_name_state_authorized_official_phone,MIKEQUYNHBUI,CA,MIKEBUI,7149990075,2,1477942407; 1942350251,91449; 179744
same_name_state_authorized_official_phone,MILLAMEDICALSUPPLYLTD,IL,LIOUDMILAFROLOVA,6304950199,2,1629230024; 1942492301,118955; 180118
same_name_state_authorized_official_phone,MILLBOURNEMEDICALSUPPLYLLC,PA,XIAOBINLI,6105537368,2,1164944641; 1760197610,31963; 144865
same_name_state_authorized_official_phone,MILLENNIAHEALTHLLC,IL,AMITPATEL,6307962624,2,1881179018; 1952048068,167823; 180934
same_name_state_authorized_official_phone,MILLERPRINCIPLEMANAGEMENTLLC,AR,HOWARDMILLER,4796370222,2,1083453732; 1952168239,15739; 181069
same_name_state_authorized_official_phone,MILLERREXALLDRUGINC,MO,ADRIENNEKLINGSMITH,6603852167,2,1255362737; 1790063428,47853; 150344
same_name_state_authorized_official_phone,MILWAUKEEHEALTHSERVICESINC,WI,TITOIZARD,4142672021,2,1316980709; 1891732244,60674; 170636
same_name_state_authorized_official_phone,MILWAUKEEPHARMACYLLC,WI,JAMALELZEIBAGH,4144428760,2,1326740432; 1982230017,62410; 187027
same_name_state_authorized_official_phone,MINAPHARMACYLTCLLC,HI,ADELETINAS,8083291000,2,1780734376; 1942350525,149507; 179746
same_name_state_authorized_official_phone,MINORJAMESMEDICALPLLC,WA,WILLIAMSTEWART,2063869500,2,1245403245; 1427221639,46338; 80807
same_name_state_authorized_official_phone,MIRACLEMEDICALSUPPLIESINC,FL,REYDELFONTE,3052651777,2,1104955822; 1508069345,20738; 95531
same_name_state_authorized_official_phone,MIRRORLAKEDRUGSMEDICALSERVICESLLC,GA,CHYMARIHEKWEREME,7704621152,2,1689272452; 1962755256,129918; 184313
same_name_state_authorized_official_phone,MISSIONCITYCOMMUNITYNETWORKINC,CA,NIKGUPTA,8188953100,2,1730428293; 1952797284,140068; 182496
same_name_state_authorized_official_phone,MISSISSIPPIBAPTISTMEDICALCENTERINC,MS,GREGORYDUCKETT,6019686350,2,1235942061; 1255882890,45280; 49041
same_name_state_authorized_official_phone,MISSISSIPPICVSPHARMACYLLC,MS,SUSANCOLBERT,4017651500,4,1144468802; 1174798417; 1437393311; 1861654733,27633; 33609; 82976; 164951
same_name_state_authorized_official_phone,MISSISSIPPIMETHODISTHOSPITALREHABILITATIONCENTERINC,MS,GARYARMSTRONG,6019368899,2,1336546654; 1770621963,64074; 147486
same_name_state_authorized_official_phone,MISSOURICVSPHARMACYLLC,MO,SUSANCOLBERT,4017651500,3,1205400082; 1225812373; 1902437460,38515; 43202; 172186
same_name_state_authorized_official_phone,MITCHELLSPARKSTREETPHARMACYINC,AR,SARAHMITCHELL,8702978107,2,1487640579; 1780665034,92426; 149308
same_name_state_authorized_official_phone,MJSMEDICALSUPPLIESLLC,MI,ZAFARIQBAL,4099417264,2,1447050703; 1518767037,83935; 98637
same_name_state_authorized_official_phone,MJWCORPORATION,SC,BRANDIJOHNSON,8036481776,2,1659572345; 1669615860,125057; 126965
same_name_state_authorized_official_phone,MLCMEDICALMARKETINGGROUPINC,CA,ROBERTCANTORIA,6263355418,2,1790508810; 1982785754,150990; 188124
same_name_state_authorized_official_phone,MLJCINC,NH,CHRISTINARASLA,6035650210,2,1184853723; 1821896861,35601; 157806
same_name_state_authorized_official_phone,MLVALENCIAFAMILYLP,TX,JORGEARANGO,9567839112,2,1437407665; 1679575716,83013; 128456
same_name_state_authorized_official_phone,MMCPHARMACYINC,PA,ALEXANDERMATTOCKS,8143376600,2,1518542653; 1821926577,98391; 157824
same_name_state_authorized_official_phone,MMPHARMACYLLC,FL,ISAIRFERNANDEZ,3052662458,2,1215238670; 1447567938,40299; 85171
same_name_state_authorized_official_phone,MMREHABINC,FL,STACEYSMITH,3523513207,2,1326737636; 1730044942,62405; 139044
same_name_state_authorized_official_phone,MMREHABINC,FL,VICTORBUSTAMANTE,3523513207,2,1144640186; 1700017514,27951; 133330
same_name_state_authorized_official_phone,MMSEQUIPMENTOFDALLASCENTRALINC,TX,ROBERTGONZALEZ,2149519710,2,1164426144; 1558543694,30702; 105851
same_name_state_authorized_official_phone,MMSLABSERVICESLLC,OK,JOHNMURGAI,8062396862,2,1194110080; 1316302086,36089; 59611
same_name_state_authorized_official_phone,MMSNORFOLKINC,VA,ROBINMENCHEN,7574988225,3,1053306324; 1316587041; 1427698158,9741; 60045; 81598
same_name_state_authorized_official_phone,MMSOKLAHOMACITYINC,OK,RICHARDCUDD,4058405272,2,1689600736; 1982757217,130281; 188030
same_name_state_authorized_official_phone,MMTMEDICALSUPPLYCORP,PR,CARLOSMIZRAHI,7877836807,2,1013230549; 1417233248,2544; 78728
same_name_state_authorized_official_phone,MOBILEMEDINC,KY,GARYBESON,5028968335,2,1285659151; 1710904313,54062; 136764
same_name_state_authorized_official_phone,MOBILITYCLINICINC,NJ,RAKESHJAIN,7326625700,2,1245947654; 1497462808,47200; 94207
same_name_state_authorized_official_phone,MOBILITYONWHEELS,TX,JUANBALTAZAR,8176459500,2,1669678306; 1740360361,127122; 141625
same_name_state_authorized_official_phone,MOBILITYPRODUCTSDEPOT,LA,CHARLESLANDRY,3375042743,3,1144470469; 1457501777; 1891945119,27638; 86884; 171265
same_name_state_authorized_official_phone,MOBILITYPROFESSIONALSINC,CA,DONALDWOODS,9497163694,2,1003156274; 1407383151,340; 76877
same_name_state_authorized_official_phone,MOBILITYREPAIRSPECIALISTSINC,TX,SOHAILSHAIK,4302885596,2,1417711995; 1497512743,79439; 94267
same_name_state_authorized_official_phone,MODERNREHABILITATIONTECHNOLOGIESLLC,NY,WILLIAMSCHWING,6313606400,2,1407030505; 1699192476,76244; 131745
same_name_state_authorized_official_phone,MODOCFAMILYPHARMACYINC,CA,JEFFREYHARRELL,5302333113,2,1528851557; 1992621668,100861; 189423
same_name_state_authorized_official_phone,MONIKAJSALONLLC,TX,MONIKAPARHAM,8336664525,2,1255083820; 1669029849,47359; 125796
same_name_state_authorized_official_phone,MONITORMEDICALINC,TX,RICHARDWEBB,2812407222,5,1093723033; 1164261673; 1467670893; 1538050216; 1619716123,18133; 30512; 89025; 101069; 117557
same_name_state_authorized_official_phone,MONTCLAIRPHARMACYRXLLC,NJ,HEMAPATEL,9737442113,2,1104862564; 1245977727,20410; 47228
same_name_state_authorized_official_phone,MONTECITORX,CA,LARAEDINGTONHOVE,8059692284,2,1043978562; 1790890721,9420; 151872
same_name_state_authorized_official_phone,MONTEFIOREMEDICALCENTER,NY,MICHAELDOWLING,8455070477,2,1659002269; 1740911353,123861; 142716
same_name_state_authorized_official_phone,MOOREHEALTHCAREINC,OK,GREGORYMOORE,9183582524,2,1417001272; 1922142736,78084; 175819
same_name_state_authorized_official_phone,MOOREMEDICALINC,LA,STEPHENSINGLETON,6019441130,3,1316889850; 1669303814; 1730019845,60363; 126076; 139001
same_name_state_authorized_official_phone,MOOREPHARMACY,TN,TERRYMOORE,9315488308,2,1194279794; 1558517177,36361; 105802
same_name_state_authorized_official_phone,MOORESPHARMACYINC,TX,WILLIAMMOORE,3613641520,6,1205855368; 1265463855; 1396764452; 1568493153; 1710916317; 1841221421,39121; 49848; 75481; 107401; 136838; 160161
same_name_state_authorized_official_phone,MOORESVILLEPHARMACYEASTLLC,NC,GAVINHOUCHINS,7047996870,2,1336222801; 1356628937,63251; 67934
same_name_state_authorized_official_phone,MOORESVILLEPHARMACYLLC,NC,DOUGLASBALOG,7046581184,2,1457413965; 1861781718,86551; 165214
same_name_state_authorized_official_phone,MOORMANDIAGNOSTICSANDCOLLECTIONS,NC,INGAPELOY,9198207281,2,1114880630; 1295696219,22401; 55894
same_name_state_authorized_official_phone,MORALOFPICKENSINC,SC,TODDMORRIS,8648786357,2,1164628996; 1750475067,31397; 143681
same_name_state_authorized_official_phone,MOREHOUSECOMMUNITYMEDICALCENTERSINC,LA,KATIEPARNELL,3182838887,2,1437964335; 1811752108,83836; 155501
same_name_state_authorized_official_phone,MORGANRAYINC,NE,LYNDONLEITNER,4024766231,2,1417027590; 1568661171,78158; 107974
same_name_state_authorized_official_phone,MORGANSPHARMACYOFGILBERTLLC,SC,REBECCAMORGAN,8038925572,3,1336800689; 1356985931; 1639204738,64399; 68501; 120559
same_name_state_authorized_official_phone,MORGANTONDRUGINC,NC,JOSHUAHANEY,8284336353,2,1114064276; 1235419318,21116; 44534
same_name_state_authorized_official_phone,MORGANTOWNPHYSICALTHERAPYASSOCIATESINC,WV,MICHAELTARVIN,3045992515,2,1104217363; 1922486026,19422; 176534
same_name_state_authorized_official_phone,MORNINGSIDEMEDICALPHARMACYINC,CA,REMYMGBOJIRIKWE,3237531333,2,1902051790; 1982748430,171484; 188003
same_name_state_authorized_official_phone,MORONPHARMACYCORP,FL,CESARPEREZAMADOR,3052620285,2,1619254661; 1902233356,116872; 171872
same_name_state_authorized_official_phone,MORRISHOSPITAL,IL,MICHAELLAWRENCE,8159422932,2,1003916412; 1578965489,1574; 110489
same_name_state_authorized_official_phone,MORRISPLAINSPHARMACYLLC,NJ,SRIDEVIVAJINEPALLI,9735393635,2,1063923571; 1538100441,13112; 101112
same_name_state_authorized_official_phone,MOSAICPHARMINC,NY,ALEXANDROSARGYRIS,5168746807,2,1043076995; 1558140830,7660; 104895
same_name_state_authorized_official_phone,MOSESMANAGEMENTCONSULTANCYFIRMLLC,GA,LEEANGELIAMOSES,4707363600,2,1326887498; 1508620246,62583; 96307
same_name_state_authorized_official_phone,MOTHERFRANCESHOSPITALREGIONALHEALTHCARECENTER,TX,ELIZABETHPULLIAM,9036066790,3,1104406511; 1205546777; 1417531021,19724; 38675; 79251
same_name_state_authorized_official_phone,MOTIONANDMOVEMENTMEDICALSUPPLIES,TX,PHILLIPSIMMONS,9032238896,2,1023207008; 1598931461,4558; 114200
same_name_state_authorized_official_phone,MOUNTAINCOMPREHENSIVECARECENTERINC,KY,ROXANNCORDIAL,6068868572,4,1124883574; 1265083141; 1487221198; 1629866371,24534; 49277; 91946; 119952
same_name_state_authorized_official_phone,MOUNTAINCOMPREHENSIVEHEALTHCORPORATION,KY,DELENAMILLER,6066334871,2,1073310702; 1720824519,13635; 138818
same_name_state_authorized_official_phone,MOUNTAINEERHOMEMEDICALLLC,WV,MICHELLEJACKSON,3042256290,2,1225870629; 1760474852,43264; 145313
same_name_state_authorized_official_phone,MOUNTAINPEAKSMEDICALSUPPLIESINC,NY,JOHNHYDE,5184566192,2,1790012722; 1982931911,150223; 188488
same_name_state_authorized_official_phone,MOUNTAINSTREETPHARMACYINC,NC,ALLANPROPST,7047397225,2,1063538825; 1447316716,12319; 84488
same_name_state_authorized_official_phone,MOUNTAINVIEWHEADACHEANDSPINEINSTITUTEPLLC,AZ,RUCHIRGUPTA,6027670007,2,1033951843; 1306688114,7518; 57983
same_name_state_authorized_official_phone,MOUNTHOREBFAMILYPHARMACYLLC,WI,JENNIFERWEILAND,6084373001,2,1003914045; 1902577760,1560; 172340
same_name_state_authorized_official_phone,MOUNTSINAIHOSPITAL,NY,CAROLYNALBANESE,2122562904,2,1033206362; 1083200695,6191; 15461
same_name_state_authorized_official_phone,MOZDENFAMILYOPTICALLLC,CT,CHRISTOPHERMOZDEN,8608899887,2,1255615621; 1457683955,48583; 87208
same_name_state_authorized_official_phone,MPVNEWJERSEYMDSERVICESPC,NJ,STEPHENPETROVICH,9737785566,2,1083360002; 1801542816,15640; 153109
same_name_state_authorized_official_phone,MRDISCOUNTDRUGSOFBUTLER,AL,GREGORYMANLEY,2054592990,2,1205971504; 1831188010,39539; 158308
same_name_state_authorized_official_phone,MRIOFARIZONAINC,AZ,STEVEBORTA,6022949009,2,1063403616; 1992189864,11772; 188936
same_name_state_authorized_official_phone,MRLRXLLC,PA,MARKLAWSON,6104857750,2,1265673586; 1497244131,50527; 93945
same_name_state_authorized_official_phone,MROGERSINCSUBSIDIARY,MO,BENNEROGERS,6604423355,2,1275574873; 1740259654,51961; 141301
same_name_state_authorized_official_phone,MROGERSINCSUBSIDIARY,MO,BENNEROGERS,6605622300,2,1194183467; 1306000195,36207; 56903
same_name_state_authorized_official_phone,MROGERSINCSUBSIDIARY,MO,BENNEROGERS,6607365512,2,1720035447; 1902904527,137306; 172952
same_name_state_authorized_official_phone,MROGERSINCSUBSIDIARY,MO,BENNEROGERS,6607830700,2,1427758218; 1598474827,81655; 113121
same_name_state_authorized_official_phone,MROGERSINCSUBSIDIARY,MO,BENNEROGERS,8162323348,2,1659479277; 1902853583,124813; 172847
same_name_state_authorized_official_phone,MSAMEDICALSUPPLIES,OH,ASIMKHAN,9084322555,2,1104622844; 1285430926,19945; 53679
same_name_state_authorized_official_phone,MSINVESTMENTSLLC,SC,KARLAMILHORN,8436752323,2,1255472627; 1740482934,48265; 142046
same_name_state_authorized_official_phone,MSMEDICALSUPPLIESINC,MS,LEEROMERO,6016848070,2,1477640928; 1790985406,90731; 152120
same_name_state_authorized_official_phone,MSPHARMACY,CA,CARRIEOTANI,3108226354,2,1649308081; 1730658295,122596; 140500
same_name_state_authorized_official_phone,MTPROSPECTPHARMACEUTICALSERVICESINC,NJ,MATTHEWPARISI,9734834749,2,1083133961; 1083717482,15356; 16327
same_name_state_authorized_official_phone,MTVERNONPHARMACYATFALLSWAYINC,MD,STEPHENWIENNER,4109621100,2,1417264458; 1770985061,78820; 148346
same_name_state_authorized_official_phone,MUKTALLC,SC,ASHISHPATEL,8642101811,2,1780440222; 1790210839,148907; 150615
same_name_state_authorized_official_phone,MULDROWPHARMACYINC,OK,ANDREASELF,9184273243,2,1447320502; 1558580316,84501; 105927
same_name_state_authorized_official_phone,MULTICAREHEALTHSYSTEM,WA,WILLIAMROBERTSON,2537926555,12,1134809981; 1184304933; 1275212359; 1376223115; 1437838513; 1447030648; 1477233229; 1558040642; 1710667555; 1861172603; 1932889797; 1972283729,26346; 34436; 51371; 70799; 83713; 83911; 89910; 104784; 136518; 163874; 178871; 185083
same_name_state_authorized_official_phone,MUNGERPROSTHETICSANDORTHOTICSINC,AK,TREVORMUNGER,9077439991,3,1235144619; 1821346065; 1942551429,43640; 157063; 180255
same_name_state_authorized_official_phone,MUNIZRIOGRANDEPHARMACYLLC,TX,JOSEMUNIZ,9564231753,2,1356667968; 1881739894,68002; 168792
same_name_state_authorized_official_phone,MUNSONHOMESERVICES,MI,SHARIWILSON,2319356520,2,1083617393; 1831554732,15926; 159243
same_name_state_authorized_official_phone,MUNSTERORTHOPAEDICINSTITUTELLC,IN,JEFFREYTIOCO,2198362225,2,1114257599; 1477890879,21559; 91359
same_name_state_authorized_official_phone,MURPHYMEDICALCENTER,NC,MIKESHAVER,8288378161,2,1275917221; 1568673036,52872; 107999
same_name_state_authorized_official_phone,MURPHYMEDICALSUPPLYLLC,MS,MICHAELMURPHY,6622582176,2,1093795148; 1588943393,18406; 112312
same_name_state_authorized_official_phone,MUSCULOSKELETALINSTITUTECHARTERED,FL,RAVICHARI,8139789700,2,1174450779; 1528995123,32567; 101001
same_name_state_authorized_official_phone,MUSCULOSKELETALINSTITUTECHARTERED,FL,ROYSANDERS,8139789700,2,1396899233; 1710031653,75979; 135236
same_name_state_authorized_official_phone,MVPSLLC,CO,MATTHEWHUTERA,7198529894,2,1295483121; 1912051640,55693; 173520
same_name_state_authorized_official_phone,MYBESTHOMECARE,CA,NHANNGUYEN,4089349617,3,1093873598; 1376068544; 1528419157,18697; 70594; 100310
same_name_state_authorized_official_phone,MYCHOICEMEDICAL,IL,JOSEALZATI,7738822134,2,1881905586; 1922275668,169273; 176108
same_name_state_authorized_official_phone,MYEYESLLC,UT,CHRISEPPERSON,8889595563,2,1184464844; 1770246456,34598; 146836
same_name_state_authorized_official_phone,MYIDEALCARELLC,GA,ADRIANDAVIS,2292360197,2,1265737217; 1346545274,50641; 65871
same_name_state_authorized_official_phone,MYPHARMACYCRYSTALRIVERLLC,FL,TARIQMUHAMMAD,3524045588,4,1770441925; 1821956475; 1922966563; 1992663546,147038; 157850; 177091; 189493
same_name_state_authorized_official_phone,MYTREXINC,UT,REOLARSEN,8015714121,11,1053433649; 1295857506; 1497877708; 1508075466; 1629137682; 1639291941; 1689796997; 1720100035; 1770605081; 1811019128; 1952423261,10290; 56536; 95122; 95539; 118603; 120906; 131024; 137499; 147460; 154186; 181713
same_name_state_authorized_official_phone,NAISATURNEASTERNLLC,MD,KATHYGIANNAKOPOULOS,3012627733,2,1104437573; 1508897554,19767; 96839
same_name_state_authorized_official_phone,NAISATURNEASTERNLLC,MD,KATHYGIANNAKOPOULOS,3017747309,2,1922869221; 1932711124,176992; 178688
same_name_state_authorized_official_phone,NAISATURNEASTERNLLC,MD,KATHYGIANNAKOPOULOS,3018293139,2,1578592598; 1588275952,109536; 110952
same_name_state_authorized_official_phone,NAISATURNEASTERNLLC,MD,KATHYGIANNAKOPOULOS,3018390729,2,1649881715; 1760428379,123735; 145227
same_name_state_authorized_official_phone,NAISATURNEASTERNLLC,MD,KATHYGIANNAKOPOULOS,3019551943,3,1326690843; 1588425284; 1689047862,62362; 111127; 129619
same_name_state_authorized_official_phone,NAISATURNEASTERNLLC,MD,KATHYGIANNAKOPOULOS,4102031212,2,1013778315; 1952912321,3297; 182664
same_name_state_authorized_official_phone,NAISATURNEASTERNLLC,MD,KATHYGIANNAKOPOULOS,4102566423,2,1023047040; 1205447539,4048; 38586
same_name_state_authorized_official_phone,NAISATURNEASTERNLLC,MD,KATHYGIANNAKOPOULOS,4104514775,2,1538770912; 1659317287,102653; 124235
same_name_state_authorized_official_phone,NASCOTTINC,MD,KARENCURTIS,4105404619,2,1124228218; 1356461230,23630; 67534
same_name_state_authorized_official_phone,NASDECATURLLC,GA,SAMIRSHAH,4043785408,2,1831293885; 1831865690,158688; 159694
same_name_state_authorized_official_phone,NASHTRIBESINC,FL,NADIRSHAH,5012088006,2,1164366316; 1508701053,30599; 96402
same_name_state_authorized_official_phone,NASHVILLEPHARMACYSERVICESLLC,TN,KEVINHARTMAN,6153711210,2,1366457962; 1861798720,69128; 165254
same_name_state_authorized_official_phone,NASPAC1LLC,NJ,SANJAYCHEULKAR,6098453988,2,1083262315; 1972151215,15539; 184961
same_name_state_authorized_official_phone,NATIONALDURABLEMEDICALEQUIPMENT,FL,JCOTTIS,8006441968,2,1467896068; 1689004954,89448; 129539
same_name_state_authorized_official_phone,NATIONALGENETICSINSTITUTE,CA,KIMBERLYWILLIAMS,3109960036,2,1699752766; 1841535002,132507; 161026
same_name_state_authorized_official_phone,NATIONALSEATINGMOBILITYINC,FL,JEFFREYMATUKEWICZ,4237562268,2,1700311065; 1760201313,133923; 144868
same_name_state_authorized_official_phone,NATIONALSEATINGMOBILITYINC,KY,JEFFREYMATUKEWICZ,5022665213,2,1730327883; 1790415172,139855; 150874
same_name_state_authorized_official_phone,NATIONALSEATINGMOBILITYINC,MD,JEFFREYMATUKEWICZ,3017367028,2,1306440441; 1619433604,57722; 117195
same_name_state_authorized_official_phone,NATIONALSEATINGMOBILITYINC,MT,JEFFREYMATUKEWICZ,4069694733,2,1003557588; 1740538883,885; 142158
same_name_state_authorized_official_phone,NATIONALSEATINGMOBILITYINC,NY,JEFFREYMATUKEWICZ,7166740783,2,1003889940; 1598472565,1478; 113117
same_name_state_authorized_official_phone,NATIONALSEATINGMOBILITYINC,OR,JEFFREYMATUKEWICZ,5037466333,2,1245786235; 1396324125,47023; 74871
same_name_state_authorized_official_phone,NATIONALSEATINGMOBILITYINC,TX,JEFFREYMATUKEWICZ,9724341700,2,1861922916; 1881124923,165503; 167759
same_name_state_authorized_official_phone,NATIONALSEATINGMOBILITYINC,VA,JEFFREYMATUKEWICZ,8773260972,2,1013351998; 1194169979,2774; 36185
same_name_state_authorized_official_phone,NATIONALSEATINGMOBILITYINC,WA,JEFFREYMATUKEWICZ,8773391235,2,1447834668; 1548844764,85629; 104566
same_name_state_authorized_official_phone,NATIONWIDEMOBILITYINC,FL,LADYJONES,5618765835,2,1083851638; 1205077872,16746; 37940
same_name_state_authorized_official_phone,NAUVOOPHARMACYPLLC,IL,MATTIEHAAS,2174532717,2,1205078847; 1740914654,37943; 142722
same_name_state_authorized_official_phone,NAZARETHPHARMACYINC,PA,THOMASKAVANAGH,6107593240,2,1356443642; 1619018082,67416; 116245
same_name_state_authorized_official_phone,NCHMDINC,FL,NOBLEARRINGTON,2396241700,2,1033904651; 1477348092,7474; 90043
same_name_state_authorized_official_phone,NEATRXINC,AR,ELIZABETHTUBERVILLE,8708369303,2,1265618524; 1386707107,50404; 73526
same_name_state_authorized_official_phone,NEBDOCTORSOFMARYLANDLLC,MD,SUEKAY,8664494784,2,1528813813; 1639102072,100823; 120186
same_name_state_authorized_official_phone,NEBRASKAHEMATOLOGYONCOLOGYPC,NE,ERICAVERY,4024844900,2,1609389444; 1942360532,115008; 179769
same_name_state_authorized_official_phone,NEBRASKAMEDICALCENTER,NE,STEPHANIEDAUBERT,4025951156,2,1285702753; 1467529727,54214; 88621
same_name_state_authorized_official_phone,NEBRASKAMETHODISTHOSPITAL,NE,JEFFFRANCIS,4023544000,2,1487251120; 1851048771,91979; 161752
same_name_state_authorized_official_phone,NEBRASKAMETHODISTHOSPITAL,NE,JEFFFRANCIS,4028154000,2,1134726805; 1427706357,26250; 81612
same_name_state_authorized_official_phone,NEIGHBORHOODMEDICALSUPPLYINC,AL,JOSEPHMEAD,2053588723,2,1063330058; 1871773523,11663; 167070
same_name_state_authorized_official_phone,NEIGHBORHOODOUTREACHACCESSTOHEALTH,AZ,WENDYARMENDARIZ,4809033258,2,1346178118; 1497683262,64782; 94422
same_name_state_authorized_official_phone,NEOGENOMICSLABORATORIESINC,CA,ABHISHEKJAIN,8667765907,5,1386268365; 1396662425; 1447437355; 1740240753; 1912307547,72775; 75202; 84923; 141278; 174114
same_name_state_authorized_official_phone,NEOGENOMICSLABORATORIESINC,CA,JEFFREYSHERMAN,8667765907,4,1154792695; 1215625165; 1639793615; 1841927936,29960; 40876; 121809; 161621
same_name_state_authorized_official_phone,NEOGENOMICSLABORATORIESINC,FL,ABHISHEKJAIN,8667765907,11,1063241784; 1073549663; 1154150878; 1235968959; 1477376382; 1710716428; 1801625512; 1851664916; 1891524518; 1982433603; 1982433694,11588; 14085; 28508; 45308; 90070; 136567; 153190; 163164; 170240; 187269; 187270
same_name_state_authorized_official_phone,NEOMEDCENTERINC,PR,ROSACASTROAVILA,7877372311,6,1285011924; 1316068026; 1518286962; 1770960478; 1821460114; 1851555080,53063; 59097; 97953; 148307; 157268; 162924
same_name_state_authorized_official_phone,NEULIMBSLLC,TX,FORESTSEXTON,2106148777,2,1780521336; 1962754598,148999; 184312
same_name_state_authorized_official_phone,NEUROCAREINC,MA,BILLMAYER,6178790911,2,1649612516; 1982886099,123362; 188374
same_name_state_authorized_official_phone,NEUROSPINEINSTITUTELLC,FL,TIFFANYREED,5615499090,2,1356735377; 1962898999,68129; 184577
same_name_state_authorized_official_phone,NEUROSURGICALASSOCIATESLLP,TX,ELLENFOURTON,2148208585,2,1013045392; 1992833289,2069; 190089
same_name_state_authorized_official_phone,NEVADACVSPHARMACYLLC,NV,SUSANCOLBERT,4017651500,2,1477790012; 1528581865,91178; 100554
same_name_state_authorized_official_phone,NEVADAORTHOTICSPROSTHETICSINC,NV,PETRATHIESSEN,7022335500,2,1255664165; 1457786543,48680; 87385
same_name_state_authorized_official_phone,NEWARKPHARMACYRXLLC,OH,HARDIKKUMARPATEL,7403459761,2,1750020970; 1861124851,142812; 163812
same_name_state_authorized_official_phone,NEWBRIDGESURGICALSUPPLIESINC,NY,SCOTTKALTRIDER,5163494520,3,1053345470; 1063666998; 1104070036,9961; 12646; 19158
same_name_state_authorized_official_phone,NEWENGLANDMEDICALSUPPLYLLC,MA,HERIBERTOTAPANES,4133204665,2,1043472384; 1235202649,8677; 43901
same_name_state_authorized_official_phone,NEWJERSEYCVSPHARMACYLLC,NJ,SUSANCOLBERT,4017651500,10,1124277884; 1134621733; 1386364404; 1447445143; 1457091613; 1619641602; 1801043542; 1801919907; 1952959272; 1992838171,23717; 26087; 72891; 84946; 85905; 117474; 152250; 153814; 182718; 190103
same_name_state_authorized_official_phone,NEWLEAFPHARMACYINC,CA,BASSEMMESSIHA,6618859707,2,1376054411; 1669936183,70551; 127563
same_name_state_authorized_official_phone,NEWLUCYSPHARMACYINC,NJ,SAMIRAWAD,9737784495,2,1487163408; 1992843155,91846; 190115
same_name_state_authorized_official_phone,NEWPORTCAREMEDICALGROUPINC,CA,KASRAROWSHAN,9494919991,8,1083465751; 1083465835; 1114778982; 1215788039; 1437900107; 1598516312; 1922852490; 1922859693,15753; 15754; 22287; 41042; 83780; 113164; 176972; 176981
same_name_state_authorized_official_phone,NEWPORTPHARMACEUTICALSERVICESINC,NJ,VICTORMOSQUERA,2019631903,2,1275544439; 1598274250,51765; 112894
same_name_state_authorized_official_phone,NEWREGENERATIONORTHOPEDICSOFFLORIDAPLLC,FL,JAMESLEIBER,9413571773,2,1033762869; 1295297877,7338; 55507
same_name_state_authorized_official_phone,NEWRIVERHEALTHASSOCIATIONINC,WV,JOHNSCHULTZ,3045743991,2,1386005148; 1598210338,72407; 112805
same_name_state_authorized_official_phone,NEWRIVERHEALTHASSOCIATIONINC,WV,MARISSAJOHNSON,3044692905,2,1013673219; 1922764125,3192; 176882
same_name_state_authorized_official_phone,NEWRIVERHEALTHASSOCIATIONINC,WV,MARISSAJOHNSON,3045743991,2,1518596865; 1982233235,98467; 187030
same_name_state_authorized_official_phone,NEWWESTMEDICALINC,CA,IMRANJUNAID,5302215864,3,1285657163; 1487475232; 1497576342,54057; 92251; 94336
same_name_state_authorized_official_phone,NEWYORKPAINMEDICALPRACTICEPLLC,NY,AMITSHARMA,8335477463,3,1356030035; 1710670518; 1821780834,66584; 136519; 157706
same_name_state_authorized_official_phone,NEXTFILERLLC,FL,MUHAMMADMUHEET,3076229550,2,1063345569; 1881512903,11690; 168207
same_name_state_authorized_official_phone,NEXTGCORP,PR,ANITZASANCHEZ,7875343000,2,1629525563; 1992208532,119531; 188960
same_name_state_authorized_official_phone,NEXUSMEDICALSUPPLIESLLC,VA,SADIAKAMAL,4323154720,2,1912869108; 1982575130,174823; 187414
same_name_state_authorized_official_phone,NHPSERVICESINC,NY,WARDAABBASI,8782850244,2,1053237701; 1710819412,9656; 136667
same_name_state_authorized_official_phone,NICDMEINC,TX,SHARONPOOLE,9569949424,2,1285710491; 1710070891,54251; 135370
same_name_state_authorized_official_phone,NICHOLSCLINICLLC,KY,PETERSAAD,6067545076,2,1235667064; 1811987696,44949; 155986
same_name_state_authorized_official_phone,NICKESMEDICALSUPPLYLLC,CA,NGOZIAUSTINELEJE,9155338870,2,1336781020; 1619539335,64387; 117355
same_name_state_authorized_official_phone,NICOLAROSELLI,NY,NICOLAROSELLI,7184540842,2,1811173297; 1851558878,154615; 162929
same_name_state_authorized_official_phone,NICOLETPHARMACYINC,WI,GARYDONALDSON,7152763646,2,1114290707; 1851321566,21623; 162185
same_name_state_authorized_official_phone,NIMBLEPHARMACYINC,CA,TALHAWAQAR,8669664625,3,1174994560; 1679944821; 1841781739,33975; 129439; 161434
same_name_state_authorized_official_phone,NISPHARMACYSERVICESLTD,MN,MICHAELSCHWARTZWALD,2183632640,2,1104260868; 1548624778,19513; 104231
same_name_state_authorized_official_phone,NKIENTERPRISESINC,RI,ROBERTIACOBUCCI,4017266200,2,1053448407; 1285775916,10317; 54512
same_name_state_authorized_official_phone,NOMALONELLC,MD,ALISYED,4108745115,2,1245790740; 1548728884,47029; 104401
same_name_state_authorized_official_phone,NORCALRESPIRATORYINC,CA,GREGORYCRAWFORD,5302461200,2,1720864655; 1912960386,138872; 175182
same_name_state_authorized_official_phone,NORCOINC,OR,AMANDAGOTTS,5415747200,2,1750073045; 1861184145,142870; 163883
same_name_state_authorized_official_phone,NORCOINC,OR,AMANDAGOTTS,5417687200,2,1679265961; 1699467985,128003; 132114
same_name_state_authorized_official_phone,NORCOINC,WA,BRENTSEWARD,4257934729,2,1366956153; 1710502158,70379; 136329
same_name_state_authorized_official_phone,NORPROPROSTHETICSORTHOTICSINC,FL,SUSANMINOR,2392745555,2,1790742575; 1922065622,151385; 175575
same_name_state_authorized_official_phone,NORTHBROWARDHOSPITALDISTRICT,FL,GINOSANTORIO,9549418300,2,1477598290; 1750474631,90587; 143679
same_name_state_authorized_official_phone,NORTHCAROLINACVSPHARMACYLLC,NC,SUSANCOLBERT,4017651500,5,1033350558; 1043446453; 1568031508; 1720227770; 1790491728,6613; 8637; 106635; 137905; 150966
same_name_state_authorized_official_phone,NORTHEASTINDIANAUROLOGYPC,IN,JOHNBRINKMAN,2604366667,10,1164600052; 1265610158; 1295913093; 1306024203; 1366683476; 1548448434; 1639357528; 1821276627; 1861670754; 1972638955,31342; 50383; 56729; 56968; 69874; 103904; 121060; 156901; 164997; 185854
same_name_state_authorized_official_phone,NORTHEASTMEDICALSERVICES,CA,EDDIECHAN,4153919686,4,1447054986; 1578211504; 1902128648; 1992747109,83940; 108876; 171671; 189805
same_name_state_authorized_official_phone,NORTHEASTORTHOPAEDICALLIANCEPLLC,MA,JOHNCORSETTI,4137854666,3,1295556983; 1760203459; 1902627680,55765; 144874; 172375
same_name_state_authorized_official_phone,NORTHEASTORTHOPAEDICALLIANCEPLLC,MA,JOHNCORSETTI,7813375555,2,1174455760; 1437081023,32583; 81969
same_name_state_authorized_official_phone,NORTHEASTORTHOPAEDICALLIANCEPLLC,MA,JOHNCORSETTI,7818902133,2,1457172124; 1487468955,85995; 92246
same_name_state_authorized_official_phone,NORTHEASTORTHOPAEDICALLIANCEPLLC,MA,JOHNCORSETTI,9787941946,2,1043031735; 1598586281,7612; 113244
same_name_state_authorized_official_phone,NORTHEASTORTHOPAEDICALLIANCEPLLC,NH,JOHNCORSETTI,6032243368,7,1104647882; 1154142842; 1336960020; 1376364059; 1477374155; 1578384251; 1720809403,19972; 28495; 64579; 70953; 90066; 109078; 138805
same_name_state_authorized_official_phone,NORTHEASTORTHOPAEDICALLIANCEPLLC,NH,JOHNCORSETTI,6038830091,3,1154142826; 1760203442; 1962223644,28494; 144873; 183017
same_name_state_authorized_official_phone,NORTHEASTORTHOPEDICSANDSPORTSMEDICINEPLLC,NY,JORDANSIMON,8453562900,3,1295150068; 1306261177; 1760807531,55259; 57469; 146196
same_name_state_authorized_official_phone,NORTHEASTORTHOPEDICSANDSPORTSMEDICINEPLLC,NY,JORDANSIMON,8453591877,3,1538584396; 1720403587; 1730504598,102403; 138215; 140223
same_name_state_authorized_official_phone,NORTHEASTSLEEPSOLUTIONS,NY,STEVENALBERT,9085917858,2,1447916192; 1598430688,85719; 113080
same_name_state_authorized_official_phone,NORTHERNILLINOISMEDICALCENTER,IL,DAVIDTOMLINSON,8157594444,2,1770867954; 1780989905,148136; 150175
same_name_state_authorized_official_phone,NORTHERNMAINEMEDICALCENTER,ME,JEFFREYZEWE,2077287200,2,1265417430; 1386147098,49613; 72603
same_name_state_authorized_official_phone,NORTHERNMAINEMEDICALCENTER,ME,JEFFREYZEWE,2078343155,2,1790830503; 1851942429,151618; 163615
same_name_state_authorized_official_phone,NORTHERNOHIOMEDICALSPECIALISTSLLC,OH,RICHARDSCHNEIDER,4196271471,2,1306010798; 1700702040,56926; 134338
same_name_state_authorized_official_phone,NORTHERNOHIOMEDICALSPECIALISTSLLC,OH,RICHARDSCHNEIDER,4196600099,3,1023658911; 1245933787; 1942874466,5352; 47184; 180738
same_name_state_authorized_official_phone,NORTHERNOHIOMEDICALSPECIALISTSLLC,OH,RICHARDSCHNEIDER,4404423113,2,1174166037; 1255962585,32290; 49138
same_name_state_authorized_official_phone,NORTHERNOHIOMEDICALSPECIALISTSLLC,OH,RICHARDSCHNEIDER,4407235685,2,1952281511; 1962639013,181183; 184027
same_name_state_authorized_official_phone,NORTHERNOKLAHOMAPHARMACY,OK,MEGANPRESTON,5805570085,2,1124955596; 1679378608,24594; 128134
same_name_state_authorized_official_phone,NORTHERNORTHOPEDICLABORATORYINC,NY,DONALDHOLMES,3157829079,2,1154460327; 1154964955,29269; 30234
same_name_state_authorized_official_phone,NORTHERNORTHOTICSPROSTHETICS,MI,IVANSABEL,9065537350,2,1336548338; 1790424828,64077; 150882
same_name_state_authorized_official_phone,NORTHLOUISIANAPHARMACEUTICALCOMPANYINC,LA,JOHNBANNISTER,3189273523,2,1073970661; 1740560192,15116; 142201
same_name_state_authorized_official_phone,NORTHMISSISSIPPIFOOTSPECIALISTSPC,MS,RWHITMORE,6625136600,18,1053451880; 1073654513; 1134260680; 1205976032; 1255467726; 1306986138; 1346380177; 1366582108; 1417098963; 1538209374; 1548300296; 1568502300; 1669513883; 1710027461; 1770623506; 1891835625; 1912047747; 1982745428,10327; 14454; 25373; 39556; 48250; 58778; 65510; 69665; 78432; 101520; 103451; 107448; 126559; 135226; 147492; 170905; 173504; 187996
same_name_state_authorized_official_phone,NORTHSAGINAWMILLC,MI,HEMAPATEL,8102345500,2,1336383090; 1720725203,63706; 138710
same_name_state_authorized_official_phone,NORTHSHOREDISCOUNTPHARMACYINC,LA,GREGORYWENDLING,9856415585,2,1952452930; 1962536458,181778; 183787
same_name_state_authorized_official_phone,NORTHSIDEFAMILYPHARMACYINC,NC,ANGELASTOKES,2529854263,3,1205073020; 1225051261; 1427079490,37927; 41702; 80271
same_name_state_authorized_official_phone,NORTHSIDEHOSPITALINC,GA,AMYFOUTS,4048518000,2,1215098405; 1770112021,39996; 146677
same_name_state_authorized_official_phone,NORTHSIDEHOSPITALINC,PR,HECTORMERCADO,7878782730,2,1134261084; 1306051149,25376; 57047
same_name_state_authorized_official_phone,NORTHSIDEPHARMACYLLC,TX,SHUNTELLEROBINSON,8329400424,2,1770952491; 1851107288,148293; 161822
same_name_state_authorized_official_phone,NORTHSTARHOMEMEDICALEQUIPMENTINC,MI,MUHAMMADSYED,3132670103,2,1114099397; 1376600841,21245; 71485
same_name_state_authorized_official_phone,NORTHSTARINFUSIONINC,WY,SCOTSCHMIDT,3076377920,2,1346798675; 1891243481,66309; 169918
same_name_state_authorized_official_phone,NORTHTOWNPHARMACYLLC,MS,ANDREWCLARK,6016654694,2,1023614724; 1417794918,5299; 79518
same_name_state_authorized_official_phone,NORTHVALELLC,MI,EARNESTWHITE,5172539625,2,1053239269; 1154249365,9659; 28582
same_name_state_authorized_official_phone,NORTHWESTERNMEDICALFACULTYFOUNDATION,IL,SABINASTRZEMINSKA,3126956800,2,1275759789; 1760264063,52538; 144946
same_name_state_authorized_official_phone,NORTHWESTERNMEDICALFACULTYFOUNDATION,IL,SABINASTRZEMINSKA,6302252663,8,1033041728; 1043142730; 1073445763; 1235061920; 1386576064; 1720910409; 1861324543; 1992637680,5697; 7702; 13758; 43443; 73104; 138905; 164030; 189442
same_name_state_authorized_official_phone,NORTHWESTERNMEMORIALHOSPITAL,IL,JOHNORSINI,3129269365,2,1417619412; 1902238645,79348; 171883
same_name_state_authorized_official_phone,NORTHWESTMEDICALLLC,OR,GREGORYCRAWFORD,5032346219,2,1043817802; 1770539603,9269; 147280
same_name_state_authorized_official_phone,NORTHWESTORTHOTICSPROSTHETICSINC,UT,JENNIFERSIMMONS,8013773433,3,1114306891; 1295979649; 1912991738,21654; 56873; 175235
same_name_state_authorized_official_phone,NORTHWESTPHARMACYINC,MO,MARKKLEINBECK,5736866211,2,1245364066; 1902974140,46224; 173203
same_name_state_authorized_official_phone,NORTHWESTRESPIRATORYSERVICESLLC,CO,CHRISLARSON,6516038720,3,1144902867; 1275215238; 1609558667,28280; 51376; 115222
same_name_state_authorized_official_phone,NORTHWESTSURGICALSPECIALISTSPC,OR,JAYCRARY,3602546161,3,1609398239; 1710409347; 1801318381,115036; 136204; 152812
same_name_state_authorized_official_phone,NORTHWESTSURGICALSPECIALISTSPC,WA,JAYCRARY,3602546161,7,1023530508; 1093237612; 1306368915; 1548782022; 1801073762; 1801318415; 1821510306,5170; 17499; 57626; 104474; 152320; 152813; 157352
same_name_state_authorized_official_phone,NORTONHOSPITALSINC,KY,SHELLEYGAST,5025591368,2,1437017233; 1568320182,81917; 106961
same_name_state_authorized_official_phone,NORTONHOSPITALSINC,KY,SHELLEYGAST,5026298000,3,1104155357; 1205964889; 1720117955,19319; 39524; 137522
same_name_state_authorized_official_phone,NOSTRANDDRUGCORP,NY,YONATANZISO,7182531700,2,1639700537; 1861539322,121682; 164611
same_name_state_authorized_official_phone,NOTTTINGHAMPHARMACYLLC,MI,VIRENDRAGAIDHANE,3138853363,2,1730209743; 1942851589,139440; 180717
same_name_state_authorized_official_phone,NOVACAREOUTPATIENTREHABILITATIONEASTINC,MN,MICHAELTARVIN,7179754503,6,1013188002; 1417128695; 1427229897; 1699946061; 1780855155; 1841461837,2436; 78505; 80829; 133212; 149914; 160864
same_name_state_authorized_official_phone,NOVACAREOUTPATIENTREHABILITATIONINC,KS,MICHAELTARVIN,7179754503,3,1194996553; 1811168271; 1932370392,37741; 154597; 178100
same_name_state_authorized_official_phone,NOVAPRODUCTSLLC,VA,FERRINMOORE,7036063332,2,1568286276; 1679394977,106927; 128149
same_name_state_authorized_official_phone,NOVASTACKLLC,AZ,VIRGINIABENTLEY,4802102734,2,1063330215; 1619895851,11665; 117743
same_name_state_authorized_official_phone,NPLDRUGSINC,NY,CRAIGSHEIKOWITZ,7184447200,2,1023566981; 1487990982,5229; 93510
same_name_state_authorized_official_phone,NRBRYCEENTERPRISESLLC,AZ,NICKALAUSBRYCE,9285378555,2,1386168250; 1417513904,72643; 79230
same_name_state_authorized_official_phone,NUDAKVENTURESLLC,IA,LORIANNWILLIS,3192368891,2,1033120670; 1700987435,5823; 135091
same_name_state_authorized_official_phone,NUDAKVENTURESLLC,IA,LORIANNWILLIS,3193546006,2,1437162112; 1942211586,82128; 179216
same_name_state_authorized_official_phone,NULIFEMEDLLC,NH,JAMESHRADECKY,6032065725,2,1235463977; 1518190883,44608; 97771
same_name_state_authorized_official_phone,NURAPLLC,MN,SANDFORDSCHOCKET,7635376000,2,1629311089; 1932995040,119131; 178986
same_name_state_authorized_official_phone,NURTURINGEXPRESSIONSLLC,WA,TRACYCOREY,2067632733,3,1053925859; 1275687840; 1972284677,11244; 52384; 185084
same_name_state_authorized_official_phone,NUTECHORTHOTICSPROSTHETICSLLC,TX,DOUGLASSWACKER,9563500550,2,1104922301; 1730252578,20592; 139590
same_name_state_authorized_official_phone,NUTSINC,MO,JOHNTONJUK,4172582526,2,1790860104; 1992786511,151722; 189890
same_name_state_authorized_official_phone,NYESPHARMACYOFCONWAYINC,SC,TIFFANYCOMBS,8432485015,2,1053614958; 1528388279,10724; 100250
same_name_state_authorized_official_phone,NYLALABORATORIES,MA,HARINAIR,5083611441,2,1255913802; 1629665500,49082; 119724
same_name_state_authorized_official_phone,NYUSEQUIPMENTSLLC,NY,MUNAWARKHAN,4322934311,2,1164363123; 1316889256,30592; 60362
same_name_state_authorized_official_phone,OAKLANDINTEGRATEDHEALTHCARENETWORK,MI,ANTHONYPLAS,2482530521,2,1184892143; 1508974973,35681; 97139
same_name_state_authorized_official_phone,OAKLANDORTHOPEDICAPPLIANCESINC,MI,JENNIFERDRAVES,9898937544,2,1093716615; 1225986029,18060; 43384
same_name_state_authorized_official_phone,OAKLANEPHARMACYINC,PA,JUANITARATHFON,2159249929,2,1255588687; 1801067129,48533; 152299
same_name_state_authorized_official_phone,OBENGPHARMACYLLC,NJ,ADJEKOFFI,8622377601,2,1538557178; 1891347225,102346; 170045
same_name_state_authorized_official_phone,OCEANHEALTHINITIATIVESINC,NJ,THERESABERGER,7323636655,5,1386246411; 1851842769; 1861958811; 1902204282; 1992307037,72751; 163480; 165574; 171823; 189129
same_name_state_authorized_official_phone,OCHSNERCLINICLLC,LA,SCOTTPOSECAI,5043719355,2,1215187893; 1821247420,40189; 156831
same_name_state_authorized_official_phone,OCHSNERCLINICLLC,LA,SCOTTPOSECAI,5048423000,2,1205064631; 1235389792,37911; 44488
same_name_state_authorized_official_phone,OCHSNERCLINICLLC,LA,SCOTTPOSECAI,5048424000,4,1205064599; 1245469980; 1912135203; 1932361862,37910; 46472; 173728; 178077
same_name_state_authorized_official_phone,OCHSNERCLINICLLC,LA,SCOTTPOSECAI,9858752340,2,1043547334; 1871743450,8860; 166984
same_name_state_authorized_official_phone,ODERMATTENTERPRISESINC,CA,HEIDIODERMATT,2093370076,2,1316030992; 1952460867,58917; 181805
same_name_state_authorized_official_phone,OEMEYERCO,OH,DAVIDBELDEN,4196251256,2,1275638439; 1700158870,52210; 133628
same_name_state_authorized_official_phone,OFFICEPRACTICEOFPHARMACYLLC,NC,ANNAFERGUSON,8286328591,2,1649693359; 1710385604,123483; 136136
same_name_state_authorized_official_phone,OGLESOXYGENLLC,GA,WENDYRUSSALESI,6104244515,2,1164380267; 1871451971,30614; 166162
same_name_state_authorized_official_phone,OHIOCVSSTORESLLC,OH,SUSANCOLBERT,4017651500,2,1639724487; 1922736305,121711; 176846
same_name_state_authorized_official_phone,OHIOHEALTHCORPORATION,OH,SHANNONKEYS,6145663322,2,1174314421; 1720826373,32469; 138821
same_name_state_authorized_official_phone,OHIOVISIONOFTOLEDOINC,OH,CONNIERICHARDS,4196934444,4,1225054661; 1457377814; 1467472118; 1609896315,41716; 86369; 88345; 115778
same_name_state_authorized_official_phone,OHIWESTMEDICALGROUPIILLC,FL,JOEDELATORRE,8137780440,2,1043076482; 1881450203,7657; 168124
same_name_state_authorized_official_phone,OHIWESTMEDICALGROUPIILLC,FL,JOEDELATORRE,8139790440,3,1427814847; 1437915857; 1922864347,81706; 83796; 176988
same_name_state_authorized_official_phone,OHSUSANNAH,TX,SUSANMORELAND,2103862296,2,1659518074; 1689810434,124935; 131054
same_name_state_authorized_official_phone,OLAKERSAPOTHECARYLLC,OH,DAVIDOLAKER,9379813245,2,1417054354; 1548631765,78284; 104240
same_name_state_authorized_official_phone,OLDMAINPHARMACYINC,NC,JUSTINDANIEL,9104223774,2,1417205410; 1649528613,78676; 123213
same_name_state_authorized_official_phone,OLDROSWELLHOLDINGSLLC,NY,TRACYEDEN,6077237585,2,1083722151; 1992518484,16372; 189336
same_name_state_authorized_official_phone,OLDTOWNEPHYSICALTHERAPYLIMITEDPARTNERSHIP,DE,RICHARDBINSTEIN,3028390900,2,1093062697; 1184971780,17220; 35836
same_name_state_authorized_official_phone,OLIVEROMEDICALHEALTHCENTER,PA,DANIELOLIVERO,8144993009,2,1063144632; 1407593080,11477; 77123
same_name_state_authorized_official_phone,OLNEYPAINCENTER,MD,JONATHANLEVIN,3017741622,2,1053765651; 1235593021,10992; 44809
same_name_state_authorized_official_phone,OLYMPIAORTHOPAEDICASSOCIATESPLLC,WA,GREGORYBYRD,3604918439,2,1134089576; 1538029871,24743; 101050
same_name_state_authorized_official_phone,OMEGAMEDICALSUPPLYLLC,MN,ADERONKEMORDI,5072528413,2,1063571024; 1740537331,12409; 142154
same_name_state_authorized_official_phone,OMNIFAMILYHEALTH,CA,FRANCISCOCASTILLON,6614591900,2,1245402692; 1275799900,46336; 52653
same_name_state_authorized_official_phone,OMNIHEALTHCORP,TN,JNICHOLS,7316427365,5,1023121373; 1477667368; 1730292087; 1750494001; 1821101171,4294; 90896; 139753; 143808; 156391
same_name_state_authorized_official_phone,OMSAIDEVLLC,PA,UMAMAHESWARADONEPUDI,7174429523,2,1336577907; 1730125287,64121; 139221
same_name_state_authorized_official_phone,OMSAIPC,NV,SHIVANIPATEL,7022332010,2,1558638742; 1821877572,106039; 157790
same_name_state_authorized_official_phone,OMSPHARMACYINC,AL,HAROLDTHOMAS,2057520627,2,1306888979; 1861500381,58421; 164489
same_name_state_authorized_official_phone,ONCALLMEDICALEQUIPMENTSUPPLYINC,TN,JAMIEJOHNSON,6154496190,2,1033277439; 1134147655,6440; 24969
same_name_state_authorized_official_phone,ONCOLOGYHEMATOLOGYASSOCIATION,PA,RICHARDBONDI,8145344724,2,1346204807; 1932256104,64813; 177814
same_name_state_authorized_official_phone,ONCOLOGYSPECIALTYPHARMACYLLC,FL,MADELINECAMEJO,7865278200,2,1407938897; 1811662372,77834; 155419
same_name_state_authorized_official_phone,ONCOMEDTHEONCOLOGYPHARMACYOFBUFFALONYLLC,NY,AMYKONAK,8776626633,2,1083157036; 1871885798,15405; 167317
same_name_state_authorized_official_phone,ONEALSDRUGSTOREINC,NC,WALTONONEAL,2529432643,2,1285754564; 1538266473,54477; 101729
same_name_state_authorized_official_phone,ONEHOMEMEDICALEQUIPMENTLLC,FL,LLOYDALLEN,9544416644,2,1275322984; 1508207804,51494; 95772
same_name_state_authorized_official_phone,ONEHOMEMEDICALEQUIPMENTLLC,FL,RAMONFALERO,8554416900,4,1013623370; 1306554381; 1689389777; 1922728211,3135; 57831; 130040; 176844
same_name_state_authorized_official_phone,ONEHOMEMEDICALEQUIPMENTNCLLC,NC,RAMONFALERO,8554755614,2,1245951847; 1598486193,47204; 113129
same_name_state_authorized_official_phone,ONESOURCELLC,OK,TONYHUDGINS,5802796001,2,1154733293; 1841546249,29862; 161058
same_name_state_authorized_official_phone,ONESOURCEMEDICALSUPPLYLLC,FL,LINDACHAN,8882587080,2,1205123874; 1699772897,38032; 132543
same_name_state_authorized_official_phone,ONSITERXINC,VA,PAMMCNEILLY,7705321551,2,1396123691; 1720329105,74548; 138090
same_name_state_authorized_official_phone,OPENDOORHEALTHSERVICESINC,IN,JOELWRIGHT,8333151520,2,1245084615; 1518679570,45443; 98551
same_name_state_authorized_official_phone,OPRX11558LLC,NY,SARITROY,5164311991,2,1659485548; 1891420592,124865; 170118
same_name_state_authorized_official_phone,OPTECHORTHOTICSPROSTHETICSCORP,IL,MARTINMCNAB,8157419700,2,1194919167; 1609914860,37593; 115836
same_name_state_authorized_official_phone,OPTECHORTHOTICSPROSTHETICSSERVICESLTD,IL,IVANSABEL,8159328564,2,1497031652; 1851677199,93573; 163187
same_name_state_authorized_official_phone,OPTIMISTICHEALTHCARESOLUTIONSLLC,TX,DESHAVONNAJASMINE,8006744440,2,1457139768; 1952177800,85961; 181075
same_name_state_authorized_official_phone,OPTIMUMFAITHLABCORP,IL,OPALMULLINGS,2246100434,2,1245772748; 1952922908,46994; 182676
same_name_state_authorized_official_phone,OPTIONCAREENTERPRISESINC,KS,MEENALSETHNA,8004751101,2,1235902156; 1790642619,45234; 151132
same_name_state_authorized_official_phone,OPTIONONEHOMEMEDICALEQUIPMENTINC,CA,TERIJAMISON,8008341092,2,1053312678; 1326049925,9748; 60843
same_name_state_authorized_official_phone,OPTUMCAREFLORIDALLC,FL,JOHNLIETHEN,7278499373,2,1063572295; 1558681460,12413; 106118
same_name_state_authorized_official_phone,OPTUMCAREWASHINGTONPLLC,WA,GEORGEGO,3606517490,2,1497897722; 1831241827,95169; 158474
same_name_state_authorized_official_phone,OPTUMCAREWASHINGTONPLLC,WA,GEORGEGO,4252590966,3,1316099401; 1528229523; 1851748578,59195; 99933; 163310
same_name_state_authorized_official_phone,OPTUMCAREWASHINGTONPLLC,WA,GEORGEGO,4253395417,2,1225207384; 1619138617,42256; 116640
same_name_state_authorized_official_phone,OPTUMCAREWASHINGTONPLLC,WA,GEORGEGO,4253395430,2,1275675530; 1538211628,52340; 101526
same_name_state_authorized_official_phone,OPTUMMEDICALCAREPC,NY,JONATHANNASSER,5162949540,2,1013872878; 1437014297,3399; 81913
same_name_state_authorized_official_phone,OPTUMMEDICALCAREPC,NY,JONATHANNASSER,8452315600,4,1003772864; 1013873876; 1558227314; 1699631440,1078; 3403; 104973; 132294
same_name_state_authorized_official_phone,OPTUMMEDICALCAREPC,NY,RICHARDMOREL,5166226040,2,1053190595; 1346029030,9634; 64655
same_name_state_authorized_official_phone,ORCHARDHILLSPHARMACYINC,MO,JEFFREYGOETZINGER,4178688288,2,1639198716; 1992972780,120546; 190449
same_name_state_authorized_official_phone,ORCHARDSDRUGLC,KS,MARKSMITH,7858438555,2,1497870307; 1760594618,95109; 145762
same_name_state_authorized_official_phone,OREGONHEALTHSCIENCEUNIVERSITY,OR,KELLYSMITH,5034948007,2,1457129678; 1790294965,85947; 150738
same_name_state_authorized_official_phone,OREGONPEDORTHICSERVICESINC,OR,DOUGMCCURTAIN,5034911723,2,1063572881; 1881024107,12419; 167565
same_name_state_authorized_official_phone,ORIONLABORATORIESLLC,LA,DAVIDSLAUGHTER,2259236070,3,1194588228; 1285579839; 1699327247,36693; 53801; 131950
same_name_state_authorized_official_phone,ORIONLABORATORIESLLC,LA,TANYACOLEMAN,2259236070,5,1093643892; 1366377061; 1568392801; 1629909882; 1972430361,17936; 68935; 107028; 120011; 185208
same_name_state_authorized_official_phone,ORLANDOHEALTHINC,FL,JOHNMILLER,3218438535,2,1366046450; 1568184240,68574; 106817
same_name_state_authorized_official_phone,ORLANDOHEALTHINC,FL,ROXANNEBLANCHARD,3218438535,3,1346107240; 1386573863; 1841153236,64726; 73100; 159969
same_name_state_authorized_official_phone,ORLANDPHARMACYINC,CA,HAMDISARAMAH,5308655902,2,1215922257; 1932284874,41194; 177907
same_name_state_authorized_official_phone,ORTHOADVANCELLC,TX,GEOFFREYSTEVENS,8324565600,2,1306019989; 1912212747,56952; 173926
same_name_state_authorized_official_phone,ORTHOALASKALLC,AK,ELISHAPOWELL,9075622277,8,1285468132; 1316353766; 1326602921; 1407670615; 1669341616; 1750945358; 1760351712; 1972398394,53722; 59711; 62282; 77209; 126117; 144630; 145045; 185192
same_name_state_authorized_official_phone,ORTHOARKANSASPA,AR,DANAWALKER,5015003500,2,1609689983; 1912713389,115352; 174669
same_name_state_authorized_official_phone,ORTHOCARESOLUTIONSINC,MD,DAVIDFRED,3019901640,10,1083854954; 1275773012; 1285874149; 1386884245; 1497995336; 1548400419; 1609016575; 1689814550; 1710127683; 1982844734,16756; 52576; 54739; 74070; 95357; 103809; 114382; 131064; 135593; 188262
same_name_state_authorized_official_phone,ORTHOCARESOLUTIONSINC,VA,DAVIDFRED,3019901640,3,1578703435; 1588804447; 1952541880,109961; 112034; 182018
same_name_state_authorized_official_phone,ORTHOCENTRAL,OK,AARONBOYD,4053606764,2,1053959478; 1316687726,11286; 60173
same_name_state_authorized_official_phone,ORTHOCENTRAL,OK,LARRYSPLITT,4053606764,4,1104600857; 1417542358; 1861030280; 1871358655,19922; 79266; 163719; 166060
same_name_state_authorized_official_phone,ORTHOCONNECTICUTPLLC,CT,PAULSIROIS,2033372600,5,1164340485; 1558289884; 1609794924; 1811815145; 1851219174,30569; 105017; 115455; 155556; 161924
same_name_state_authorized_official_phone,ORTHOCONNECTICUTPLLC,CT,PAULSIROIS,2037971500,4,1174061519; 1275035610; 1568501864; 1750420048,32160; 51145; 107444; 143505
same_name_state_authorized_official_phone,ORTHOCONNECTICUTPLLC,CT,PAULSIROIS,2038452200,3,1053713222; 1285036186; 1669995163,10904; 53115; 127645
same_name_state_authorized_official_phone,ORTHOCONNECTICUTPLLC,CT,PAULSIROIS,8603558000,2,1538258835; 1952745200,101680; 182410
same_name_state_authorized_official_phone,ORTHOKENTUCKYPLLC,KY,MELODYBLAUSER,8592765008,2,1639402001; 1649598962,121141; 123337
same_name_state_authorized_official_phone,ORTHOMEDICALPRODUCTSINC,NY,SHERYLPRICE,2128793700,2,1619182367; 1730176736,116742; 139323
same_name_state_authorized_official_phone,ORTHOMIDWESTPLLC,IL,BRIANBEAR,8153989491,3,1134913064; 1891580718; 1952195885,26461; 170299; 181093
same_name_state_authorized_official_phone,ORTHOMIDWESTPLLC,IL,BRIANBEAR,8472854200,4,1043180839; 1114897998; 1245100932; 1790655579,7745; 22420; 45467; 151157
same_name_state_authorized_official_phone,ORTHOMIDWESTPLLC,IL,BRIANBEAR,8776326637,9,1124732441; 1174237499; 1245944578; 1326752643; 1366237299; 1407560733; 1578277893; 1619681947; 1710691035,24407; 32366; 47199; 62419; 68795; 77087; 108966; 117529; 136539
same_name_state_authorized_official_phone,ORTHOMIDWESTPLLC,IL,LESLIEELMER,8153817431,5,1285087114; 1306504071; 1366895294; 1538512462; 1548704299,53219; 57786; 70306; 102265; 104362
same_name_state_authorized_official_phone,ORTHOMIDWESTPLLC,IL,LESLIEELMER,8153989491,6,1306880414; 1326534843; 1346866373; 1467119495; 1578104337; 1619422516,58370; 62155; 66389; 87847; 108755; 117178
same_name_state_authorized_official_phone,ORTHONEWENGLANDLLC,CT,SCOTTGRAY,8609632133,2,1467937474; 1568947570,89503; 108489
same_name_state_authorized_official_phone,ORTHONJLLC,NJ,JEFFBROWN,6099248131,7,1275136210; 1336742378; 1457135964; 1669075750; 1679176762; 1841893930; 1851994941,51290; 64340; 85956; 125845; 127891; 161580; 163682
same_name_state_authorized_official_phone,ORTHONJLLC,NJ,JEFFBROWN,7322832663,2,1114591047; 1467055533,22083; 87755
same_name_state_authorized_official_phone,ORTHONJLLC,NJ,JEFFBROWN,7328407500,3,1053988600; 1730754300; 1881269447,11311; 140619; 167937
same_name_state_authorized_official_phone,ORTHONJLLC,NJ,JEFFBROWN,9084864400,2,1235883737; 1710757836,45215; 136605
same_name_state_authorized_official_phone,ORTHONJLLC,NJ,STEPHENZABINSKI,6099271991,2,1366236291; 1487448312,68794; 92229
same_name_state_authorized_official_phone,ORTHOPAEDICANDSPORTSMEDICINECENTERNORMANPC,OK,EMILYWAINNER,4053647900,4,1073399143; 1366228439; 1558147611; 1982415733,13731; 68784; 104900; 187248
same_name_state_authorized_official_phone,ORTHOPAEDICASSOCIATESINC,OH,ALLANFENTNER,4408921440,2,1174531800; 1649280306,32726; 122424
same_name_state_authorized_official_phone,ORTHOPAEDICASSOCIATESOFGRANDRAPIDSPC,MI,BRIANMURRAY,6164597101,4,1154761773; 1366884942; 1477868560; 1740532035,29917; 70291; 91322; 142140
same_name_state_authorized_official_phone,ORTHOPAEDICASSOCIATESOFGRANDRAPIDSPC,MI,PATRICKREID,6164597101,2,1679839146; 1972737286,129271; 186126
same_name_state_authorized_official_phone,ORTHOPAEDICASSOCIATESOFMAINEPA,ME,KATHRYNHANNA,2078282100,4,1386454494; 1386465086; 1528986148; 1780494880,72993; 73005; 100986; 148964
same_name_state_authorized_official_phone,ORTHOPAEDICCENTERPC,OK,SAMANTHAHENDRICKSON,9185826800,2,1194562991; 1639917032,36664; 121935
same_name_state_authorized_official_phone,ORTHOPAEDICCLINICOFDAYTONABEACHPA,FL,ALBERTGILLESPY,3862554596,4,1023678745; 1063965325; 1073068458; 1164977534,5381; 13184; 13330; 32036
same_name_state_authorized_official_phone,ORTHOPAEDICSPECIALISTSOFCHARLESTON,SC,JOHNGRAHAM,8439582500,3,1003092909; 1376720151; 1902080799,200; 71891; 171557
same_name_state_authorized_official_phone,ORTHOPAEDICSSPINEANDSPORTSMEDICINELLC,NY,ROSEANNLEWIS,5167953033,3,1073096590; 1174050355; 1366977951,13375; 32148; 70439
same_name_state_authorized_official_phone,ORTHOPAINLLC,TX,JOSHUABARNES,7274256596,2,1295548634; 1841173531,55760; 159986
same_name_state_authorized_official_phone,ORTHOPEDICAPPLIANCECOINC,NC,OWENAYCOCK,8282546305,2,1104828342; 1124404637,20165; 23961
same_name_state_authorized_official_phone,ORTHOPEDICASSOCIATESLTD,VA,JACKOTTENI,5409325850,2,1134728975; 1245965433,26253; 47216
same_name_state_authorized_official_phone,ORTHOPEDICASSOCIATESOFHARTFORDPC,CT,DAVIDMUDANO,8605493210,6,1265501522; 1366731929; 1710238563; 1922187764; 1982773248; 1992880892,49973; 69981; 135840; 175938; 188082; 190259
same_name_state_authorized_official_phone,ORTHOPEDICASSOCOFLONGISLANDPHYSICIANSMEDICALGROUPPLLC,NY,STEVENPUOPOLO,6314751224,4,1003567488; 1396307690; 1639731243; 1902468515,899; 74845; 121718; 172216
same_name_state_authorized_official_phone,ORTHOPEDICASSOCOFLONGISLANDPHYSICIANSMEDICALGROUPPLLC,NY,STEVENPUOPOLO,6316896698,9,1033860416; 1043872591; 1164074373; 1235943572; 1366004814; 1548822091; 1770145229; 1871155325; 1982256194,7426; 9330; 30341; 45283; 68523; 104543; 146732; 165828; 187066
same_name_state_authorized_official_phone,ORTHOPEDICCENTEROFFLORIDAINC,FL,MARKFARMER,2399464880,2,1134982572; 1316700768,26526; 60188
same_name_state_authorized_official_phone,ORTHOPEDICCENTEROFPALMBEACHCOUNTY,FL,CHRISTINAMARTINEZ,5619676500,2,1770033789; 1891683801,146569; 170419
same_name_state_authorized_official_phone,ORTHOPEDICCENTEROFPALMBEACHCOUNTYINC,FL,CHRISTINAMARTINEZ,5619676500,4,1639410160; 1659453835; 1689756835; 1942752662,121163; 124688; 130843; 180580
same_name_state_authorized_official_phone,ORTHOPEDICMOTIONINC,NV,ADAMSTRYKER,7026977070,2,1215135447; 1962706366,40085; 184195
same_name_state_authorized_official_phone,ORTHOPEDICNEUROLOGICALCONSULTANTSINC,OH,CARLBERASI,6148906555,4,1639264724; 1649603317; 1922479187; 1932574316,120752; 123348; 176525; 178494
same_name_state_authorized_official_phone,ORTHOPEDICNEUROLOGICALCONSULTANTSINC,OH,FRANCISODONNELL,6148906555,5,1073765327; 1083709190; 1568683845; 1588879605; 1740401025,14720; 16288; 108018; 112200; 141864
same_name_state_authorized_official_phone,ORTHOPEDICNEUROLOGICALCONSULTANTSINC,OH,JACQUELINEPETTY,6148906555,3,1689269334; 1922576800; 1992826028,129912; 176681; 190069
same_name_state_authorized_official_phone,ORTHOPEDICONEINC,OH,JOELPOLITI,6144881816,3,1306251574; 1871630277; 1972918415,57451; 166629; 186506
same_name_state_authorized_official_phone,ORTHOPEDICONEINC,OH,JOELPOLITI,6145457900,5,1336527514; 1508338138; 1659607000; 1760905624; 1992001333,64025; 95979; 125114; 146363; 188603
same_name_state_authorized_official_phone,ORTHOPEDICONEINC,OH,JOELPOLITI,6148278700,2,1386075315; 1669827317,72512; 127393
same_name_state_authorized_official_phone,ORTHOPEDICONEINC,OH,JOELPOLITI,6148392300,4,1376868448; 1659435782; 1699179069; 1710203534,72179; 124624; 131714; 135760
same_name_state_authorized_official_phone,ORTHOPEDICONEINC,OH,MARKDALOISIO,6145457900,2,1467284042; 1558193813,88014; 104938
same_name_state_authorized_official_phone,ORTHOPEDICPHYSICIANSOFANNAPOLISLLC,MD,PETERODENWALD,4102688862,2,1265673727; 1750784294,50528; 144384
same_name_state_authorized_official_phone,ORTHOPEDICSERVICESINC,SC,JOELVANDERWOOD,8642337893,2,1154343887; 1962438176,28821; 183458
same_name_state_authorized_official_phone,ORTHOPEDICSPINETHERAPYOFPOPLARSC,WI,PAULBARNETT,7153648565,2,1578876793; 1609963594,110322; 116022
same_name_state_authorized_official_phone,ORTHOPEDICSPORTSMEDICINESPECIALISTSOFGREENBAYSC,WI,SANDYFRAGALE,9204308113,8,1225954696; 1245156603; 1447176813; 1487570842; 1558287920; 1568388932; 1700702172; 1851217228,43340; 45498; 84033; 92322; 105010; 107013; 134341; 161918
same_name_state_authorized_official_phone,ORTHOPEDICSRHODEISLANDINC,RI,PAULCAVARETTA,4017777000,3,1114740230; 1427707256; 1538746813,22245; 81614; 102629
same_name_state_authorized_official_phone,ORTHOPEDICSURGERYPC,GA,LUCYDENZIN,6789573040,2,1003974353; 1720156243,1749; 137637
same_name_state_authorized_official_phone,ORTHOPROSEXPRESS,NC,LINDATRIMNAL,7049212286,2,1124122726; 1841212040,23286; 160090
same_name_state_authorized_official_phone,ORTHOSOLUTIONSLLC,NH,KENJACKSON,6038238600,3,1174268361; 1205571494; 1508501792,32406; 38700; 96181
same_name_state_authorized_official_phone,ORTHOTENNESSEEPC,TN,PIERCEPEARSON,8655462663,2,1013450360; 1477642288,2935; 90737
same_name_state_authorized_official_phone,ORTHOTICCARESERVICESLLC,MN,PATRICKHINSHON,6128711480,6,1023823812; 1194953935; 1326853011; 1588479273; 1639984339; 1790590495,5517; 37650; 62542; 111177; 122000; 151076
same_name_state_authorized_official_phone,ORTHOTICPROSTHETICASSOCIATESINC,NJ,RICHARDMANFREDI,7329059020,2,1013284124; 1083631931,2649; 16053
same_name_state_authorized_official_phone,ORTHOTICPROSTHETICASSOCIATESINC,OR,DAVEJANKE,5032525100,2,1023188778; 1275667701,4512; 52312
same_name_state_authorized_official_phone,ORTHOTICPROSTHETICCENTERSINC,FL,CHRISTINAGELAZNIK,7273273332,5,1033143029; 1376039032; 1508352204; 1710359302; 1841607066,6004; 70526; 95999; 136095; 161164
same_name_state_authorized_official_phone,ORTHOTICPROSTHETICCENTERSINC,FL,CHRISTINAGELAZNIK,8557275347,2,1215311477; 1427404508,40441; 81181
same_name_state_authorized_official_phone,ORTHOTICPROSTHETICSERVICESINC,OH,JUSTINPROCTOR,3307236679,2,1083623037; 1811905276,15947; 155707
same_name_state_authorized_official_phone,ORTHOTICSPROSTHETICSLABORATORIESINC,MA,IVANSABEL,4135858622,2,1306223417; 1750768867,57397; 144360
same_name_state_authorized_official_phone,ORTHOTICSPROSTHETICSLABORATORIESINC,MA,JAMESHAAS,4137372404,2,1134636426; 1275767147,26106; 52557
same_name_state_authorized_official_phone,ORTHOTX,TX,JAMESPOLLIFRONE,8173755200,3,1114624673; 1609325935; 1750818910,22113; 114934; 144457
same_name_state_authorized_official_phone,ORTHOTXPLLC,TX,ERICWIESER,8173755200,2,1588735922; 1629728381,111766; 119807
same_name_state_authorized_official_phone,ORTHOTXPLLC,TX,JAMESPOLLIFRONE,8172210084,2,1811717614; 1831919679,155469; 159737
same_name_state_authorized_official_phone,ORTHOWEST,CA,BRYCEJOHNSON,7142417000,2,1225639032; 1417558404,43005; 79284
same_name_state_authorized_official_phone,ORTHOWEST,CA,BRYCEJOHNSON,7148507300,2,1497356489; 1710588793,94084; 136429
same_name_state_authorized_official_phone,ORTHOWESTLLC,NE,TARAWISDOM,4026093000,3,1033928668; 1073323606; 1548133697,7492; 13647; 103030
same_name_state_authorized_official_phone,OSAGEPHARMACYLLC,MO,MARKKLEINBECK,5739963784,2,1285774828; 1316953987,54511; 60517
same_name_state_authorized_official_phone,OSAYUWAREINC,NY,JOYOMOKHAYE,7183631095,2,1043437601; 1366976714,8618; 70436
same_name_state_authorized_official_phone,OSFHEALTHCARESYSTEM,IL,ROBERTSEHRING,3096553440,3,1154338184; 1356005185; 1376162925,28796; 66554; 70716
same_name_state_authorized_official_phone,OSFHEALTHCARESYSTEM,IL,ROBERTSEHRING,8777950416,2,1093370108; 1871184465,17677; 165867
same_name_state_authorized_official_phone,OSSORTHOPAEDICHOSPITALLLC,PA,CHADRUTTER,7178484800,4,1316380181; 1497477178; 1619433570; 1821334426,59768; 94222; 117194; 157036
same_name_state_authorized_official_phone,OTTOBOCKPATIENTCARELLC,AR,PALLAVINEMANI,8709326436,2,1073211728; 1902504970,13518; 172258
same_name_state_authorized_official_phone,OTTOBOCKPATIENTCARELLC,GA,PALLAVINEMANI,7702715581,6,1275234445; 1285335455; 1386345585; 1558062729; 1669333076; 1760183966,51392; 53561; 72872; 104800; 126111; 144852
same_name_state_authorized_official_phone,OUMEDICINEINC,OK,LAURAPETTY,4052711047,2,1669895108; 1962708461,127507; 184199
same_name_state_authorized_official_phone,OUMEDICINEINC,OK,LAURAPETTY,4052711488,2,1396151171; 1528713310,74599; 100724
same_name_state_authorized_official_phone,OUMEDICINEINC,OK,LAURAPETTY,4052716446,2,1205545068; 1255384426,38673; 47953
same_name_state_authorized_official_phone,OURLADYOFLOURDESMEMORIALHOSPITALINC,NY,SHAYNEWILCOX,6077985533,2,1508576612; 1730982596,96260; 140857
same_name_state_authorized_official_phone,OURLIBERTYPHARMACY,MD,JOYNWANGWU,4436577122,2,1760951164; 1801685995,146445; 153257
same_name_state_authorized_official_phone,OUTREACHPROFESSIONALSERVICESINC,OH,THERESAWRABEL,2163632626,2,1104371640; 1568917003,19677; 108450
same_name_state_authorized_official_phone,OVALPHARMACYCORP,NY,JAYSHREEDESAI,7188230688,2,1134213549; 1750789830,25178; 144399
same_name_state_authorized_official_phone,OVIEMEDICALSUPPLYINC,TX,EMMANUELUREVBU,2147039222,2,1336551399; 1760542351,64080; 145532
same_name_state_authorized_official_phone,OXYGENONEINC,WI,WENDYRUSSALESI,2625212202,2,1235627720; 1457356172,44861; 86241
same_name_state_authorized_official_phone,OXYMEDINC,OH,RICWREN,8778209391,2,1093986432; 1891777884,18979; 170754
same_name_state_authorized_official_phone,OXYPROSINC,FL,JAMESWESTCOTT,7722232825,2,1427302157; 1669447033,80988; 126296
same_name_state_authorized_official_phone,OXYPROSINC,FL,LINDAWESTCOTT,7722232825,2,1134139108; 1578983920,24891; 110516
same_name_state_authorized_official_phone,OZARKPHYSICALTHERAPYLLP,MO,AUSTINTINSLEY,5736865510,2,1619139227; 1942272836,116644; 179493
same_name_state_authorized_official_phone,PACEFOOTANDANKLECENTERSPLLC,PA,MARCBAER,6103309740,5,1407459860; 1598368953; 1750984118; 1770186132; 1871432138,76967; 113005; 144674; 146773; 166127
same_name_state_authorized_official_phone,PACEHEALTHSERVICESINC,SC,THEODOREMACDONALD,8433003593,2,1487417242; 1700602513,92193; 134235
same_name_state_authorized_official_phone,PACIFICCHOICELLC,HI,SARAHSUZUKI,8086783668,2,1124338371; 1689806770,23828; 131041
same_name_state_authorized_official_phone,PACIFICHEALTHCARESYSTEMSINC,CA,SYDELCHARLIER,6196673700,2,1265216527; 1417490889,49410; 79200
same_name_state_authorized_official_phone,PACIFICHEALTHINC,MP,JOSHUAWISE,6702356175,2,1437851573; 1497889752,83731; 95140
same_name_state_authorized_official_phone,PACIFICMEDICALINC,CA,MARKWEAVER,2094904515,2,1346735933; 1437095767,66197; 82001
same_name_state_authorized_official_phone,PACIFICMEDICALINC,CA,MARKWEAVER,8007269180,4,1326048893; 1518374008; 1861809378; 1972977759,60839; 98119; 165270; 186623
same_name_state_authorized_official_phone,PACIFICMEDICALINC,CA,MARKWEAVER,8316825527,2,1275940785; 1366834509,52916; 70200
same_name_state_authorized_official_phone,PACIFICMEDICALINC,CA,MARKWEAVER,9167061520,2,1033367271; 1346947462,6655; 66474
same_name_state_authorized_official_phone,PACIFICMEDICALINC,CA,MARKWEAVER,9167880530,2,1265664023; 1407745649,50496; 77290
same_name_state_authorized_official_phone,PACIFICMEDICALINC,NV,MARKWEAVER,7753242394,2,1730596016; 1891101051,140372; 169659
same_name_state_authorized_official_phone,PACIFICMEDICALINC,WA,MARKWEAVER,2062412786,2,1114661253; 1801171673,22147; 152501
same_name_state_authorized_official_phone,PACIFICMEDICALINC,WA,MARKWEAVER,5095341742,2,1750697637; 1760984132,144229; 146476
same_name_state_authorized_official_phone,PACIFICPHARMACYSERVICEINC,CA,SUNGPARK,7603274881,2,1528312170; 1730385949,100106; 139994
same_name_state_authorized_official_phone,PADEKHEALTHCAREINC,MD,PRINCEADEKOYA,3012777107,2,1104852607; 1245720994,20363; 46912
same_name_state_authorized_official_phone,PAFUNDINGLLC,TN,MARIAMENDIOLA,4238889568,2,1083315873; 1619679487,15603; 117523
same_name_state_authorized_official_phone,PAINCONTROLOFTEXASPLLC,TX,VIVEKMAHENDRU,5123716398,3,1578294336; 1942931605; 1942931704,108989; 180798; 180799
same_name_state_authorized_official_phone,PAINPHYSICIANSOFWISCONSINSC,WI,MELISSABEARDSLEY,2622977246,5,1245082049; 1609628411; 1790537546; 1962254771; 1972355782,45441; 115290; 151018; 183051; 185144
same_name_state_authorized_official_phone,PAINSPINEINSTITUTELLC,IL,JIGNESHPATEL,8157290700,2,1871386276; 1962295360,166085; 183107
same_name_state_authorized_official_phone,PAINTREATMENTCENTERSOFAMERICAPLLC,AR,KRISTENNEHK,5017122571,7,1063995504; 1356701957; 1477267771; 1568811149; 1710460241; 1821702846; 1871942581,13220; 68063; 89943; 108262; 136281; 157618; 167424
same_name_state_authorized_official_phone,PAINTREATMENTCENTERSOFAMERICAPLLC,AR,LISAKENT,8442150731,5,1063217438; 1184429557; 1346045713; 1538912324; 1770425167,11560; 34565; 64667; 102806; 147012
same_name_state_authorized_official_phone,PAINTREATMENTCENTERSOFAMERICAPLLC,MS,KRISTENNEHK,5017122571,3,1336853621; 1417661737; 1730893025,64460; 79388; 140765
same_name_state_authorized_official_phone,PALABSINC,IN,WILLIAMHAYES,7654715605,2,1164603809; 1346421088,31355; 65617
same_name_state_authorized_official_phone,PALABSINC,IN,WILLIAMHAYES,8124737273,2,1336320076; 1609057348,63584; 114489
same_name_state_authorized_official_phone,PALHOMEDIAGNOSTICSRESPCARE,GA,PATRICIALOWERY,4782741653,2,1629076062; 1821096199,118336; 156379
same_name_state_authorized_official_phone,PALMERPHARMACYPLUSINC,TX,PAMELAASHU,2147659238,3,1174684245; 1629287453; 1730395906,33347; 119099; 140011
same_name_state_authorized_official_phone,PALMETTOOXYGENLLC,NC,LUKEMCGEE,9198520052,2,1447882311; 1881226751,85679; 167881
same_name_state_authorized_official_phone,PALMETTOSPECIALTYPHARMLLC,SC,RYANFENNICK,8439727704,2,1114643749; 1134846322,22131; 26377
same_name_state_authorized_official_phone,PANCAREOFFLORIDAINC,FL,LORIBARTON,8508180455,2,1134952807; 1336704196,26498; 64294
same_name_state_authorized_official_phone,PANORAMAORTHOPEDICSSPINECENTERPC,CO,MARKCONKLIN,3032331223,6,1235724634; 1245825637; 1396330791; 1861087264; 1982282224; 1982299376,45036; 47070; 74881; 163771; 187091; 187116
same_name_state_authorized_official_phone,PANTHERHEALTHLLC,NC,RYANYANICKO,7046589870,2,1164875340; 1225412562,31863; 42663
same_name_state_authorized_official_phone,PANTHERXSPECIALTYLLC,PA,ROBERTSNYDER,8557268479,2,1316213531; 1659762524,59435; 125409
same_name_state_authorized_official_phone,PARAGONINFUSIONCAREINC,TX,AMYMULDERRY,8669725888,2,1740621283; 1831530377,142312; 159205
same_name_state_authorized_official_phone,PARAPHARMINC,CT,CHADWOJNAR,8604231661,2,1467420836; 1831206218,88170; 158362
same_name_state_authorized_official_phone,PAREEKINC,TX,ABDULHAMEED,2149192090,2,1861756306; 1881958932,165169; 169385
same_name_state_authorized_official_phone,PARKHURSTPHARMACY,NM,PHILPARKHURST,5052874641,2,1427195148; 1659382208,80751; 124378
same_name_state_authorized_official_phone,PARKNICOLLETHEALTHCAREPRODUCTS,MN,KRISTINBREY,9528318742,2,1144749862; 1548210776,28116; 103124
same_name_state_authorized_official_phone,PARKSHOREDRUGINC,FL,ROBERTGILLIS,3057549508,2,1063595932; 1386725356,12493; 73589
same_name_state_authorized_official_phone,PARKSHOREDRUGINC,FL,ROBERTGILLIS,9548744646,2,1285724492; 1417043100,54301; 78213
same_name_state_authorized_official_phone,PARKWAYPHARMACYSOUTHLLC,AL,TIMOTHYBARCLIFT,2565864120,2,1528835824; 1659468676,100842; 124733
same_name_state_authorized_official_phone,PARKWOODPHARMACYINC,FL,JAMESVINCENT,7278492577,5,1376638494; 1376645713; 1386695989; 1659581452; 1851461073,71611; 71650; 73494; 125068; 162620
same_name_state_authorized_official_phone,PARSHACORPORATION,NY,KUNALSHAH,7189259259,2,1346522778; 1730465055,65834; 140136
same_name_state_authorized_official_phone,PARSNEUROSURGICALASSOCIATESINC,WV,ADAMFARNSWORTH,3048653600,2,1447750112; 1659876415,85500; 125580
same_name_state_authorized_official_phone,PASSAICHEALTHCARESERVICESLLC,NY,WINTHROPHAYES,8002444660,2,1033433198; 1083982490,6795; 17037
same_name_state_authorized_official_phone,PATHEXLABSINC,CA,ARMENMARTIROSYAN,8187971803,2,1255802625; 1679032395,48931; 127710
same_name_state_authorized_official_phone,PATHOLOGYASSOCIATESLABORATORIESPC,MD,CAROLGLUSMAN,4105811200,2,1356568059; 1770575433,67805; 147330
same_name_state_authorized_official_phone,PATIENTCARESERVICESPHARMACYCONSULTINGLLC,TX,FRANKSAMA,2144402689,2,1396350666; 1780465005,74909; 148938
same_name_state_authorized_official_phone,PATRIOTPHARMACIESLLC,OK,DAVIDOROURKE,9182984153,2,1073952354; 1447783659,15095; 85568
same_name_state_authorized_official_phone,PATSPHARMACYINC,KY,JOSEPHJOHNSON,2706924950,2,1295110526; 1427141159,55180; 80507
same_name_state_authorized_official_phone,PATTENDRUGLLC,ME,JOELFITZPATRICK,2075282244,2,1053459404; 1447317821,10352; 84491
same_name_state_authorized_official_phone,PATTONMEDICALOFTHEGULFCOASTINC,MS,WILLIAMWADE,2288728685,2,1063440584; 1174521918,11972; 32692
same_name_state_authorized_official_phone,PAULKENWORTHYDMDPC,VT,PAULKENWORTHY,8028795151,2,1285012401; 1871970145,53065; 167466
same_name_state_authorized_official_phone,PAWTUXETVALLEYPRESCRIPTIONSURGICALCENTERINC,RI,MARKGILMORE,4018215000,2,1346373792; 1982737649,65496; 187972
same_name_state_authorized_official_phone,PAYLESSPHARMACYEXPRESS2INC,AL,JEFFCAMP,2563551815,2,1114950235; 1407917461,22654; 77772
same_name_state_authorized_official_phone,PAYNEREMEDIESINC,VA,JATHANPAYNE,5404336337,2,1033221940; 1235288069,6286; 44245
same_name_state_authorized_official_phone,PAYNESTLLC,TX,MUHAMMADMAAZSYED,5097682241,2,1477486058; 1649104266,90163; 122110
same_name_state_authorized_official_phone,PBJPARTNERSLLC,LA,JEFFREYGRIFFITH,5043405221,2,1124842307; 1184634131,24495; 34810
same_name_state_authorized_official_phone,PCLABSLLC,KY,RICHARDLOZANO,8592789513,2,1205835600; 1538856372,38969; 102747
same_name_state_authorized_official_phone,PDDARBYINC,PA,PAULDIBONA,6105869600,2,1497186688; 1770680613,93863; 147682
same_name_state_authorized_official_phone,PEACHTREEORTHOAPEDICCLINICPA,GA,TOLANMITCHELL,4043550743,2,1245686716; 1982464079,46876; 187301
same_name_state_authorized_official_phone,PEACHTREEORTHOPAEDICCLINIC,GA,MARIASEATON,4043550743,3,1023256914; 1154569127; 1679711618,4652; 29552; 129011
same_name_state_authorized_official_phone,PEACHTREEORTHOPAEDICCLINICPA,GA,SARANYACHIARAVALLOTI,4043550743,3,1205266004; 1215327663; 1235678483,38293; 40472; 44972
same_name_state_authorized_official_phone,PEACHTREEORTHOPAEDICCLINICPA,GA,TOLANMITCHELL,4043550743,3,1245085885; 1255107181; 1700460326,45448; 47404; 134090
same_name_state_authorized_official_phone,PEACHTREEORTHOPAEDICCLINICPC,GA,MARIASANDERS,4043550743,5,1114357910; 1770913576; 1861821027; 1861822660; 1982033155,21765; 148220; 165297; 165299; 186735
same_name_state_authorized_official_phone,PEAKCARESUPPLIESLLC,TX,UNKNOWNFATIMABEGUM,4698801339,2,1740077999; 1912713744,140946; 174670
same_name_state_authorized_official_phone,PEAKWHEELCHAIRSLLC,CO,RICHARDSALM,3036665150,2,1235301334; 1770505604,44291; 147147
same_name_state_authorized_official_phone,PEDIATRICMOBILITY,GA,TEDHYDE,4789517576,2,1467623124; 1740451855,88923; 141974
same_name_state_authorized_official_phone,PEDIATRICPRODUCTSLLC,IN,RANDYPAULSON,8887216893,2,1518088871; 1528293479,97553; 100067
same_name_state_authorized_official_phone,PEDROMANUELYZAGUIRREJR,TX,PEDROYZAGUIRRE,9565049555,2,1750436101; 1902129182,143549; 171672
same_name_state_authorized_official_phone,PEEJAYINC,FL,ERICLARSON,4078927166,2,1225256084; 1447347638,42368; 84611
same_name_state_authorized_official_phone,PEGASUSBIOLOGICSLLC,LA,JAMIETESTA,5042814408,2,1356757256; 1619375219,68180; 117105
same_name_state_authorized_official_phone,PEGASUSDMEINC,NY,JOHNAFFENITA,5166800433,2,1053087064; 1972040400,9537; 184802
same_name_state_authorized_official_phone,PEMBROKEDRUGCENTERINC,NC,TIMOTHYBROOKS,9105220009,2,1154425569; 1326028671,29146; 60790
same_name_state_authorized_official_phone,PENINSULACOMMUNITYHEALTHSERVICES,WA,JENNIFERKREIDLERMOSS,3603773776,2,1407592181; 1851101703,77121; 161816
same_name_state_authorized_official_phone,PENNSYLVANIACVSPHARMACYLLC,PA,SUSANCOLBERT,4017651500,15,1063343531; 1083903132; 1093362527; 1154833069; 1407584246; 1578094751; 1578759726; 1609126382; 1629712880; 1710325055; 1811409683; 1871328773; 1881314375; 1942836291; 1952038945,11682; 16873; 17667; 30027; 77113; 108744; 110115; 114633; 119775; 136028; 155085; 166031; 167987; 180698; 180924
same_name_state_authorized_official_phone,PENNSYLVANIASPECIALTYPATHOLOGYLLC,PA,FABIENBAKSH,7173937771,2,1205026002; 1497176770,37829; 93842
same_name_state_authorized_official_phone,PENOBSCOTCOMMUNITYHEALTHCENTER,ME,LORIDWYER,2079455247,2,1336467695; 1619396876,63889; 117141
same_name_state_authorized_official_phone,PEOPLESHOMEHEALTHCAREINC,CT,DAVIDMARRO,2032303711,3,1104831544; 1174929418; 1578606380,20216; 33867; 109579
same_name_state_authorized_official_phone,PEOPLESPHARMACYINC,FL,ANNADELVALLE,3052610777,2,1396795688; 1811937931,75596; 155889
same_name_state_authorized_official_phone,PEQUINDMEASALSAINGREDIENT,TX,CHRISTALTORRENS,2104797707,2,1003055674; 1740429315,102; 141928
same_name_state_authorized_official_phone,PERFECTFITBYMARIALLC,MD,MARIACHEEYOU,4105530275,2,1164855607; 1801206149,31831; 152575
same_name_state_authorized_official_phone,PERFORMANCEMODALITIESINC,OR,LUANAHALL,8666874463,6,1164152898; 1386213627; 1538899687; 1609446640; 1659940997; 1790326882,30414; 72709; 102795; 115096; 125680; 150772
same_name_state_authorized_official_phone,PERFORMANCEMODALITIESINC,WA,LUANAHALL,8666874463,5,1164006417; 1346907714; 1801085071; 1821433558; 1982087417,30267; 66441; 152354; 157208; 186819
same_name_state_authorized_official_phone,PERFORMANCEPAINANDSPORTSMEDICINEPLLC,TX,SUZANNEMANZI,3462171111,2,1407696362; 1710475801,77239; 136301
same_name_state_authorized_official_phone,PERRYPHARMACYENTERPRISELLC,OH,KATHERINEPERRY,9374521263,2,1194484493; 1871675678,36590; 166771
same_name_state_authorized_official_phone,PERRYPROSTHETICSINC,OH,CHRISTOPHERPERRY,4198727336,2,1457351785; 1528731064,86230; 100745
same_name_state_authorized_official_phone,PERSONRXINCORPORATED,CA,THOMASPERSON,6618314050,2,1790428167; 1851722920,150885; 163273
same_name_state_authorized_official_phone,PETALUMAHEALTHCENTERINC,CA,MOLLYJOUANEH,7075597500,3,1205629722; 1801777438; 1871386383,38758; 153366; 166086
same_name_state_authorized_official_phone,PETEDMELLC,CA,GERALDPARKS,8888590029,48,1003776352; 1003777822; 1003777830; 1023979879; 1043171895; 1083574347; 1083575807; 1124989967; 1144022161; 1215898028; 1235090044; 1235931254; 1275494072; 1306707120; 1316808140; 1346100690; 1386505105; 1396547311; 1427919257; 1477414282; 1487514899; 1508727314; 1508727322; 1518828318; 1518828367; 1528929338; 1528929346; 1588466502; 1598626343; 1609482454; 1700747532; 1770444598; 1801756150; 1801757620; 1801757646; 1811857162; 1811858640; 1821959636; 1881554129; 1891656609; 1891656641; 1902767718; 1922968270; 1932060753; 1942161799; 1952262768; 1982564241; 1982565792,1085; 1089; 1090; 5669; 7738; 15862; 15865; 24636; 26553; 41151; 43488; 45265; 51653; 58010; 60303; 64720; 73039; 75110; 81822; 90104; 92295; 96434; 96435; 98712; 98713; 100949; 100950; 111172; 113287; 115140; 134399; 147040; 153341; 153344; 153345; 155618; 155621; 157857; 168264; 170382; 170383; 172503; 177097; 177182; 179138; 181158; 187400; 187401
same_name_state_authorized_official_phone,PHAIINC,CA,IHABDOSS,7144871362,2,1821867417; 1922749159,157778; 176859
same_name_state_authorized_official_phone,PHARMA340LLC,IA,STEVENDONNELLY,7124647281,2,1063971398; 1306544150,13194; 57825
same_name_state_authorized_official_phone,PHARMABUDDIESCORP,FL,NAGESHSHAKHAMOORI,4078221121,3,1306697321; 1427377605; 1922557982,57992; 81116; 176656
same_name_state_authorized_official_phone,PHARMACAINTEGRATIVEPHARMACYINC,WA,ALISONFARRELL,4258852323,2,1013069822; 1932350303,2139; 178050
same_name_state_authorized_official_phone,PHARMACARELLC,UT,STEPHENBROWN,3855576747,2,1093685273; 1134893217,17995; 26441
same_name_state_authorized_official_phone,PHARMACARESPECIALTYINC,PR,ANGELSANTIAGO,7875923911,2,1720861412; 1881477198,138870; 168172
same_name_state_authorized_official_phone,PHARMACEUTICALLYELEGANTINC,MA,BRIANAMBREFE,7813343133,2,1356841662; 1407880008,68298; 77625
same_name_state_authorized_official_phone,PHARMACEUTICALSPECIALTIESLLC,GA,JOELWRIGHT,8008186486,2,1598872210; 1932630126,114038; 178590
same_name_state_authorized_official_phone,PHARMACORERXLLC,FL,DAVIDCABRERA,8135808040,2,1750927588; 1821727462,144606; 157652
same_name_state_authorized_official_phone,PHARMACYATBBSQUARELLC,CT,SHOSHANAKATAYEV,8606566229,2,1235077025; 1952061939,43469; 180957
same_name_state_authorized_official_phone,PHARMACYCORPORATIONOFAMERICA,FL,STEVENREED,7278467600,2,1063135572; 1659513638,11465; 124926
same_name_state_authorized_official_phone,PHARMACYFORTHEPUBLICGOODINC,NY,EDWARDULLMANN,8456880188,2,1568865897; 1598475634,108355; 113122
same_name_state_authorized_official_phone,PHARMACYINVESTMENTCOORDINATORSINC,FL,THOMASSHARPE,8502277099,2,1104587302; 1366441842,19912; 69037
same_name_state_authorized_official_phone,PHARMACYINVESTMENTCOORDINATORSINC,FL,THOMASSHARPE,8506395065,2,1063577260; 1568123776,12434; 106762
same_name_state_authorized_official_phone,PHARMACYINVESTMENTCOORDINATORSINC,FL,THOMASSHARPE,8506435454,2,1043243439; 1295496404,7990; 55705
same_name_state_authorized_official_phone,PHARMACYINVESTMENTCOORDINATORSINC,FL,THOMASSHARPE,8506538825,2,1174274005; 1720088651,32409; 137410
same_name_state_authorized_official_phone,PHARMACYOFGRACEINC,KS,MICHAELFINK,9139538260,2,1134099047; 1396498697,24746; 75075
same_name_state_authorized_official_phone,PHARMACYONEINC,FL,SHEREENABDOH,3056378311,2,1346446531; 1912935925,65700; 175072
same_name_state_authorized_official_phone,PHARMACYSHOPINC,ID,EDWARDSNELL,2082320049,2,1295897171; 1679639462,56674; 128732
same_name_state_authorized_official_phone,PHARMACYTOWNLLC,NJ,DEVTAILOR,7324935100,2,1043918725; 1790242428,9357; 150656
same_name_state_authorized_official_phone,PHARMACYVALUEINC,NJ,ADALBERTOAGUERO,2016627949,3,1205100773; 1891214482; 1922197615,37999; 169867; 175971
same_name_state_authorized_official_phone,PHARMACYXPRESSINC,AL,NATHANANTONIO,2057444480,2,1447353321; 1801941000,84641; 153871
same_name_state_authorized_official_phone,PHARMADREAMINC,WA,MICHELLEWELCH,5096483430,2,1609117944; 1902975634,114614; 173207
same_name_state_authorized_official_phone,PHARMAHERBIAINC,CA,ZIBALAED,8183486600,2,1043685928; 1811902430,9096; 155664
same_name_state_authorized_official_phone,PHARMANALLC,PA,JAMESCAPUZZI,7246269600,2,1497171227; 1770598310,93829; 147417
same_name_state_authorized_official_phone,PHARMARAHEALTHINC,TX,TABRAIZKHAN,4693017621,2,1568985034; 1639862949,108557; 121884
same_name_state_authorized_official_phone,PHARMASOURCERXINC,TX,LAURACANTU,2817622020,2,1700483112; 1811523905,134114; 155253
same_name_state_authorized_official_phone,PHARMAXINC,NC,DAVIDHESTER,9108443100,2,1043200363; 1770806549,7767; 148017
same_name_state_authorized_official_phone,PHARMAXPARTNERSINC,MO,LARRYMCINTOSH,6362394707,2,1538173976; 1639527633,101292; 121374
same_name_state_authorized_official_phone,PHARMEDLP,TX,SAEIDDAVANI,2143573303,2,1366463325; 1659541621,69155; 124975
same_name_state_authorized_official_phone,PHARMEDLP,TX,SAEIDDAVANI,4699160190,2,1568632545; 1811918873,107907; 155795
same_name_state_authorized_official_phone,PHARMEDLP,TX,SAEIDDAVANI,8175070162,2,1396750931; 1730359712,75374; 139918
same_name_state_authorized_official_phone,PHARMEDLP,TX,SAEIDDAVANI,9725480900,2,1578578118; 1710157771,109397; 135646
same_name_state_authorized_official_phone,PHARMEDQUESTPHARMACYSERVICES,CA,DALILAIBARRA,7143644008,3,1538710025; 1811549496; 1902409550,102592; 155290; 172149
same_name_state_authorized_official_phone,PHARMINGCOMPANY,NC,TARAJACKSON,9105923121,2,1710620935; 1740923960,136467; 142733
same_name_state_authorized_official_phone,PHAROSMANAGEMENTGROUP,FL,CHRISTOSDELMADOROS,7277549497,2,1275086787; 1417489865,51236; 79199
same_name_state_authorized_official_phone,PHHOLDINGSLLC,NJ,ANGELAPHIPPS,2014874100,2,1043180573; 1407726250,7743; 77270
same_name_state_authorized_official_phone,PHILADELPHIAEYEASSOCIATES,PA,ROBERTBEHAR,8004486767,2,1790375822; 1982294013,150824; 187105
same_name_state_authorized_official_phone,PHIPHNOMPHARMACYINC,CA,PHINGUYEN,5624347559,2,1346833746; 1649372053,66343; 122781
same_name_state_authorized_official_phone,PHIPPSPHARMACYINC,TN,JERRYPHIPPS,7313520820,2,1467091488; 1881750156,87806; 168818
same_name_state_authorized_official_phone,PHLEBOTOMYCAREERTRAINING,MI,NANCYKIMMEL,3138262381,2,1417381013; 1902338171,79040; 172054
same_name_state_authorized_official_phone,PHOENIXNEUROLOGYANDSLEEPMEDICINEPLLC,AZ,TROYANDERSON,6235350050,2,1003216870; 1619370707,435; 117093
same_name_state_authorized_official_phone,PHOENIXPHARMACYLLC,SC,CHADSTRAUGHAN,8542384499,2,1487523221; 1528938370,92302; 100960
same_name_state_authorized_official_phone,PHSERVICESLLC,TX,HILDAEISELE,5129866291,2,1447334289; 1972976322,84562; 186620
same_name_state_authorized_official_phone,PHURANDAINC,CA,ARAMPENARANDA,8584512611,2,1578710570; 1811085533,109979; 154365
same_name_state_authorized_official_phone,PHYSICIANSCHOICEMEDICALLLC,CO,LONNIEDORCEY,3034297300,2,1275750036; 1932324621,52523; 177994
same_name_state_authorized_official_phone,PHYSICIANSCLINICINC,IA,TODDGRAGES,7123964360,2,1497842223; 1861582017,94939; 164744
same_name_state_authorized_official_phone,PHYSICIANSCLINICINC,IA,TODDGRAGES,7125275204,3,1023105855; 1386730109; 1932342706,4197; 73614; 178032
same_name_state_authorized_official_phone,PHYSICIANSCLINICINC,NE,KERICHARRON,4023542273,2,1144090168; 1790462810,26623; 150931
same_name_state_authorized_official_phone,PHYSICIANSEASTPA,NC,BLAKELANCASTER,2524136208,2,1437505880; 1881472264,83203; 168164
same_name_state_authorized_official_phone,PHYSICIANSHOMEMEDICALEQUIPMENTINC,TX,SUSIESTEPHENSON,9798463831,2,1386722684; 1578560587,73584; 109343
same_name_state_authorized_official_phone,PHYSICIANSOFKINGSDAUGHTERSPA,TX,EDWARDMCCAFFREY,2542982682,6,1184840530; 1710103163; 1740406198; 1801012257; 1982827978; 1992921340,35581; 135541; 141873; 152176; 188216; 190353
same_name_state_authorized_official_phone,PHYSICIANSREFERENCELABORATORYLLC,KS,GREGORYKEITGES,9133384070,3,1285753434; 1548565922; 1568489524,54475; 104103; 107359
same_name_state_authorized_official_phone,PHYSICIANSREFERENCELABORATORYLLC,MO,GREGORYKEITGES,9133384070,5,1023023819; 1124350616; 1659778264; 1689005886; 1770809816,3894; 23851; 125442; 129540; 148023
same_name_state_authorized_official_phone,PHYSICIANSSPINEANDREHABSPECIALISTSOFGA,GA,ANNAARMSTRONG,4048163000,2,1083310973; 1982300877,15594; 187117
same_name_state_authorized_official_phone,PICAYUNEDRUGCOINC,MS,ANDREWFAILLA,6017984846,2,1689601957; 1922027622,130286; 175432
same_name_state_authorized_official_phone,PICAYUNEMEDICALHEALTHSUPPLIESINC,MS,ALANDOSSETT,6017982100,2,1376671537; 1689738742,71773; 130775
same_name_state_authorized_official_phone,PICHKTMCORP,FL,CHENOEUR,9045515870,2,1043626153; 1801354832,8986; 152876
same_name_state_authorized_official_phone,PIEDMONTPHARMACYLLC,NC,TONYGURLEY,9198654641,2,1154690998; 1245509082,29776; 46556
same_name_state_authorized_official_phone,PIERREWKEITGESMDPC,KS,GREGORYKEITGES,9133384070,3,1023250479; 1760624126; 1972654614,4629; 145841; 185903
same_name_state_authorized_official_phone,PIERREWKEITGESMDPC,MO,GREGORYKEITGES,9133384070,2,1740422195; 1982846341,141909; 188266
same_name_state_authorized_official_phone,PIERSONPHARMACYGROUPLLC,OH,DEVINPIERSON,9372058778,2,1003661406; 1508611005,1004; 96295
same_name_state_authorized_official_phone,PIGGLYWIGGLY1INC,SC,DAVIDSCHOOLS,8437224136,2,1578629887; 1801020870,109651; 152186
same_name_state_authorized_official_phone,PIGGLYWIGGLY55INC,SC,DAVIDSCHOOLS,8436694948,2,1235296328; 1699964221,44273; 133266
same_name_state_authorized_official_phone,PIGGLYWIGGLYHOLLYWOODINC,SC,DAVIDSCHOOLS,8438896866,2,1134453517; 1689731705,25797; 130754
same_name_state_authorized_official_phone,PIGGLYWIGGLYLAKECITYINC,SC,DAVIDSCHOOLS,8433943121,2,1366509440; 1588853519,69368; 112145
same_name_state_authorized_official_phone,PIGGLYWIGGLYLAKECITYINC,SC,SPENCERPLAYER,8433943121,2,1275729444; 1922356963,52484; 176302
same_name_state_authorized_official_phone,PIGGLYWIGGLYMTPLEASANTINC,SC,DAVIDSCHOOLS,8438491515,2,1104983287; 1164756557,20804; 31662
same_name_state_authorized_official_phone,PIGGLYWIGGLYNO41INC,SC,DAVIDSCHOOLS,8437978510,2,1134286214; 1568692994,25446; 108029
same_name_state_authorized_official_phone,PIKEVILLEMEDICALCENTERINC,KY,MICHELLEHAGY,6062183576,3,1144894213; 1164558417; 1619598901,28273; 31211; 117437
same_name_state_authorized_official_phone,PIKEVILLEMEDICALCENTERINC,KY,MICHELLEHAGY,8887625979,2,1972178135; 1982344396,184987; 187165
same_name_state_authorized_official_phone,PILLPACKLLC,CA,TANVIPATEL,8557455725,6,1104718683; 1144047424; 1366318651; 1568259414; 1962392522; 1982471728,20035; 26579; 68896; 106895; 183210; 187309
same_name_state_authorized_official_phone,PILLPACKLLC,FL,TANVIPATEL,8557455725,5,1164301776; 1255108619; 1487538997; 1699656025; 1710827571,30544; 47407; 92314; 132320; 136681
same_name_state_authorized_official_phone,PILLPACKLLC,GA,MARKSMOSNA,8557455725,2,1508702622; 1790618833,96406; 151106
same_name_state_authorized_official_phone,PILLPACKLLC,IL,TANVIPATEL,8557455725,2,1578455069; 1851121628,109162; 161835
same_name_state_authorized_official_phone,PILLPACKLLC,NC,TANVIPATEL,8557455725,2,1043102528; 1316839889,7683; 60328
same_name_state_authorized_official_phone,PILLPACKLLC,NJ,TANVIPATEL,8557455725,3,1881575215; 1891687372; 1972476521,168286; 170422; 185272
same_name_state_authorized_official_phone,PILLPACKLLC,OH,TANVIPATEL,8557455725,2,1225912686; 1659255016,43312; 124136
same_name_state_authorized_official_phone,PILLPACKLLC,SC,TANVIPATEL,8557455725,2,1851275366; 1952241713,162006; 181128
same_name_state_authorized_official_phone,PILLPACKLLC,TX,TANVIPATEL,8557455725,5,1134916075; 1477495729; 1538043997; 1558253039; 1639900517,26462; 90185; 101060; 105002; 121922
same_name_state_authorized_official_phone,PILLPACKLLC,UT,TANVIPATEL,8557455725,2,1225978919; 1558251694,43371; 104999
same_name_state_authorized_official_phone,PILLPACKLLC,VA,TANVIPATEL,8557455725,2,1639966583; 1649137100,121982; 122160
same_name_state_authorized_official_phone,PILLPACKLLC,WV,MARKSMOSNA,8557455725,3,1417894668; 1528993292; 1700719846,79613; 100992; 134367
same_name_state_authorized_official_phone,PILLS4LESSLLC,IN,OMARHASSAD,8447455748,2,1174045843; 1992229249,32124; 189009
same_name_state_authorized_official_phone,PINCKNEYVILLECOMMUNITYHOSPITAL,IL,KARACARSON,6183572187,3,1063473148; 1104089804; 1699747139,12090; 19183; 132497
same_name_state_authorized_official_phone,PINEBUSHPHARMACYINC,NY,RIAZWATTOO,8457444221,2,1083779730; 1710913447,16564; 136833
same_name_state_authorized_official_phone,PINKWATERESTHETICSLLC,TX,JOWANNAWOODS,8325863399,2,1225805591; 1891562161,43191; 170278
same_name_state_authorized_official_phone,PINNACLEINDEPENDENTRXINC,NC,RYANARMSTRONG,7049337948,2,1164806899; 1316390818,31749; 59783
same_name_state_authorized_official_phone,PINNACLEMEDICALSOLUTIONSLLC,MS,WENDYRUSSALESI,6625361025,2,1770512501; 1922285352,147166; 176145
same_name_state_authorized_official_phone,PIONEERAPCOLLC,NC,JOHNWHITE,3362857985,2,1407582729; 1942981808,77112; 180863
same_name_state_authorized_official_phone,PIONEERORTHOTICSANDPROSTHETICS,CA,DARYAAMIRSHAHROKHI,9499459606,3,1205725629; 1457220360; 1922590074,38836; 86039; 176700
same_name_state_authorized_official_phone,PITKINREXALLDRUGCOMPANY,MI,STACEYUGANSKI,2318935495,2,1295913689; 1649388000,56733; 122894
same_name_state_authorized_official_phone,PITTMANSPHARMACYINC,NC,WILLIAMPITTMAN,2527943431,2,1497760011; 1831336072,94559; 158783
same_name_state_authorized_official_phone,PITTSBORODISCOUNTDRUGINC,NC,GREGORYVASSIE,9195427283,2,1306396965; 1649363870,57674; 122748
same_name_state_authorized_official_phone,PLANNEDPARENTHOODOFARKANSASANDEASTERNOKLAHOMAINC,OK,VICTORIAPARKS,9185871101,2,1174611594; 1265484158,33062; 49934
same_name_state_authorized_official_phone,PLMEDICALSUPPLYINC,TX,NOEMIVILLARREAL,9565807577,2,1134300692; 1992800411,25499; 189923
same_name_state_authorized_official_phone,PLUMBSDRUGSTORECO,PA,JOHNLUCKOVICH,8143553225,2,1033455720; 1740348630,6829; 141580
same_name_state_authorized_official_phone,PODIATRYASSOCIATESOFOHIO,OH,NICKOLASMINNIE,5135637755,2,1245082502; 1285486563,45442; 53739
same_name_state_authorized_official_phone,PODIATRYASSOCIATESOFOHIO,OH,NICKOLASMINNIE,5136623900,2,1225880503; 1992557276,43274; 189383
same_name_state_authorized_official_phone,PODIATRYASSOCIATESOFOHIO,OH,NICKOLASMINNIE,5138448585,2,1083699094; 1164274452,16253; 30521
same_name_state_authorized_official_phone,PODIATRYASSOCIATESOFOHIO,OH,NICKOLASMINNIE,5138517700,2,1205810231; 1386496644,38917; 73029
same_name_state_authorized_official_phone,PODIATRYASSOCIATESOFOHIO,OH,STEPHENFRASCONE,5138317503,3,1477537488; 1528826211; 1841042124,90268; 100834; 159860
same_name_state_authorized_official_phone,PODIATRYINC,OH,TIFFANYPARKS,2162451290,2,1144617556; 1871980284,27922; 167481
same_name_state_authorized_official_phone,POINSETTMEDICALINC,SC,BLAINESMITH,8646311633,2,1316625601; 1821381575,60099; 157125
same_name_state_authorized_official_phone,POIRIERPHARMACYINC,MO,JOANNPOIRIER,8163245955,2,1003800780; 1700923745,1115; 134841
same_name_state_authorized_official_phone,POLYCLINICPHARMACYINC,IL,INDERJITRAKALLA,2174463784,2,1255142311; 1841270386,47445; 160316
same_name_state_authorized_official_phone,POMEROYRHOADSORTHOPEDICSPLLC,KY,DAVIDRHOADS,5023640902,2,1114509296; 1992189641,21990; 188935
same_name_state_authorized_official_phone,POMONASURGICALSUPPLYCO,CA,MARIEHELLIESEN,9096234378,2,1083873830; 1225190622,16795; 42211
same_name_state_authorized_official_phone,PONGRATZORTHOTICSPROSTHETICSINC,AZ,JOSEPHPONGRATZ,6023953354,3,1134696180; 1144797192; 1164998696,26218; 28165; 32067
same_name_state_authorized_official_phone,POPESHENOUDALLC,FL,GEORGEHANNA,7279341300,2,1679229785; 1891971198,127962; 171315
same_name_state_authorized_official_phone,PORTERVILLEPHARMACYINC,CA,JOHNMIKHAEL,5597934410,2,1184083644; 1679081442,34141; 127773
same_name_state_authorized_official_phone,POSITIVEAIR,KS,MICHAELBARNHART,7853207622,2,1154509669; 1811325830,29443; 154945
same_name_state_authorized_official_phone,POSITUDESINC,NY,VINCENTFUSARO,5168760100,2,1194759423; 1568252252,37055; 106885
same_name_state_authorized_official_phone,POTOMACCAREPHARMACYINC,MD,FADIMESEREMET,3013376430,2,1053760785; 1831846062,10986; 159665
same_name_state_authorized_official_phone,POTOMACVALLEYHOMEMEDICALINC,MD,WALEEDBEIDAS,3017226300,2,1396329579; 1871598029,74879; 166541
same_name_state_authorized_official_phone,POUYAMOHAJERMDLTD,NV,POUYAMOHAJER,7027980111,2,1851166656; 1952298853,161883; 181201
same_name_state_authorized_official_phone,POWELLDRUGSLLC,MS,WILLIAMPOWELL,6017973881,2,1396920054; 1457441941,76017; 86658
same_name_state_authorized_official_phone,POWERSPHARMACYINC,NJ,JOHNPOWER,6098934700,2,1588761415; 1669981585,111859; 127615
same_name_state_authorized_official_phone,PRACQUISITIONCORPORATION,NV,MICHAELTARVIN,7179754503,3,1730350729; 1821269812; 1922279918,139888; 156871; 176125
same_name_state_authorized_official_phone,PRAIRIELAKESHEALTHCARESYSTEMINC,SD,TONYMORRISON,6058827000,2,1285662742; 1417988064,54077; 79939
same_name_state_authorized_official_phone,PRAIRIESLEEPCENTERLLC,IL,TANYADESANTO,2175460412,2,1316598311; 1972153070,60059; 184963
same_name_state_authorized_official_phone,PRATERDRUGINC,KY,PATRICIAFRAZIER,6063493135,2,1386609972; 1780855023,73147; 149913
same_name_state_authorized_official_phone,PRATTSREXALLDRUGSINC,MO,CRAIGWILLIMANN,5732373321,2,1174622278; 1912101031,33109; 173671
same_name_state_authorized_official_phone,PRAXAIRHEALTHCARESERVICESINC,NJ,SCOTTKALTRIDER,8563224150,2,1134165087; 1699791848,25054; 132662
same_name_state_authorized_official_phone,PRAXISHEALTHPC,OR,JESSICAREAGAN,5413882333,2,1477112803; 1609435049,89769; 115088
same_name_state_authorized_official_phone,PRECISIONEQUIPMENTSLLC,CA,JOSEJIMENEZ,6265411613,2,1457281230; 1821928607,86096; 157825
same_name_state_authorized_official_phone,PRECISIONHEALTHCAREINC,TX,RIAZPOONAWALA,2815869509,2,1366492811; 1487651725,69319; 92448
same_name_state_authorized_official_phone,PRECISIONMEDICALPRODUCTS,CA,MARCREYNOLDS,9166529901,2,1649682527; 1811308497,123454; 154909
same_name_state_authorized_official_phone,PRECISIONORTHOTICPROSTHETICTECHNOLOGYINC,MA,MATTHEWHEBERT,5089915577,3,1013300391; 1508868878; 1629306352,2679; 96633; 119128
same_name_state_authorized_official_phone,PRECISIONORTHOTICSPROSTHETICSLLC,NV,BRADFORDGARDNER,7022437671,2,1609170737; 1629043047,114695; 118261
same_name_state_authorized_official_phone,PREFERREDFAMILYHEALTHCAREINC,MO,MARKCONOVER,5736031460,3,1033873369; 1538856505; 1922714724,7443; 102748; 176829
same_name_state_authorized_official_phone,PREFERREDFAMILYHEALTHCAREINC,MO,MARKCONOVER,5737778430,2,1275224412; 1679266985,51384; 128007
same_name_state_authorized_official_phone,PREFERREDORTHOTICANDPROSTHETICSERVICESINC,WA,TIMOTHYONEILL,2535721282,3,1124351580; 1629532536; 1962541912,23853; 119548; 183801
same_name_state_authorized_official_phone,PREMIERBRAINANDSPINELLC,NJ,ERICFREEMAN,5513408400,2,1114818713; 1407707896,22340; 77253
same_name_state_authorized_official_phone,PREMIERBRAINANDSPINELLC,NJ,ERICFREEMAN,6093007779,2,1740150457; 1811820772,141035; 155560
same_name_state_authorized_official_phone,PREMIERBRAINANDSPINELLC,NJ,ERICFREEMAN,6098960444,4,1104270578; 1598900730; 1902041163; 1912351388,19530; 114127; 171453; 174188
same_name_state_authorized_official_phone,PREMIERBRAINANDSPINELLC,NJ,ERICFREEMAN,7324946226,2,1588455323; 1699661348,111161; 132327
same_name_state_authorized_official_phone,PREMIERBRAINANDSPINELLC,NJ,ERICFREEMAN,7326914898,2,1093601734; 1427944156,17913; 81845
same_name_state_authorized_official_phone,PREMIERBRAINANDSPINELLC,NJ,ERICFREEMAN,7329069600,4,1295459006; 1417632399; 1427771419; 1972226181,55666; 79359; 81670; 185013
same_name_state_authorized_official_phone,PREMIERBRAINANDSPINELLC,NJ,ERICFREEMAN,8562224444,3,1275326316; 1558101212; 1811780968,51498; 104845; 155536
same_name_state_authorized_official_phone,PREMIERBRAINANDSPINELLC,NJ,ERICFREEMAN,9088139700,2,1023904729; 1902792690,5607; 172534
same_name_state_authorized_official_phone,PREMIERCOMMUNITYHEALTHCAREGROUPINC,FL,JOSEPHRESNICK,3525182000,2,1124741053; 1558138149,24417; 104893
same_name_state_authorized_official_phone,PREMIEREHEALTHCARELLC,MO,PHILLIPWILKINS,5739963784,5,1215258652; 1225359664; 1639466881; 1770929366; 1811284060,40342; 42559; 121259; 148253; 154850
same_name_state_authorized_official_phone,PREMIERHOMEMEDICALEQUIPMENTSERVICESINC,PA,WENDYRUSSALESI,6105586222,2,1366901092; 1497401954,70316; 94142
same_name_state_authorized_official_phone,PREMIERLABTESTINGLLC,TX,FATIMAKAMARA,9728412305,2,1225781552; 1225784788,43149; 43159
same_name_state_authorized_official_phone,PREMIERORTHOPAEDICANDSPORTSMEDICINEASSOCIATESLTD,PA,JEFFREYMALUMED,6104496499,2,1548589641; 1841921160,104165; 161615
same_name_state_authorized_official_phone,PREMIERORTHOPAEDICANDSPORTSMEDICINEASSOCIATESLTD,PA,JEFFREYMALUMED,6104498400,2,1033848239; 1326367830,7419; 61875
same_name_state_authorized_official_phone,PREMIERORTHOPAEDICANDSPORTSMEDICINEASSOCIATESLTD,PA,JEFFREYMALUMED,6106303211,2,1649909847; 1760119077,123766; 144792
same_name_state_authorized_official_phone,PREMIERORTHOPAEDICANDSPORTSMEDICINEASSOCIATESLTD,PA,JEFFREYMALUMED,6106446900,2,1346970787; 1740699966,66506; 142438
same_name_state_authorized_official_phone,PREMIERORTHOPAEDICANDSPORTSMEDICINEASSOCIATESLTD,PA,JEFFREYMALUMED,6106926280,2,1427788553; 1457670598,81687; 87181
same_name_state_authorized_official_phone,PREMIERORTHOPAEDICANDSPORTSMEDICINEASSOCIATESLTD,PA,JEFFREYMALUMED,6107685940,2,1104527449; 1386345627,19856; 72873
same_name_state_authorized_official_phone,PREMIERORTHOPAEDICANDSPORTSMEDICINEASSOCIATESLTD,PA,JEFFREYMALUMED,6107685945,9,1073213922; 1073214722; 1336840081; 1437850187; 1538869482; 1699475541; 1710687660; 1720788672; 1982304838,13520; 13522; 64445; 83730; 102764; 132121; 136537; 138772; 187124
same_name_state_authorized_official_phone,PREMIERORTHOPAEDICANDSPORTSMEDICINEASSOCIATESLTD,PA,JEFFREYMALUMED,6107897767,2,1326779158; 1457081309,62460; 85885
same_name_state_authorized_official_phone,PREMIERORTHOPAEDICANDSPORTSMEDICINEASSOCIATESLTD,PA,JEFFREYMALUMED,6107929292,2,1518697861; 1871224295,98572; 165929
same_name_state_authorized_official_phone,PREMIERORTHOPAEDICANDSPORTSMEDICINEASSOCIATESLTD,PA,JEFFREYMALUMED,6108760347,2,1386375251; 1679077739,72901; 127769
same_name_state_authorized_official_phone,PREMIERORTHOPAEDICSSPORTSMEDICINEPLC,TN,AMANDAFROMKIN,6158267171,2,1639582398; 1972681294,121465; 185991
same_name_state_authorized_official_phone,PREMIERORTHOPAEDICSSPORTSMEDICINEPLC,TN,AMYBENCHWICK,6153426300,2,1083078711; 1912084187,15282; 173620
same_name_state_authorized_official_phone,PREMIERPHARMACYLLC,FL,BARBARABRITO,8138737470,2,1063121663; 1508195769,11449; 95750
same_name_state_authorized_official_phone,PREMIERPHARMACYSERVICESINC,OH,JOELGAUSE,3308930290,2,1063103422; 1548767395,11436; 104449
same_name_state_authorized_official_phone,PREMIERPHYSICIANSCENTERSINC,OH,DAVIDAPPEL,2162272194,3,1104240019; 1578987376; 1922422724,19469; 110525; 176416
same_name_state_authorized_official_phone,PREMIERPHYSICIANSCENTERSINC,OH,DAVIDAPPEL,2166214060,3,1104237619; 1417318809; 1902267354,19463; 78933; 171928
same_name_state_authorized_official_phone,PREMIUMHEALTHINC,NY,JOELWRIGHT,8443706199,2,1083227235; 1598504417,15489; 113150
same_name_state_authorized_official_phone,PRESCRIPTIONCAREPHARMACY,FL,IRWINGOTTLIEB,9549853999,2,1598805285; 1811099278,113759; 154463
same_name_state_authorized_official_phone,PRESCRIPTIONCENTERLLC,AK,LEIFHOLM,9074521514,2,1083914931; 1801852769,16900; 153654
same_name_state_authorized_official_phone,PRESCRIPTIONDRUGSTORE,MO,SHANEDUDLEY,5733590008,2,1235175100; 1861645509,43819; 164929
same_name_state_authorized_official_phone,PRESCRIPTIONSBYRITAKAYINC,AL,RITAFREEMAN,2567373773,2,1124189949; 1417143009,23513; 78557
same_name_state_authorized_official_phone,PRESCRIPTIONSETCINC,WA,STEVENSINGER,4254552123,2,1205988839; 1255320933,39606; 47634
same_name_state_authorized_official_phone,PRESCRIPTIONSHOPPEINC,IA,ERICNIGHTINGALE,5638757455,2,1821524638; 1972656619,157392; 185909
same_name_state_authorized_official_phone,PRESCRIPTIONSHOPPEINC,IA,LINDANIGHTINGALE,3194623306,2,1457486409; 1831529759,86839; 159203
same_name_state_authorized_official_phone,PRESCRIPTIONSHOPPETELEPHARMACYLLC,IA,ERICNIGHTINGALE,5638633666,2,1124512223; 1982111415,24127; 186851
same_name_state_authorized_official_phone,PRESTIGEFOOTANKLECENTERLLC,OH,MACHELLEGIORDON,3305919635,2,1477978955; 1811312176,91532; 154916
same_name_state_authorized_official_phone,PREVEACLINICINC,WI,ASHOKRAI,9204964700,5,1023147154; 1144359431; 1205965332; 1396874582; 1780713339,4365; 27347; 39525; 75921; 149460
same_name_state_authorized_official_phone,PREVEACLINICINC,WI,RICHARDROLSTON,9204964700,2,1083743272; 1326177999,16458; 61481
same_name_state_authorized_official_phone,PREVEAHEALTH,WI,ASHOKRAI,9204964700,3,1063541605; 1225166853; 1730218306,12323; 42144; 139470
same_name_state_authorized_official_phone,PRIEFERTPHARMACYINC,NE,JACKPRIEFERT,4027686319,2,1629157284; 1669515474,118673; 126564
same_name_state_authorized_official_phone,PRIMECAREDRUGSURGICALSCORP,NY,ARTHURBYRD,7185136644,2,1639429046; 1720856107,121196; 138863
same_name_state_authorized_official_phone,PRIMECORESINC,MI,SUMITHRACHUNDRU,5862100861,2,1356272231; 1518890896,66790; 98748
same_name_state_authorized_official_phone,PRIMEPHARMACYINC,NJ,AOUNMUHAMMAD,7323662656,2,1356026058; 1679167340,66579; 127880
same_name_state_authorized_official_phone,PRINCESPHARMACYLLC,MI,DUMANSERGEY,3138877443,2,1063872034; 1356737035,13031; 68132
same_name_state_authorized_official_phone,PRINCESSMANES,MN,LATISHAMILLER,6124519721,2,1013736214; 1104645308,3263; 19969
same_name_state_authorized_official_phone,PRINCETONBRAINSPINELLC,NJ,MARKMCLAUGHLIN,6099219001,3,1134741010; 1285292276; 1932721826,26264; 53510; 178698
same_name_state_authorized_official_phone,PRINCETONBRAINSPINELLC,NJ,NIRAVSHAH,6099219001,2,1467244137; 1821880501,87977; 157792
same_name_state_authorized_official_phone,PRINCETONNEUROORTHOSPECIALISTS,NJ,NIRAVSHAH,6099219001,2,1285424473; 1689464877,53675; 130141
same_name_state_authorized_official_phone,PRINEHEALTHMEDICALGROUPPLLC,NY,GEORGIAHAYNES,5163655570,2,1053074658; 1790448389,9517; 150917
same_name_state_authorized_official_phone,PRISMAHEALTHMEDICALGROUPMIDLANDS,SC,KRISTILAWRENCE,8032969200,3,1255852901; 1922529668; 1992226534,48980; 176613; 188998
same_name_state_authorized_official_phone,PRISMAHEALTHMEDICALGROUPMIDLANDS,SC,KRISTILAWRENCE,8034346567,2,1235904202; 1881469856,45237; 168158
same_name_state_authorized_official_phone,PRISMAHEALTHMEDICALGROUPMIDLANDS,SC,KRISTILAWRENCE,8034346812,2,1538680004; 1992227946,102540; 189001
same_name_state_authorized_official_phone,PRNPHARMACIESLTD,IL,BRADLEDBETTER,6182525349,2,1215337266; 1528178720,40487; 99820
same_name_state_authorized_official_phone,PRO2LLC,NY,PETERTALLAS,7166679600,2,1619590940; 1659444842,117423; 124661
same_name_state_authorized_official_phone,PRO2LLC,NY,PETERTALLAS,7169232727,3,1275103657; 1457024408; 1750951125,51256; 85831; 144640
same_name_state_authorized_official_phone,PROCAIRINC,NY,JOSHMARX,4407353253,2,1437458395; 1609175561,83100; 114707
same_name_state_authorized_official_phone,PROCAREHEALINGCENTERSLLP,OK,GAILDEVILLIERS,4056080350,2,1013292267; 1457450462,2663; 86685
same_name_state_authorized_official_phone,PROCAREORTHOPEDICSINC,FL,NAJMUSFARUQUI,7542131646,3,1003621749; 1508597253; 1992510648,957; 96283; 189332
same_name_state_authorized_official_phone,PROCAREPHARMACYCARELLC,FL,ANAMOLINA,8006620586,2,1336003318; 1457168668,62698; 85991
same_name_state_authorized_official_phone,PRODIGALPRIMARYCAREPC,TN,DAVIDBRICKHOUSE,8652883754,2,1306196530; 1881033959,57350; 167586
same_name_state_authorized_official_phone,PROFESSIONALARTSPHARMACYLLC,TN,SAMUELPACE,7319685474,2,1154402667; 1407576606,29029; 77107
same_name_state_authorized_official_phone,PROFESSIONALCLINICALLABORATORYINC,TX,HOLLYSHIELDS,8667765221,5,1235109075; 1255672176; 1437344546; 1770553182; 1992786743,43522; 48693; 82882; 147297; 189891
same_name_state_authorized_official_phone,PROFESSIONALORTHOPEDICSYSTEMSOFSACRAMENTOLLC,CA,KIMTABLADA,9163313537,2,1164013561; 1821083163,30275; 156349
same_name_state_authorized_official_phone,PROFESSIONALPATHOLOGYSERVICESPC,SC,BRADLEYMARCUS,8032521913,2,1093974834; 1184883910,18956; 35665
same_name_state_authorized_official_phone,PROFESSIONALPHARMACYINC,AL,GEORGEBUSBY,2513003003,2,1265668289; 1306072160,50506; 57081
same_name_state_authorized_official_phone,PROFESSIONALPHARMACYINC,MS,KARENSMITH,6018762487,2,1245382811; 1568513711,46271; 107482
same_name_state_authorized_official_phone,PROFESSIONALPHARMACYINC,WY,RODWAECKERLIN,3073265129,2,1316087299; 1992340475,59157; 189162
same_name_state_authorized_official_phone,PROFESSIONALPHARMACYLLC,AK,LEIFHOLM,9074522556,2,1205146859; 1841201415,38077; 160003
same_name_state_authorized_official_phone,PROFESSIONALPHARMACYOFGREERINC,SC,CHARLESWALL,8648773386,2,1689756777; 1912126707,130842; 173706
same_name_state_authorized_official_phone,PROFESSIONALPHARMACYOFMARIONINC,SC,THOMASFULLER,8434231882,2,1164628533; 1912095068,31394; 173653
same_name_state_authorized_official_phone,PROFESSIONALPHARMACYSERVICESINC,SC,JONATHANSTURGEON,8436654051,3,1598758955; 1639747892; 1801862362,113494; 121742; 153670
same_name_state_authorized_official_phone,PROFESSIONALRENTALCORP,PR,OSVALDOSANDOVAL,7877634475,2,1407003775; 1497978894,76186; 95327
same_name_state_authorized_official_phone,PROFESSIONALVILLAGEPHARMACYINC,CA,JOHNRICHARDS,9164833455,2,1427145309; 1639262256,80530; 120741
same_name_state_authorized_official_phone,PROGRESSIVEMEDICALINDUSTRIESINC,CA,LENORECOLEMAN,3106747528,2,1629240890; 1801831474,118980; 153583
same_name_state_authorized_official_phone,PROJECTVIDAHEALTHCENTER,TX,TIMOTHYDAVENPORTHERBST,9154651191,2,1699594481; 1841117140,132241; 159923
same_name_state_authorized_official_phone,PRONTOMEDINC,FL,ALPESHPATEL,9545666151,2,1316182538; 1740554724,59353; 142186
same_name_state_authorized_official_phone,PROPPDRUGSINC,SC,WILLIAMPROPP,8642268383,2,1154400752; 1215131768,29026; 40076
same_name_state_authorized_official_phone,PROPSTDISCOUNTDRUGSINC,AL,DARDENHERITAGE,2565397443,2,1295713022; 1396723128,55920; 75283
same_name_state_authorized_official_phone,PROREHABINC,IN,PATRICKWEMPE,8128821141,3,1386458826; 1558536383; 1841014933,73001; 105841; 159834
same_name_state_authorized_official_phone,PROSPERITYMEDICALANDHEALTHSYSTEMLLC,MD,MATHIASBAMA,3014833333,2,1053008755; 1356082440,9442; 66629
same_name_state_authorized_official_phone,PROSTDATAINC,CA,TANYAFEINBERG,6158740410,2,1386873693; 1881983336,74051; 169429
same_name_state_authorized_official_phone,PROSTHETICCAREINC,SC,SHERYLPRICE,8643702010,2,1417951930; 1699967604,79733; 133271
same_name_state_authorized_official_phone,PROSTHETICCARELLC,GA,PALLAVINEMANI,7702715581,6,1306306261; 1316325657; 1477812055; 1497945455; 1528651221; 1891796785,57532; 59654; 91218; 95276; 100645; 170789
same_name_state_authorized_official_phone,PROSTHETICDESIGNINC,MO,MARKWILSON,3145355359,2,1689672750; 1982392510,130484; 187231
same_name_state_authorized_official_phone,PROSTHETICLABORATORIESOFROCHESTERINC,MN,SHERYLPRICE,5072891512,2,1295124865; 1811988652,55195; 155990
same_name_state_authorized_official_phone,PROSTHETICONE,TX,MARCUSBAKER,6823235921,2,1255841482; 1891232617,48965; 169904
same_name_state_authorized_official_phone,PROSTHETICORTHOTICMANAGEMENTINC,CA,RUSSELLMOLINA,7603454779,2,1366855124; 1932890837,70234; 178873
same_name_state_authorized_official_phone,PROTHOTICSTECHNOLOGYINC,NJ,JOHNAFFENITA,8777768400,2,1093193765; 1619356227,17425; 117069
same_name_state_authorized_official_phone,PROVIDACAREMEDICALSUPPLYLTD,TX,RYANBENNETT,2547782727,2,1043326481; 1316243728,8310; 59489
same_name_state_authorized_official_phone,PROVIDENCEHEALTHSERVICESOREGON,OR,DONALDANDERSON,5032154663,2,1518425693; 1831289826,98218; 158642
same_name_state_authorized_official_phone,PROVISTASERVICESINC,NY,SALMANRIAZ,7184013900,2,1164805164; 1477715654,31747; 91028
same_name_state_authorized_official_phone,PRXPOFNEWYORKLLC,NY,CHRISWAKEFIELD,2127241950,2,1306685375; 1508249806,57980; 95824
same_name_state_authorized_official_phone,PSCINC,TX,CRAIGHAMELINK,9723720280,2,1346275294; 1467622613,65096; 88921
same_name_state_authorized_official_phone,PSCMEDICALSUPPLYGROUPINC,NY,PEDROSEVERINO,7183226600,2,1205981685; 1891703179,39578; 170486
same_name_state_authorized_official_phone,PTMDCONSULTANTSPLLC,AR,SAMEERJAIN,5015530000,2,1053132621; 1952122525,9583; 181021
same_name_state_authorized_official_phone,PUBLICHEALTHTRUSTOFMIAMIDADECOUNTYFLORIDA,FL,MARKKNIGHT,3055855261,4,1487300976; 1700534641; 1831847797; 1952059800,92055; 134175; 159669; 180956
same_name_state_authorized_official_phone,PUBLIXALABAMALLC,AL,CATHERINESCANLON,3345396093,2,1467182188; 1598496275,87908; 113140
same_name_state_authorized_official_phone,PUBLIXALABAMALLC,AL,CATHERINESCANLON,8636881188,5,1083455216; 1265294474; 1437807328; 1649117680; 1932856804,15743; 49481; 83673; 122129; 178838
same_name_state_authorized_official_phone,PUBLIXNORTHCAROLINALP,NC,CATHERINESCANLON,8636881188,5,1225973381; 1568919124; 1639007446; 1831812833; 1972430049,43367; 108453; 120096; 159621; 185205
same_name_state_authorized_official_phone,PUBLIXSUPERMARKETSINC,FL,CATHERINESCANLON,8636881188,22,1003559287; 1053001511; 1104911072; 1104961200; 1164896296; 1316880800; 1346998234; 1477499739; 1487131553; 1639016504; 1639606387; 1710426705; 1730016361; 1730558586; 1750822664; 1811834005; 1831847730; 1861047375; 1861979932; 1881493633; 1902549181; 1922535673,887; 9437; 20533; 20749; 31902; 60350; 66549; 90192; 91811; 120107; 121505; 136231; 138993; 140312; 144461; 155582; 159668; 163739; 165600; 168191; 172305; 176622
same_name_state_authorized_official_phone,PUBLIXSUPERMARKETSINC,FL,DAINRUSK,8636881188,3,1013052117; 1316607591; 1942941893,2092; 60074; 180809
same_name_state_authorized_official_phone,PUBLIXSUPERMARKETSINC,GA,CATHERINESCANLON,8636881188,8,1033042411; 1124505458; 1144747023; 1194468371; 1194658476; 1346959756; 1376231480; 1851223556,5699; 24119; 28108; 36572; 36753; 66487; 70814; 161932
same_name_state_authorized_official_phone,PUBLIXSUPERMARKETSINC,KY,CATHERINESCANLON,8636881188,2,1235074394; 1295684298,43464; 55882
same_name_state_authorized_official_phone,PUBLIXSUPERMARKETSINC,SC,CATHERINESCANLON,8636881188,7,1013571314; 1053912444; 1063102572; 1205313517; 1255860243; 1649102344; 1770239154,3074; 11224; 11435; 38374; 49011; 122106; 146830
same_name_state_authorized_official_phone,PULASKIMEMORIALHOSPITAL,IN,GREGGMALOTT,5749462108,2,1245952480; 1356062962,47205; 66602
same_name_state_authorized_official_phone,PULLIUMCREEKINC,TX,DAVIDSCHATZ,9725628700,2,1285968925; 1386874592,54911; 74053
same_name_state_authorized_official_phone,PULMOCARERESPIRATORYSERVICESINC,CA,BRUCEGINGLES,9097775000,2,1093761611; 1811245020,18345; 154781
same_name_state_authorized_official_phone,PULMONARYANDSLEEPASSOCIATES,KS,MARIANNEBAUMCHEN,7852345480,2,1750478798; 1861589731,143690; 164775
same_name_state_authorized_official_phone,PULMONARYSOLUTIONSLLC,CA,NAJEECOLEMAN,8772908636,2,1699726984; 1922275585,132452; 176107
same_name_state_authorized_official_phone,PUNGORIVERPHARMACYINC,NC,SCOTTELLIS,2529432585,2,1396882973; 1588795488,75936; 112014
same_name_state_authorized_official_phone,PUREPHARMACYLLC,FL,MISHALALSABBAGH,3055321300,2,1144965989; 1215238928,28336; 40301
same_name_state_authorized_official_phone,PURETESTDIAGNOSTICSLABLLC,CO,SHAHZAIBAWAIZ,2672328951,2,1609742535; 1659240430,115427; 124114
same_name_state_authorized_official_phone,QPHARMACYINC,TX,CARLOSTAMI,2104894931,3,1073767794; 1285802546; 1669649786,14726; 54585; 127057
same_name_state_authorized_official_phone,QUADRANTLABORATORIESLLC,NY,BRYANGREENE,3152340030,2,1548835911; 1841865219,104559; 161543
same_name_state_authorized_official_phone,QUALITYASSUREDSERVICESINC,FL,RYANLAKIN,8666837331,2,1043209877; 1154462026,7785; 29275
same_name_state_authorized_official_phone,QUALITYDMEINC,VA,MICHAELAUSTIN,7032889131,5,1073291001; 1518716471; 1558110643; 1609686807; 1821267196,13614; 98589; 104857; 115345; 156861
same_name_state_authorized_official_phone,QUALITYHEALTHCAREEQUIPMENTINC,IL,BARBARABISHOV,8476403944,2,1386639409; 1891941225,73194; 171251
same_name_state_authorized_official_phone,QUALITYHOMECAREINC,SC,ROGERBLACKWELL,8646769141,2,1457552978; 1679523179,87001; 128338
same_name_state_authorized_official_phone,QUALITYIMAGINGDIAGNOSTICSINC,CA,MARINAKOKUASHVILI,3236585830,2,1295884831; 1588714745,56620; 111705
same_name_state_authorized_official_phone,QUALITYLIFEPRODUCTSLLC,IA,DENNISFREVERT,3193770608,2,1033295779; 1154418317,6522; 29081
same_name_state_authorized_official_phone,QUALITYMINTMEDICALLLC,IN,UNKNOWNNAZEERAHMEDSHARJEEL,6019073796,2,1093659591; 1396689261,17964; 75232
same_name_state_authorized_official_phone,QUALITYOFLIFECOMPANY,UT,WILLIAMFINNEY,8015611100,2,1265626634; 1508059874,50426; 95512
same_name_state_authorized_official_phone,QUALITYRESPIRATORYINC,AL,TIMMIXON,2519475593,2,1134238868; 1487789244,25332; 93078
same_name_state_authorized_official_phone,QUALIUMCORP,CA,ANOOSHMOSTOWFI,8668876673,2,1265431803; 1801940085,49643; 153868
same_name_state_authorized_official_phone,QUANTUMMEDICALINC,OK,SAMGHOSN,5802480808,2,1679686737; 1801961743,128958; 153943
same_name_state_authorized_official_phone,QUANTUMPROSTHETICSORTHOTICSLLC,IL,VIKRAMCHOUDHARY,3123004472,2,1174477806; 1235730250,32617; 45045
same_name_state_authorized_official_phone,QUEENSPHARMACYCORP,NY,IFTIKHARKHAN,7189343838,2,1235084468; 1780771980,43481; 149639
same_name_state_authorized_official_phone,QUESTDIAGNOSTICSCLINICALLABORATORIESINC,AL,CHARLESBOWLES,2053872113,2,1407414345; 1912405721,76919; 174276
same_name_state_authorized_official_phone,QUESTDIAGNOSTICSCLINICALLABORATORIESINC,CO,CHARLESBOWLES,3039630566,2,1013418441; 1164054896,2872; 30327
same_name_state_authorized_official_phone,QUESTDIAGNOSTICSCLINICALLABORATORIESINC,FL,CHARLESBOWLES,8666978378,2,1578010161; 1902824964,108612; 172699
same_name_state_authorized_official_phone,QUESTDIAGNOSTICSCLINICALLABORATORIESINC,LA,LEAHTIMMERMAN,8666978378,3,1023661634; 1760277545; 1942853551,5357; 144963; 180719
same_name_state_authorized_official_phone,QUESTDIAGNOSTICSCLINICALLABORATORIESINC,NC,CHARLESBOWLES,9193591011,2,1033863386; 1295489441,7430; 55700
same_name_state_authorized_official_phone,QUESTDIAGNOSTICSCLINICALLABORATORIESINC,TX,LEAHTIMMERMAN,9562477000,2,1770373417; 1790575421,146960; 151057
same_name_state_authorized_official_phone,QUESTDIAGNOSTICSCLINICALLABORATORIESINC,TX,LEAHTIMMERMAN,9729163577,5,1063237873; 1356166169; 1841015658; 1871475350; 1912722729,11584; 66716; 159836; 166188; 174681
same_name_state_authorized_official_phone,QUESTDIAGNOSTICSCLINICALLABORATORIESINC,VA,CHARLESBOWLES,5404896487,2,1659939577; 1801455514,125678; 153012
same_name_state_authorized_official_phone,QUESTDIAGNOSTICSCLINICALLABORATORIESINC,VA,CHARLESBOWLES,5409216860,2,1760040653; 1932767837,144723; 178746
same_name_state_authorized_official_phone,QUESTDIAGNOSTICSINCORPORATED,NH,GERALDCARTIER,6175478900,2,1265450985; 1538189725,49757; 101443
same_name_state_authorized_official_phone,QUESTDIAGNOSTICSLLC,CT,CHARLESBOWLES,2039491260,3,1144423567; 1194743724; 1376745984,27551; 36977; 71957
same_name_state_authorized_official_phone,QUESTDIAGNOSTICSLLC,CT,CHARLESBOWLES,8778682191,9,1093917544; 1255533808; 1497957039; 1548462070; 1639371230; 1790987261; 1831391473; 1932301587; 1972521920,18829; 48444; 95302; 103935; 121094; 152124; 158917; 177956; 185453
same_name_state_authorized_official_phone,QUESTDIAGNOSTICSLLC,IL,CHARLESBOWLES,8666978378,3,1912788506; 1962283655; 1992586606,174745; 183093; 189408
same_name_state_authorized_official_phone,QUESTDIAGNOSTICSLLC,MA,LEAHTIMMERMAN,4012307317,2,1225887615; 1881433605,43285; 168105
same_name_state_authorized_official_phone,QUESTDIAGNOSTICSLLCIL,IA,CHARLESBOWLES,8666978378,2,1235910936; 1750162467,45240; 142968
same_name_state_authorized_official_phone,QUESTDIAGNOSTICSMASSACHUSETTSLLC,MA,DAVIDBETZ,5088520600,2,1104844158; 1619313863,20313; 116988
same_name_state_authorized_official_phone,QUESTDIAGNOSTICSOFPUERTORICOINC,PR,OMAYRAESPINOSA,7874742900,4,1033867593; 1366229684; 1376136069; 1598379190,7439; 68786; 70687; 113020
same_name_state_authorized_official_phone,QUICKMARTPHARMACYCONVENIENCELLC,NJ,ALOKPATEL,7327457222,2,1073165403; 1366577405,13466; 69653
same_name_state_authorized_official_phone,QUIKSCRIPTSLLC,IN,DAVIDDAVILA,2199249540,2,1306124136; 1851791529,57196; 163384
same_name_state_authorized_official_phone,QUINCYPHYSICIANSSURGEONSCLINICPLLC,IL,PATTYWOERMAN,2172226550,3,1417921560; 1487307435; 1770614570,79670; 92069; 147471
same_name_state_authorized_official_phone,RACASSOCIATESINC,CA,TERRYRACCIATO,8586945800,2,1114551843; 1922046085,22036; 175530
same_name_state_authorized_official_phone,RACCMEDICALASSOCIATESLLC,IN,DANIELROTH,2607483650,2,1013676840; 1912666744,3202; 174645
same_name_state_authorized_official_phone,RACELANDSEXPRESSLLC,LA,VINCENTBUI,9855373303,2,1164704102; 1962784991,31553; 184376
same_name_state_authorized_official_phone,RADIANCETECHLLC,IL,NAHEEDMIR,8474544975,2,1659168029; 1851188726,124034; 161907
same_name_state_authorized_official_phone,RAINAPHARMACYLLC,NY,ABHISHEKPATEL,5852893002,2,1407248503; 1629471065,76647; 119449
same_name_state_authorized_official_phone,RAKESHRANJANMDASSOCINC,OH,CHRISTINEKELLY,2165876727,2,1033143722; 1215892096,6006; 41142
same_name_state_authorized_official_phone,RALEIGHORTHOPAEDICCLINICPA,NC,BRIANBIZUB,9197815600,4,1205943073; 1528151636; 1700993565; 1972610756,39447; 99666; 135126; 185776
same_name_state_authorized_official_phone,RAMIINC,CA,TAIBUI,2134838741,2,1083774350; 1316112857,16546; 59214
same_name_state_authorized_official_phone,RAMILRXINC,FL,RAYMONDRAMSAY,9545339792,3,1174880207; 1235373945; 1942657432,33772; 44438; 180416
same_name_state_authorized_official_phone,RANDALLSFOODDRUGSLP,TX,KATHYGIANNAKOPOULOS,2083956200,2,1497502272; 1730052747,94254; 139048
same_name_state_authorized_official_phone,RANDALLSFOODDRUGSLP,TX,TIFFANYELIOPULOS,7132683861,2,1750830550; 1912459025,144473; 174380
same_name_state_authorized_official_phone,RANDYSHOUSEOFMEDICINE,MS,DIANEWYATT,6017856812,2,1689708133; 1780714386,130687; 149462
same_name_state_authorized_official_phone,RASMUSSENVILLAGEPHARMACYINC,WI,DAVIDWILLINK,7156842674,2,1609832500; 1962849315,115578; 184494
same_name_state_authorized_official_phone,RAVPHARMALLC,FL,ASHISHKAPOOR,9045150929,3,1467140251; 1689382384; 1730678996,87864; 130027; 140528
same_name_state_authorized_official_phone,RAYMONDABRICKHOUSEDPMLLC,MO,RAYMONDBRICKHOUSE,3143811800,2,1609624147; 1780432229,115282; 148893
same_name_state_authorized_official_phone,RAYMONDHERNANDEZJR,TX,RAYMONDHERNANDEZ,2106141212,2,1851558134; 1902297021,162928; 171978
same_name_state_authorized_official_phone,RAYSPHARMACYINC,KS,DORISTEBOW,7857543312,2,1063469294; 1689615353,12083; 130359
same_name_state_authorized_official_phone,RBESTSERVICESINC,FL,ROBERTORODRIGUEZ,3052451008,2,1083643191; 1609964576,16112; 116024
same_name_state_authorized_official_phone,RDRUGSETCINC,NY,OMENIHUOLUIKPE,5852623760,2,1144332214; 1285739631,27261; 54409
same_name_state_authorized_official_phone,READINGHOSPITAL,PA,CHARLESVALENTINO,4846282597,2,1467382978; 1548190069,88107; 103057
same_name_state_authorized_official_phone,READINGHOSPITAL,PA,ROBERTEHINGER,4846287426,2,1053027532; 1982496378,9462; 187342
same_name_state_authorized_official_phone,READSPHARMACYLLC,OH,JEFFERYREAD,7405871979,2,1033430723; 1730494030,6792; 140194
same_name_state_authorized_official_phone,REALDRUGSINC,IL,ELLIOTTROCK,3129293009,2,1235183880; 1407487267,43855; 76997
same_name_state_authorized_official_phone,REALODISCOUNTDRUGSTORESOFEASTERNNORTHCAROLINAINC,NC,ROBERTMCLAUGHLIN,2526399006,2,1528211026; 1619347812,99892; 117048
same_name_state_authorized_official_phone,REALODISCOUNTDRUGSTORESOFPINKHILLINC,NC,MICHAELWIGGINS,2525683161,2,1164672093; 1184722068,31479; 35199
same_name_state_authorized_official_phone,RECONSTRUCTIVEFOOTANKLESPECIALISTSLLC,IN,JONATHANNORTON,2604327600,2,1215138268; 1285769372,40094; 54498
same_name_state_authorized_official_phone,RECONSTRUCTIVEORTHOPAEDICASSOCIATESIIPC,PA,MICHAELWEST,2673393500,2,1114449527; 1598108490,21932; 112607
same_name_state_authorized_official_phone,RECONSTRUCTIVEORTHOPAEDICASSOCIATESIIPC,PA,MICHAELWEST,8003219999,5,1245626985; 1306231030; 1558710756; 1649508573; 1679807432,46776; 57411; 106171; 123171; 129216
same_name_state_authorized_official_phone,RECONSTRUCTIVEORTHOPAEDICASSOCIATESIIPC,PA,MIKEWEST,2158308700,3,1063887321; 1235504598; 1316312671,13062; 44677; 59629
same_name_state_authorized_official_phone,RECOVERCARELLC,AL,MARYZAPPONE,8887507828,2,1114171964; 1508010166,21401; 95397
same_name_state_authorized_official_phone,RECOVERCARELLC,CO,MARYZAPPONE,8887507828,2,1225298813; 1629222476,42448; 118939
same_name_state_authorized_official_phone,RECOVERCARELLC,FL,MARYZAPPONE,9417555869,2,1205080066; 1528212388,37946; 99895
same_name_state_authorized_official_phone,RECOVERYCARELLC,WV,HEATHERROSEN,3047907467,2,1033885520; 1730777178,7456; 140647
same_name_state_authorized_official_phone,RECOVERYHOMEHEALTHCARESYSTEMSINC,TX,ARTUROGONZALEZ,9564889949,2,1467660639; 1841408119,89008; 160770
same_name_state_authorized_official_phone,REDCAPPHARMACY002LLC,IL,MIKESHEHADI,3137370691,2,1609317759; 1790226843,114921; 150635
same_name_state_authorized_official_phone,REDDIENTERPRISESINC,WA,ANDERSONJOLLY,4252516335,2,1386195048; 1801817861,72684; 153518
same_name_state_authorized_official_phone,REDDYSPHARMACYINC,NY,ANUGUREDDY,7185280505,2,1447237144; 1487909123,84143; 93366
same_name_state_authorized_official_phone,REDMONTPHARMACY,AL,JAMESWEEKS,2563569000,2,1265583256; 1518057041,50309; 97399
same_name_state_authorized_official_phone,REDRIVERPHARMACYSERVICESINC,TX,DAVIDBOUDREAUX,9037927435,2,1194093401; 1922383835,36067; 176349
same_name_state_authorized_official_phone,REEDSBURGAREAMEDICALCENTER,WI,ROBERTVANMEETEREN,6085246487,2,1144255076; 1952568180,26982; 182063
same_name_state_authorized_official_phone,REEDSBURGAREAMEDICALCENTERINC,WI,ROBERTVANMEETEREN,6085246177,2,1396857215; 1407706708,75868; 77252
same_name_state_authorized_official_phone,REFOCUSEYEHEALTHOFRILLC,RI,GUARAVGUPTA,4012722020,2,1225736747; 1922706456,43106; 176820
same_name_state_authorized_official_phone,REGALMEDICALSERVICESLTD,VA,DAVIDSCHUETTE,5405869636,2,1457455537; 1942210273,86748; 179207
same_name_state_authorized_official_phone,REGENCYPHARMACYINC,TX,NKECHIUKOMADU,7138000308,2,1487499364; 1699595785,92271; 132244
same_name_state_authorized_official_phone,REGENERATIVEORTHOPEDICCENTERLLC,OR,AMANDAKOENIG,5036560836,2,1124891635; 1669245171,24540; 126025
same_name_state_authorized_official_phone,REGENTSUNIVOFCALIFLOSANGELES,CA,PAULSTATON,3102679308,2,1780818765; 1861790990,149840; 165231
same_name_state_authorized_official_phone,REGENTSUNIVOFCALIFLOSANGELES,CA,TAMMYWALLACE,3107941176,2,1275633224; 1639898414,52157; 121920
same_name_state_authorized_official_phone,REGIONALHEALTHNETWORKINC,SD,RICHARDGIESEL,6056444000,2,1528114543; 1912072224,99546; 173585
same_name_state_authorized_official_phone,REGIONALHOMECAREINC,CT,JEREMYBROCKMANN,9788400113,2,1376017343; 1912723495,70502; 174682
same_name_state_authorized_official_phone,REGIONALHOMECAREINC,MA,CABOTCARABOTT,9788400113,2,1396851184; 1528609765,75838; 100607
same_name_state_authorized_official_phone,REGIONALHOMECAREINC,MA,JEREMYBROCKMANN,9788400113,5,1124652854; 1194229955; 1255867339; 1609427459; 1669023412,24324; 36265; 49019; 115079; 125787
same_name_state_authorized_official_phone,REGIONALHOMECAREINC,ME,JEREMYBROCKMANN,2071234567,2,1104222314; 1669878872,19430; 127474
same_name_state_authorized_official_phone,REGIONALHOMECAREINC,ME,JEREMYBROCKMANN,2078720500,2,1336563196; 1518325125,64103; 98025
same_name_state_authorized_official_phone,REGIONALHOMECAREINC,ME,JEREMYBROCKMANN,9788400113,4,1134655210; 1669023040; 1669298477; 1720880800,26148; 125786; 126072; 138885
same_name_state_authorized_official_phone,REGIONALHOMECAREINC,VT,JEREMYBROCKMANN,9788400113,3,1134693104; 1437792058; 1730683566,26213; 83654; 140535
same_name_state_authorized_official_phone,REGIONALWESTMEDICALCENTER,NE,NEDRESCH,3086301900,2,1619047099; 1710033121,116342; 135242
same_name_state_authorized_official_phone,REHABENGINEERINGLLC,FL,JEFFREYFREDRICK,8506563599,2,1194972158; 1932380409,37687; 178129
same_name_state_authorized_official_phone,REHABENGINEERINGLLC,GA,JEFFREYFREDRICK,8778156557,2,1043350481; 1356598478,8366; 67875
same_name_state_authorized_official_phone,REHABILITATIONINSTITUTEOFINDIANAPOLISINC,IN,JAMESGOFF,3179244505,2,1629705553; 1982331849,119766; 187151
same_name_state_authorized_official_phone,REHABINMOTIONINC,TX,SANDYCORMIER,2106961084,3,1245283522; 1386697654; 1841289717,45909; 73498; 160356
same_name_state_authorized_official_phone,REHABMEDICALLLC,FL,KEVINGEARHEART,3174366178,3,1104605922; 1124695853; 1922675651,19929; 24370; 176787
same_name_state_authorized_official_phone,REHABMEDICALLLC,FL,KEVINGEARHEART,8507916399,2,1033931894; 1497166920,7495; 93821
same_name_state_authorized_official_phone,REHABMEDICALLLC,IN,KEVINGEARHEART,3175592683,2,1770108169; 1891590592,146674; 170313
same_name_state_authorized_official_phone,REHABMEDICALLLC,OH,KEVINGEARHEART,8778130205,2,1003521949; 1457058836,842; 85860
same_name_state_authorized_official_phone,REHABMEDICALLLC,TX,KEVINGEARHEART,3175592034,2,1619714755; 1811767569,117556; 155517
same_name_state_authorized_official_phone,REHABPRODUCTSINC,ND,PAMELAJOHNSON,7012654927,2,1366523482; 1689722308,69426; 130721
same_name_state_authorized_official_phone,REISZPHARMACEUTICALSVITALCAREINC,KY,EREISZ,2706837379,5,1164432126; 1538272968; 1780797662; 1801807045; 1972616308,30717; 101762; 149796; 153444; 185817
same_name_state_authorized_official_phone,RELIABLEMEDICALSUPPLYLLC,MN,KILEYRUSSELL,5072183880,2,1134542673; 1558912303,25958; 106500
same_name_state_authorized_official_phone,RELIABLEMOBILELABSINC,OR,JERRYSLAUGHTER,8444875227,2,1164828430; 1790181055,31781; 150551
same_name_state_authorized_official_phone,RELIABLERESPIRATORYINC,MA,MICHAELFALKSON,7815513335,11,1215888086; 1235080011; 1245123595; 1346191129; 1568313344; 1588557847; 1710511902; 1710870068; 1861385114; 1881545655; 1962426122,41139; 43473; 45488; 64796; 106951; 111261; 136345; 136730; 164105; 168249; 183363
same_name_state_authorized_official_phone,RELIABLERESPIRATORYINC,NH,MICHAELFALKSON,7815513335,2,1184129322; 1376494153,34203; 71062
same_name_state_authorized_official_phone,RELIABLERESPIRATORYINC,VT,MICHAELFALKSON,7815513335,2,1477830545; 1770042632,91244; 146587
same_name_state_authorized_official_phone,RELIANTSCIENTIFIC,GA,AWADHMOHAMMED,4702321038,2,1013892678; 1518555069,3419; 98404
same_name_state_authorized_official_phone,REMCOMEDICALINC,IL,GEORGEBLOCK,8157444600,2,1710177175; 1841241858,135717; 160256
same_name_state_authorized_official_phone,REMMEDICALEQUIPMENTLLC,AZ,PAULVALENTINE,4809910480,2,1417909227; 1790812931,79648; 151569
same_name_state_authorized_official_phone,RENOWNREGIONALMEDICALCENTER,NV,ADAMPORATH,7759825280,2,1609704360; 1871195347,115376; 165882
same_name_state_authorized_official_phone,RESPICAREDMEINC,NC,KELLIHOMESLEY,9193887852,2,1386463248; 1770306649,73003; 146897
same_name_state_authorized_official_phone,RESPIRATORYCAREOFAMERICAINC,CA,MICHAELYEDIDSION,3104747200,2,1184020976; 1730408972,34025; 140035
same_name_state_authorized_official_phone,RESPIRATORYCAREPLUS,CA,BALJINDERRIAR,5592520100,2,1033201249; 1265148175,6157; 49334
same_name_state_authorized_official_phone,RESPIRATORYID,TX,DARVISHARVEY,5049576784,2,1285460386; 1912766569,53716; 174724
same_name_state_authorized_official_phone,RESPIRATORYPHARMACEUTICALSINC,FL,WILLIAMGRODSKI,4078577121,2,1003977208; 1033272026,1762; 6427
same_name_state_authorized_official_phone,RESPIRATORYSERVICESOFNORTHWESTFLORIDAINC,FL,NANCYENFINGER,8506895499,2,1336141589; 1831379056,62876; 158885
same_name_state_authorized_official_phone,RESPITECMEDICALCAREEQUIPMENTINC,FL,GISSELLEWOLF,4078342266,2,1053559344; 1811936222,10586; 155882
same_name_state_authorized_official_phone,RESTORATIVEPROSTHETICSORTHOTICSLLC,AL,EDMONDRESTIVO,2516546012,2,1215374384; 1285020008,40557; 53082
same_name_state_authorized_official_phone,RESTOREHEALTHSUPPLIESLLC,VA,RAVILNU,6019073796,2,1568392157; 1619806593,107025; 117666
same_name_state_authorized_official_phone,RESURRECTIONMEDICALCENTERCHICAGOLLC,IL,CHRISTOPHERDOAN,7737925030,2,1386438554; 1871514836,72980; 166324
same_name_state_authorized_official_phone,REVIVALDURABLEMEDICALEQUIPMENTINC,NY,EUNICEPARK,7188881535,2,1003247297; 1013334051,494; 2731
same_name_state_authorized_official_phone,REVIVINGCROWNSSOLUTIONSLLC,GA,MARQUISHAGENERAL,7705802380,2,1326746348; 1467150110,62416; 87875
same_name_state_authorized_official_phone,REVOLUTIONARYMEDICALSUPPLIESLLC,FL,BRENDAHADDEN,8507771213,2,1023436615; 1043638307,5019; 9011
same_name_state_authorized_official_phone,REXALLDRUGSINC,MD,FORESTHOWELL,4108485980,2,1083685036; 1235313420,16233; 44324
same_name_state_authorized_official_phone,RICARDFAMILYPHARMACYLLC,LA,JENNIFERRICARD,9855427230,2,1376360297; 1790386936,70948; 150837
same_name_state_authorized_official_phone,RICHARDMHILKERDPMPC,IN,RICHARDHILKER,2604903668,2,1366577454; 1710188370,69654; 135733
same_name_state_authorized_official_phone,RICHARDSONPROSTHETICSORTHOTICSLLC,NC,RONDELLRICHARDSON,7045102204,2,1063030062; 1548107683,11357; 102993
same_name_state_authorized_official_phone,RICHARDSRXLLC,TX,JAIMEBARRERA,9562891880,2,1104123660; 1841201431,19256; 160005
same_name_state_authorized_official_phone,RICHARDSWHEELCHAIRREPAIRSER,TX,RICHARDFISCHETTO,2548652150,2,1396976122; 1447581707,76131; 85205
same_name_state_authorized_official_phone,RICHLANDMEMORIALHOSPITALINC,IL,CHRISTINABARE,6184563716,2,1235790940; 1952961997,45120; 182724
same_name_state_authorized_official_phone,RICKSMEDICALSUPPLYLLC,OR,JOHNCASSAR,5416723042,2,1073570230; 1629558010,14173; 119573
same_name_state_authorized_official_phone,RICKSPHARMACYINC,KY,RICKTIMMONS,2704437200,2,1669238515; 1891792057,126015; 170778
same_name_state_authorized_official_phone,RIDGEMAUDDRUGCORPORATION,MO,MARTINMICHEL,5737858218,2,1275612947; 1538204532,52079; 101506
same_name_state_authorized_official_phone,RIDGEWALLLLC,KY,DAVIDWHITE,8599464671,2,1518885730; 1699693812,98742; 132341
same_name_state_authorized_official_phone,RIDLEYSFAMILYMARKETSINC,ID,TODDWISE,8013583365,2,1508339672; 1619690666,95983; 117536
same_name_state_authorized_official_phone,RIDLEYSFAMILYMARKETSINC,UT,TODDWISE,8013583365,3,1518592922; 1568115715; 1912470246,98464; 106755; 174392
same_name_state_authorized_official_phone,RILEYWHITEINC,KY,DONALDRILEY,2707813095,3,1356412787; 1407927189; 1881765550,67289; 77802; 168874
same_name_state_authorized_official_phone,RILEYWHITEINC,KY,JERROLDWHITE,2707267626,2,1073680864; 1083787923,14529; 16595
same_name_state_authorized_official_phone,RINACHAWLAOTR,NY,RINACHAWLA,2129881199,2,1912165895; 1992964506,173796; 190437
same_name_state_authorized_official_phone,RINOVATHEWELLNESSGROUPPC,TN,BENJAMINJOHNSON,6158798935,4,1225501810; 1508339193; 1851864441; 1881167476,42826; 95981; 163519; 167811
same_name_state_authorized_official_phone,RINOVATHEWELLNESSGROUPPC,VA,BENJAMINJOHNSON,6158798935,2,1356814941; 1710450309,68267; 136266
same_name_state_authorized_official_phone,RIPLEYDRUGCOMPANYINC,MS,KELLYBULLOCK,6628377664,2,1336090679; 1457428930,62788; 86616
same_name_state_authorized_official_phone,RIPLEYDRUGINC,NC,ADAMRIPLEY,8287825571,2,1538400205; 1629319397,102067; 119154
same_name_state_authorized_official_phone,RITCHSVITALCAREOFBIRMINGHAMINC,AL,KEITHCONNER,2058711141,7,1285669374; 1295760387; 1376578468; 1437184538; 1467487553; 1558396648; 1861427957,54115; 56145; 71399; 82305; 88454; 105403; 164320
same_name_state_authorized_official_phone,RITEAIDCORPORATION,PA,JENNIFERZOREK,7177612633,2,1275668782; 1346439189,52315; 65684
same_name_state_authorized_official_phone,RITEAIDOFNEWYORKINC,NY,JENNIFERZOREK,7177612633,2,1588982110; 1699947622,112371; 133220
same_name_state_authorized_official_phone,RITEAIDOFNEWYORKINC,NY,JENNIFERZOREK,7179755937,2,1356061774; 1518143031,66600; 97671
same_name_state_authorized_official_phone,RITEAIDOFPENNSYLVANIALLC,PA,JENNIFERZOREK,2157081591,2,1184894180; 1629245436,35688; 118988
same_name_state_authorized_official_phone,RITEAIDOFPENNSYLVANIALLC,PA,JENNIFERZOREK,7177612633,3,1346621802; 1386822336; 1588061485,66010; 73946; 110659
same_name_state_authorized_official_phone,RITEAIDOFPENNSYLVANIALLC,PA,JENNIFERZOREK,7179755937,2,1285009100; 1396236733,53054; 74736
same_name_state_authorized_official_phone,RITEAIDOFVIRGINIAINC,VA,JENNIFERZOREK,7177612633,3,1255059192; 1407574346; 1982319000,47323; 77100; 187140
same_name_state_authorized_official_phone,RIVERROADPHARMACY,TX,ADAMMAJORS,8308165312,2,1184151532; 1639823628,34253; 121842
same_name_state_authorized_official_phone,RIVERVALLEYORTHOPEDICSPC,MI,JOELYOUNG,6164568515,2,1669956025; 1740548825,127589; 142173
same_name_state_authorized_official_phone,RJPHARMACYINC,ID,ROBERTMILLER,2087853510,2,1285635169; 1508080557,53893; 95545
same_name_state_authorized_official_phone,RLNENTERPRISESINC,NY,RONALDNETTNIN,5852278750,2,1033212097; 1386028546,6207; 72434
same_name_state_authorized_official_phone,RLSINC,GA,RICHARDSMITH,2292461200,4,1417033671; 1659411346; 1679532634; 1891755146,78181; 124550; 128358; 170709
same_name_state_authorized_official_phone,RMESINC,TX,MARIACUELLAR,8307745000,2,1356425334; 1518915669,67337; 98828
same_name_state_authorized_official_phone,RMJMENTERPRISEINC,LA,MARILYNREMBERT,2253581600,2,1386918266; 1396743795,74149; 75311
same_name_state_authorized_official_phone,RMLPHARMACYPC,NY,RYANLAVARNWAY,7166273060,2,1114265493; 1710040332,21576; 135268
same_name_state_authorized_official_phone,RMNINC,NJ,DEVANGNAGRECHA,9739269702,2,1790790319; 1861911653,151470; 165465
same_name_state_authorized_official_phone,RMPHARMACYSERVICESINC,TN,CHARLESCOX,8659475235,2,1073311320; 1336150986,13636; 62897
same_name_state_authorized_official_phone,RNPLUSMEDICALSUPPLIESINC,TX,JESSICASANMIGUEL,2104356200,2,1346354107; 1760565766,65422; 145612
same_name_state_authorized_official_phone,ROACHENTERPRISESINC,AR,DONNIROACH,8703582484,2,1932271590; 1952677080,177863; 182297
same_name_state_authorized_official_phone,ROBERTBSCOTTOCULARISTSLTD,IL,HENRYBLUM,3127823558,2,1265534523; 1811823990,50095; 155564
same_name_state_authorized_official_phone,ROBERTPSHACKELFORDMD,TX,NANCYSHACKELFORD,9034396302,2,1679745962; 1902930712,129096; 173071
same_name_state_authorized_official_phone,ROBERTWILUTISOCCUPATIONALANDPHYSICALTHERAPYPLLC,NY,ROBERTWILUTIS,6313313608,3,1003090374; 1457672511; 1821273301,192; 87184; 156885
same_name_state_authorized_official_phone,ROBERTYOWLER,KY,ROBERTYOWLER,5022553540,2,1265432181; 1518041516,49647; 97336
same_name_state_authorized_official_phone,ROBINHOODFAMILYPHARMACYLLC,NC,GUNARSTOWERS,3362839355,2,1235400128; 1437448701,44510; 83070
same_name_state_authorized_official_phone,ROBINSONSPHARMACYMEDICALSUPPLIESINC,CA,DENNISTHOMAS,5306223186,2,1073509428; 1558422154,13848; 105476
same_name_state_authorized_official_phone,ROCKAWAYDRUGSINC,NY,EDUARDALABAYEV,7183180300,2,1457348005; 1477636017,86218; 90704
same_name_state_authorized_official_phone,ROCKERSPHARMACYINC,KS,NATHANROCKERS,9132942715,2,1104053107; 1659508588,19125; 124913
same_name_state_authorized_official_phone,ROCKHILLPHARMACYLLC,MO,STACYBELL,8167990123,2,1487641619; 1639212566,92428; 120583
same_name_state_authorized_official_phone,ROCKYLMCGARITYINC,MS,ROCKYMCGARITY,6019474941,2,1346342607; 1417900291,65327; 79620
same_name_state_authorized_official_phone,ROGUECOMMUNITYHEALTH,OR,AMYCERVAN,5415000989,2,1235952441; 1871946376,45296; 167430
same_name_state_authorized_official_phone,ROMANHEALTHPHARMACYLLC,CA,KIMBERLYSORRENTINO,8887988686,2,1407720436; 1831063460,77265; 157938
same_name_state_authorized_official_phone,ROMIELANEPHARMACYINC,CA,RUSSELLOSTARELLO,8314240395,2,1457892747; 1558456988,87552; 105582
same_name_state_authorized_official_phone,RONALDARONQUISTMDPC,MI,RONALDRONQUIST,2313475155,3,1477846541; 1649564733; 1922392026,91272; 123264; 176365
same_name_state_authorized_official_phone,RONGROUP,SC,AUBREYCHISUM,8433527662,2,1053908095; 1265028583,11219; 49208
same_name_state_authorized_official_phone,ROPERHOSPITALINC,SC,ELLENJACKSON,8439582500,3,1134395296; 1770759821; 1861668915,25678; 147936; 164993
same_name_state_authorized_official_phone,ROPERSAINTFRANCISPHYSICIANSNETWORK,SC,ROBERTOLIVERIO,8436067005,3,1003373820; 1295290864; 1730540287,679; 55494; 140272
same_name_state_authorized_official_phone,ROPERSAINTFRANCISPHYSICIANSNETWORK,SC,ROBERTOLIVERIO,8437632611,2,1649414285; 1912536525,122981; 174484
same_name_state_authorized_official_phone,ROSARIOVELAZQUEZCORP,PR,ANAROSARIO,7876503301,2,1396085767; 1821030941,74494; 156211
same_name_state_authorized_official_phone,ROSAUERSSUPERMARKETSINC,WA,GLENSTOCKING,5099245560,2,1568575892; 1679561005,107779; 128417
same_name_state_authorized_official_phone,ROSEDRUGOFDOVERINC,AR,RICHARDHARMON,4793312133,2,1487635884; 1508970393,92417; 97118
same_name_state_authorized_official_phone,ROTHMANINSTITUTEOFNEWJERSEYPA,NJ,GINAPINO,6095812200,3,1073026761; 1700399490; 1770096471,13251; 134033; 146660
same_name_state_authorized_official_phone,ROTHMANORTHOPAEDICSOFNEWYORKPLLC,NY,CHELSEYCONWAY,8003219999,2,1225515760; 1699313122,42842; 131931
same_name_state_authorized_official_phone,ROTHSCHILDSORTHOPEDICAPPLIANCESINC,MD,ELIZABETHROTHSCHILD,4105465502,4,1023169521; 1215089958; 1306998042; 1629289293,4426; 39977; 58805; 119104
same_name_state_authorized_official_phone,ROUNDYSSUPERMARKETSINC,WI,JESSIEWARMAN,9999999999,2,1013484997; 1083181960,2979; 15435
same_name_state_authorized_official_phone,ROWANPHARMACISTGROUPINC,KY,JENNIFERBARKER,6067844491,2,1124305693; 1750832754,23765; 144477
same_name_state_authorized_official_phone,ROYALAPOTHECARYLLC,NJ,PURVISHAH,9738775174,3,1851284947; 1902361546; 1922946284,162017; 172093; 177066
same_name_state_authorized_official_phone,RPSMEDICALSERVICESCORP,PR,MELVINVEGA,7878541479,2,1184810947; 1649248055,35524; 122368
same_name_state_authorized_official_phone,RRMEDICALINC,AR,PHILLIPROZELL,4794433411,3,1134667074; 1770858219; 1891789574,26168; 148119; 170776
same_name_state_authorized_official_phone,RSAMCALLENDERDDSPC,CO,AMANDAKASSAL,3034223655,2,1720383540; 1720427917,138180; 138268
same_name_state_authorized_official_phone,RSMPHARMACYINC,WV,RONALDMCKINNEY,3042754687,2,1265468029; 1588993695,49867; 112396
same_name_state_authorized_official_phone,RSPPHARMACEUTICALCORPORATION,UT,SHELDONBIRCH,4358827775,2,1396932877; 1790920700,76051; 151962
same_name_state_authorized_official_phone,RTAHOMECARELLC,AZ,GREGORYCRAWFORD,4808440100,2,1073560686; 1538945480,14147; 102830
same_name_state_authorized_official_phone,RTYPHARMACEUTICALINC,CA,ROBERTYASMEH,8582780111,2,1295890473; 1427499128,56645; 81339
same_name_state_authorized_official_phone,RUDYORTHOMEDICCORP,PR,RODOLFOGUERRA,7878806000,2,1083923833; 1467760819,16919; 89198
same_name_state_authorized_official_phone,RUMEDINC,WA,OLGAPARSAMYAN,2536272212,2,1467690651; 1992992853,89061; 190515
same_name_state_authorized_official_phone,RUNKELBROSTRADINGCOMPANYINC,WI,CRAIGRUNKEL,2628442952,2,1255089652; 1831849652,47373; 159671
same_name_state_authorized_official_phone,RURALHEALTHSERVICESINC,SC,MARKHEDMAN,8033807000,3,1235290149; 1477110047; 1477950632,44251; 89763; 91474
same_name_state_authorized_official_phone,RUTHERFORDCOUNTYPRIMARYCARE,TN,SHANESMITH,6158939390,3,1265981658; 1396458428; 1619574332,51071; 75022; 117398
same_name_state_authorized_official_phone,RVP,MA,PANKAJMERCHIA,6175380685,2,1417157934; 1528267002,78592; 100021
same_name_state_authorized_official_phone,RXBYTELINC,WV,WALTERMOORE,3043426001,2,1871653857; 1972086338,166701; 184874
same_name_state_authorized_official_phone,RXCAREOFTAMPALLC,FL,RAJWANTIERAJKUMAR,8132496593,2,1174829352; 1295526648,33662; 55734
same_name_state_authorized_official_phone,RXCAROLINA,NC,SYAMBANDI,3366324141,2,1043040835; 1740545888,7620; 142167
same_name_state_authorized_official_phone,RXCONSULTANTSGROUPINC,CA,JEANLY,5623078099,2,1023827185; 1841084001,5525; 159909
same_name_state_authorized_official_phone,RXDIRECTINC,OR,PETERNG,5036579422,2,1346438124; 1609890060,65680; 115729
same_name_state_authorized_official_phone,RXDISCOUNTPHARMACYINC,KY,RICHARDSLONE,6064362891,3,1013092576; 1235116674; 1346451713,2242; 43537; 65704
same_name_state_authorized_official_phone,RXDRUGCORP,NY,CHETSHAH,5163522337,2,1366484149; 1366595852,69289; 69720
same_name_state_authorized_official_phone,RXHERRERAPHARMACYINC,TX,RICARDOHERRERA,9567270607,2,1760526891; 1982787362,145487; 188134
same_name_state_authorized_official_phone,RXPROSINC,LA,ANGELAHOTARD,3188122305,2,1588895882; 1669923991,112218; 127547
same_name_state_authorized_official_phone,RXSHOPSINC,MO,GINGERMILLER,4175329110,2,1467592030; 1740233311,88845; 141257
same_name_state_authorized_official_phone,RXTRACAREINC,WA,HOLLISHENRY,2064178066,2,1649211509; 1922029990,122265; 175441
same_name_state_authorized_official_phone,SABATESEYECENTERSLLC,MO,JOSEPHGIRA,9132612020,2,1134242332; 1447478649,25343; 85003
same_name_state_authorized_official_phone,SACREDHEARTHEALTHSERVICES,SD,VICTORIAHANSON,6056657841,2,1245192350; 1639030570,45555; 120125
same_name_state_authorized_official_phone,SACREDHEARTHEALTHSYSTEMINC,FL,COBACORNEJO,8507461650,2,1366260739; 1588404826,68825; 111110
same_name_state_authorized_official_phone,SACREDHEARTHOSPITALOFTHEHOSPITALSISTERS3RDORDEROFSTFRANCIS,WI,PATRICIAALLEN,9204964700,2,1336708338; 1346887056,64300; 66413
same_name_state_authorized_official_phone,SAFEWAYINC,AK,KATHYGIANNAKOPOULOS,9073395260,2,1821027863; 1942810239,156191; 180662
same_name_state_authorized_official_phone,SAFEWAYINC,AK,KATHYGIANNAKOPOULOS,9073744060,2,1649209685; 1942811286,122258; 180664
same_name_state_authorized_official_phone,SAFEWAYINC,AK,KATHYGIANNAKOPOULOS,9074811560,2,1033729322; 1568491504,7291; 107393
same_name_state_authorized_official_phone,SAFEWAYINC,AK,KATHYGIANNAKOPOULOS,9077145460,2,1730118779; 1841800133,139181; 161466
same_name_state_authorized_official_phone,SAFEWAYINC,AK,KATHYGIANNAKOPOULOS,9077611460,2,1134148166; 1396355681,24973; 74918
same_name_state_authorized_official_phone,SAFEWAYINC,AZ,KATHYGIANNAKOPOULOS,6232717617,2,1730369653; 1982885034,139963; 188371
same_name_state_authorized_official_phone,SAFEWAYINC,AZ,MICHELLERIVERS,6238693524,4,1184839243; 1538374681; 1770791410; 1982819041,35577; 102025; 147990; 188205
same_name_state_authorized_official_phone,SAFEWAYINC,DC,MICHELLERIVERS,2023336048,2,1407892284; 1598908790,77687; 114149
same_name_state_authorized_official_phone,SAFFRONSSPECIALIZEDMEDICALINC,OR,SAFFRONGUSTAFSON,5033513974,3,1326335670; 1437551199; 1700028248,61811; 83290; 133370
same_name_state_authorized_official_phone,SAGEWAGEINC,NC,NICOLEREVELL,3217950486,2,1093203705; 1801384433,17439; 152908
same_name_state_authorized_official_phone,SAHSAMDRUGSMEDICALINC,NJ,YOGESHCHANDRANI,7326710350,2,1477027324; 1568480234,89635; 107309
same_name_state_authorized_official_phone,SAIAPOTHECARYLLC,MO,KETAJHALA,6362786561,2,1740781673; 1851436489,142560; 162537
same_name_state_authorized_official_phone,SAIDURGAPHARMACYCORP,NJ,MARIAMUBEEN,9084861875,2,1225186315; 1992214761,42198; 188971
same_name_state_authorized_official_phone,SAIGONHOUSTONPHARMACYLLC,TX,KIMBERLYTRUONG,2815645400,2,1265599641; 1841357167,50355; 160552
same_name_state_authorized_official_phone,SAINTFRANCISHOSPITALANDMEDICALCENTER,CT,JAMESHARRIS,8602862766,2,1649814633; 1932728698,123664; 178708
same_name_state_authorized_official_phone,SAINTFRANCISHOSPITALANDMEDICALCENTER,CT,JAMESHARRIS,8605272800,2,1659915643; 1770102436,125643; 146667
same_name_state_authorized_official_phone,SAINTFRANCISHOSPITALEVANSTONLLC,IL,CHRISTOPHERDOAN,8473162372,2,1467494054; 1851185029,88476; 161903
same_name_state_authorized_official_phone,SAINTMARYOFNAZARETHHOSPITALCHICAGOLLC,IL,CHRISTOPHERDOAN,3127703444,2,1841305877; 1871387043,160410; 166088
same_name_state_authorized_official_phone,SAINTMEDICALGROUPLLC,OK,CRYSTALPENA,4052182530,2,1033755426; 1487290771,7327; 92030
same_name_state_authorized_official_phone,SAKRXLLC,IA,PETERJENSEN,7126249036,2,1073088019; 1154896199,13365; 30149
same_name_state_authorized_official_phone,SAKRXLLC,NE,DAVIDKOHLL,4024763342,2,1164997102; 1629543665,32063; 119561
same_name_state_authorized_official_phone,SAKRXLLC,NE,PETERJENSEN,4023426548,2,1215402250; 1487129425,40597; 91804
same_name_state_authorized_official_phone,SAKRXLLC,NE,PETERJENSEN,4025538901,2,1104391150; 1750856704,19706; 144516
same_name_state_authorized_official_phone,SAKRXLLC,NE,PETERJENSEN,4028953102,2,1720553761; 1811462856,138506; 155175
same_name_state_authorized_official_phone,SAKSGALLC,GA,GUNJANWADHWA,9122267622,2,1295460186; 1942992524,55668; 180872
same_name_state_authorized_official_phone,SALEMDRUGCOMPANYINC,AR,DARLAYORK,8708957455,2,1275755696; 1659418234,52531; 124569
same_name_state_authorized_official_phone,SALEMHEALTH,OR,JAMESPARR,5035406300,2,1487434775; 1770363061,92211; 146949
same_name_state_authorized_official_phone,SALINAREGIONALHEALTHCENTERINC,KS,AMYWIKOFF,7854526769,2,1275590143; 1912035106,52010; 173470
same_name_state_authorized_official_phone,SALLISAWPHARMACYINC,OK,JIMMYRISLEY,9187754451,2,1376524777; 1730108770,71119; 139141
same_name_state_authorized_official_phone,SALONRXLLC,MO,CYNTHIAMCCREA,3145835273,2,1780756106; 1942671094,149578; 180434
same_name_state_authorized_official_phone,SALTZERMEDICALGROUPPA,ID,REBECCAMALLOY,2088842900,2,1326180845; 1558403485,61491; 105423
same_name_state_authorized_official_phone,SALTZERMEDICALGROUPPA,ID,WILLIAMSAVAGE,2084633000,3,1477695617; 1700911948; 1962537076,90980; 134817; 183793
same_name_state_authorized_official_phone,SALUBRIOUSINTERNATIONALLLC,IL,ASHLEYMORGAN,7734690386,2,1568115095; 1790438224,106753; 150905
same_name_state_authorized_official_phone,SAMPSONSPROSTHETICLABORATORYINC,NY,GRACEANGELINE,5183746011,2,1235345612; 1770799116,44388; 148003
same_name_state_authorized_official_phone,SAMPSONSPROSTHETICLABORATORYINC,NY,JENNIFERSIMMONS,5183746011,3,1013085349; 1568678936; 1790990315,2216; 108009; 152135
same_name_state_authorized_official_phone,SAMSPRESCRIPTIONSHOPINC,MO,CHRISTIANTADRUS,6602630909,2,1245709682; 1568453397,46899; 107182
same_name_state_authorized_official_phone,SANDHILLSORTHOTICSLLC,NC,PATRICKOREILLY,9102952828,2,1972301562; 1972566016,185093; 185622
same_name_state_authorized_official_phone,SANDHILLSPHARMACYINC,SC,ROBERTDEFEE,8433358297,3,1437199759; 1437283058; 1447206008,82370; 82693; 84087
same_name_state_authorized_official_phone,SANDSRXLLC,TX,STEPHENSANDS,9725352020,2,1538637913; 1962838466,102494; 184464
same_name_state_authorized_official_phone,SANDYSDISTRIBUTIONCORP,FL,GLORIAMILLA,3053258771,2,1437241726; 1619088333,82493; 116540
same_name_state_authorized_official_phone,SANEARCORPORATION,NC,JAMESSMITH,7048824743,2,1083023857; 1124311469,15202; 23769
same_name_state_authorized_official_phone,SANFORDBISMARCK,ND,TONYMORRISON,7013236099,2,1558968560; 1790889715,106566; 151865
same_name_state_authorized_official_phone,SANFORDCOMMUNITYPHARMACYLLC,NJ,PARESHGANDHI,9733510099,2,1457334112; 1629501192,86184; 119491
same_name_state_authorized_official_phone,SANFORDHEALTHNETWORK,SD,BRUCEVIESSMAN,6053453336,2,1366528424; 1922187988,69444; 175939
same_name_state_authorized_official_phone,SANFORDHEALTHOFNORTHERNMINNESOTA,MN,TONYMORRISON,2183332450,2,1083933824; 1477042372,16941; 89656
same_name_state_authorized_official_phone,SANFORDMEDICALCENTERFARGO,ND,TONYMORRISON,7012804469,2,1225635634; 1558458844,43001; 105588
same_name_state_authorized_official_phone,SANMARTINSPHARMACYINC,FL,MERCEDESGONZALEZ,3054450033,2,1215014949; 1659551422,39694; 124997
same_name_state_authorized_official_phone,SANPEDROPHARMACYCORP,PR,BRENDARIVERA,7877202196,2,1366866675; 1427092733,70252; 80331
same_name_state_authorized_official_phone,SANTIAGORVARELA,PR,GLADYSAGRONT,7878683710,2,1720280423; 1932253770,138016; 177809
same_name_state_authorized_official_phone,SARAH786INC,MD,SYEDSHAH,4106756046,2,1295037976; 1912494360,55033; 174421
same_name_state_authorized_official_phone,SARASOTACOUNTYPUBLICHOSPITALDISTRICT,FL,DAVIDVERINDER,9419176979,2,1396458204; 1871368613,75021; 166071
same_name_state_authorized_official_phone,SARATOGAENTERPRISESINC,WA,RONALDLIND,3603314763,2,1124194964; 1922170927,23548; 175887
same_name_state_authorized_official_phone,SARTINSVITALCAREINC,MS,CSARTIN,2288647056,5,1134132335; 1225041429; 1518970714; 1609889807; 1790798999,24828; 41606; 98922; 115727; 151547
same_name_state_authorized_official_phone,SASBINC,FL,STEVENNELSON,8637635100,3,1063419372; 1316028053; 1912328048,11808; 58905; 174150
same_name_state_authorized_official_phone,SATFAMILYLLC,FL,SHERRYTUCKER,9412205075,2,1306161898; 1811455991,57278; 155168
same_name_state_authorized_official_phone,SAVMARTPHARMACYGRATIOTLLC,MI,ABDOSHOUBAH,3139230007,2,1376688275; 1376846980,71823; 72133
same_name_state_authorized_official_phone,SAVMORDRUGIINC,MT,JILLMUNOZ,4067216017,2,1184398091; 1659425718,34540; 124589
same_name_state_authorized_official_phone,SAVONHOMEHEALTHCARESUPPLYINC,MI,ANDREWMAC,5173232382,2,1780617068; 1861651895,149168; 164943
same_name_state_authorized_official_phone,SAVOYFAMILYPHARMACYLLC,LA,PETERSAAD,3374683666,2,1477578581; 1508497934,90493; 96176
same_name_state_authorized_official_phone,SAXDISCOUNTPHARMACYINC,MI,ROBERTARMSTRONG,3132923755,2,1629186093; 1972772069,118833; 186223
same_name_state_authorized_official_phone,SBJSPC,AL,MILTONWOOD,3347932663,2,1629252499; 1972824993,119012; 186342
same_name_state_authorized_official_phone,SBRXINC,CA,TORIANTHOMASCO,8056871376,2,1003805490; 1063025856,1126; 11349
same_name_state_authorized_official_phone,SCARSDALEPHARMACYLLC,TX,TUETRAN,2814816600,2,1083277842; 1326307851,15554; 61764
same_name_state_authorized_official_phone,SCDEPARTMENTOFHEALTHANDENVIRONMENTALCONTROL,SC,CAROLINESOJOURNER,8435794605,2,1366888125; 1841490281,70295; 160937
same_name_state_authorized_official_phone,SCHULTZPHARMACYINC,WI,KENNETHBRESSERS,9202332151,2,1154865541; 1396802476,30102; 75615
same_name_state_authorized_official_phone,SCIENCEAGEMEDICALSUPPLIESINC,CA,PAULINEAHUMIBE,2133856256,2,1710192877; 1932283017,135744; 177905
same_name_state_authorized_official_phone,SCOTTANEMECDOPC,MI,SCOTTNEMEC,2313475155,3,1124312228; 1780977769; 1831483932,23770; 150138; 159102
same_name_state_authorized_official_phone,SCOTTCOOKPHARMACY,AL,WCOOK,3347122000,3,1225048903; 1508969049; 1851495915,41678; 97104; 162790
same_name_state_authorized_official_phone,SCOTTFAMILYPHARMACYLLC,MO,CRAIGSCOTT,5732462514,2,1851437487; 1932215415,162539; 177705
same_name_state_authorized_official_phone,SCOTTSAPOTHECARYLLC,LA,SCOTTEMFINGER,3187573035,2,1811340193; 1851146971,154969; 161859
same_name_state_authorized_official_phone,SCOTTVALLEYRESPIRATORYHOMECAREINC,CA,PAMELASHORT,5308413000,2,1265515332; 1336369164,50015; 63666
same_name_state_authorized_official_phone,SCPGMISSOURILLC,MO,UMARFAROOQ,5012584399,2,1386276970; 1801428495,72790; 152971
same_name_state_authorized_official_phone,SCPHYSICIANSLLC,FL,LYNDAGORKEN,7275321355,2,1639478589; 1841589330,121280; 161121
same_name_state_authorized_official_phone,SCRIPPSHEALTH,CA,RICHARDROTHBERGER,8589641014,2,1609532027; 1922611920,115196; 176731
same_name_state_authorized_official_phone,SEARCYMEDICALCENTERPHARMACYLLP,AR,CASEYMCLEOD,5012683311,3,1306898093; 1356331177; 1902896962,58445; 66894; 172909
same_name_state_authorized_official_phone,SEARCYMEDICALCENTERPHARMACYLLP,AR,CASEYMCLEOD,5012683456,2,1134223183; 1437242930,25234; 82500
same_name_state_authorized_official_phone,SEATPLEASANTDRUGSINC,DC,VERONICABANWO,2023963400,2,1447319504; 1700945466,84496; 134909
same_name_state_authorized_official_phone,SEIFERTHEALTHCARELLC,IN,JEFFREYCLEMENTS,5742954333,2,1528732146; 1548206345,100746; 103106
same_name_state_authorized_official_phone,SELECTPHYSICALTHERAPYHOLDINGSINC,AK,MICHAELTARVIN,7179754503,2,1477724805; 1952572935,91047; 182076
same_name_state_authorized_official_phone,SELECTPHYSICALTHERAPYHOLDINGSINC,AZ,MICHAELTARVIN,7179754503,4,1033380019; 1043481476; 1588835920; 1942471925,6676; 8698; 112098; 180057
same_name_state_authorized_official_phone,SELECTPHYSICALTHERAPYHOLDINGSINC,CA,MICHAELTARVIN,7179754503,2,1164693503; 1306017397,31522; 56944
same_name_state_authorized_official_phone,SELECTPHYSICALTHERAPYOFALBUQUERQUELIMITEDPARTNERSHIP,NM,MICHAELTARVIN,7179754503,2,1073784393; 1720259716,14754; 137966
same_name_state_authorized_official_phone,SELECTPHYSICALTHERAPYTEXASLIMITEDPARTNERSHIP,TX,MICHAELTARVIN,7179754503,22,1013188127; 1073784989; 1154592079; 1154592277; 1245401165; 1245401363; 1316118235; 1336310259; 1336310721; 1346411733; 1407027329; 1407027881; 1467623587; 1518138437; 1598936411; 1619148533; 1699946517; 1770754699; 1881865707; 1932370327; 1942471321; 1972774891,2437; 14757; 29608; 29610; 46329; 46330; 59225; 63553; 63554; 65589; 76236; 76239; 88926; 97658; 114218; 116665; 133215; 147924; 169198; 178099; 180055; 186234
same_name_state_authorized_official_phone,SELECTREHABOFEASTTEXASINC,TX,VICKIHAMM,9032342444,2,1215034665; 1336114990,39791; 62819
same_name_state_authorized_official_phone,SEMA4OPCOINC,CT,DANIELLEWATIMAR,8002986470,2,1518415991; 1902474653,98198; 172223
same_name_state_authorized_official_phone,SENIORMEDICALSUPPLIESINC,FL,MARIACARVAJAL,8885367516,2,1316318165; 1639539075,59639; 121394
same_name_state_authorized_official_phone,SENIORMOBILITYAIDSINC,CA,ALLENNEWSOME,7605998800,2,1851403620; 1992237168,162445; 189023
same_name_state_authorized_official_phone,SENTRYDRUGCENTER16INC,NC,TODDPIGG,7047321194,2,1700810645; 1710328315,134504; 136033
same_name_state_authorized_official_phone,SENTRYDRUGCENTER3LLC,NC,TODDPIGG,7042630810,2,1750832572; 1871677906,144475; 166779
same_name_state_authorized_official_phone,SEPAPAINMANAGEMENT,PA,PHILIPSASSO,8552357246,2,1508240193; 1598149189,95814; 112677
same_name_state_authorized_official_phone,SETONFAMILYOFDOCTORS,TX,CLAYTONCARSNER,5123455925,2,1063752970; 1215278817,12838; 40391
same_name_state_authorized_official_phone,SETZERPHARMACYINC,MN,JAMESSTAGE,6514880251,2,1801461819; 1861437402,153019; 164355
same_name_state_authorized_official_phone,SEVENLAKESPRESCRIPTIONSHOPPEINC,NC,JOSEPHBARRETT,9106737467,2,1215942834; 1396048716,41274; 74423
same_name_state_authorized_official_phone,SGHOMECAREINC,CA,ALEXANDRIAHREN,9494742050,3,1407535628; 1487110300; 1639793524,77063; 91777; 121808
same_name_state_authorized_official_phone,SGHOMECAREINC,CA,JAYWENDT,9094352345,2,1396418737; 1952077471,74982; 180979
same_name_state_authorized_official_phone,SGHOMECAREINC,CA,JAYWENDT,9494742050,9,1003546144; 1053852194; 1174749972; 1194594390; 1568185874; 1578020871; 1780049254; 1841814886; 1851062566,873; 11142; 33488; 36704; 106819; 108631; 148433; 161485; 161773
same_name_state_authorized_official_phone,SGHOMECAREINC,CA,JAYWENDT,9729224122,2,1366212193; 1528838356,68768; 100846
same_name_state_authorized_official_phone,SGJPINC,TN,SARAHFUSON,6155977822,2,1174512750; 1689655250,32673; 130440
same_name_state_authorized_official_phone,SHADELANDANESTHESIAPAINASSOCIATESINC,IN,EDWARDKOWLOWITZ,3177067246,3,1144897745; 1376429555; 1679222426,28276; 71004; 127949
same_name_state_authorized_official_phone,SHADELANDANESTHESIAPAINASSOCIATESINC,IN,EDWARDKOWLOWITZ,7658072780,2,1326880055; 1528635125,62573; 100630
same_name_state_authorized_official_phone,SHAMROCKPROSTHETICSINC,GA,SUSANMCMAHAN,7068504544,2,1184313702; 1427448158,34448; 81248
same_name_state_authorized_official_phone,SHANDSTEACHINGHOSPITALANDCLINICSINC,FL,MICHAELHOLMES,3522658270,2,1114969995; 1497645915,22763; 94401
same_name_state_authorized_official_phone,SHANNONCLINIC,TX,RICARDOVILLARREAL,3256539235,2,1285946913; 1285954396,54863; 54873
same_name_state_authorized_official_phone,SHANNONCLINIC,TX,RICARDOVILLARREAL,3256581511,2,1124038633; 1356752307,22945; 68168
same_name_state_authorized_official_phone,SHAPAINC,TX,SYEDZULFIQAR,2144212210,2,1467845677; 1891934899,89350; 171227
same_name_state_authorized_official_phone,SHARPHEALTHCARE,CA,CHRISTOPHERHOWARD,8584992777,2,1669449146; 1730156118,126297; 139291
same_name_state_authorized_official_phone,SHARPHEALTHCARE,CA,STACEYHROUNTAS,8584992777,2,1578530952; 1720055205,109286; 137345
same_name_state_authorized_official_phone,SHARPREESSTEALYMEDICALGROUPINC,CA,ALANBIER,6194461646,6,1245675628; 1265742134; 1316247281; 1528332996; 1831409705; 1841500717,46863; 50652; 59497; 100140; 158956; 160960
same_name_state_authorized_official_phone,SHARPREESSTEALYMEDICALGROUPINC,CA,ALANBIER,8584992600,2,1104206168; 1336758408,19397; 64360
same_name_state_authorized_official_phone,SHARSHONPHARMACYINC,IL,WALTERSHARSHON,3093595960,2,1235157264; 1346638541,43743; 66038
same_name_state_authorized_official_phone,SHEARERDRUG,KY,KENTSHEARER,6063876616,2,1023167848; 1629127550,4422; 118578
same_name_state_authorized_official_phone,SHEARERDRUGINC,KY,KENTSHEARER,6063876616,2,1255717278; 1740394527,48771; 141817
same_name_state_authorized_official_phone,SHELAKERENTERPRISESLLC,KY,MICHAELSHELBOURNE,2704081540,2,1073851416; 1437583820,14895; 83347
same_name_state_authorized_official_phone,SHELBYDRUGSTOREINC,NC,MARKBROOKS,7044872939,2,1538569744; 1972776573,102374; 186243
same_name_state_authorized_official_phone,SHELLIELGRAF,OH,SHELLIEGRAF,3307238880,2,1427026673; 1730531120,80032; 140262
same_name_state_authorized_official_phone,SHELLNUTSACESINC,TN,JONATHANMELTON,9314032552,3,1245586031; 1497010623; 1790052157,46701; 93539; 150316
same_name_state_authorized_official_phone,SHERWILLINC,OR,KAMALKOTAICH,5038768652,2,1134292956; 1699705947,25473; 132365
same_name_state_authorized_official_phone,SHOPKOSTORESOPERATINGCOLLC,ID,LORIENEUMANN,9204294726,2,1821441205; 1821545419,157225; 157419
same_name_state_authorized_official_phone,SHOPKOSTORESOPERATINGCOLLC,MO,MICHAELBETTIGA,5739962311,2,1386825248; 1407044621,73953; 76285
same_name_state_authorized_official_phone,SHOPKOSTORESOPERATINGCOLLC,MO,MICHAELBETTIGA,6603592970,2,1124065461; 1184819765,23111; 35543
same_name_state_authorized_official_phone,SHOPKOSTORESOPERATINGCOLLC,UT,LORIENEUMANN,9204294726,3,1366828642; 1649726076; 1740736586,70178; 123533; 142506
same_name_state_authorized_official_phone,SHOPKOSTORESOPERATINGCOLLC,WI,JANNIEPASCHAL,9204294726,2,1003349101; 1306397773,640; 57677
same_name_state_authorized_official_phone,SHOPKOSTORESOPERATINGCOLLC,WI,MICHAELBETTIGA,9201111111,2,1588846976; 1760665160,112131; 145939
same_name_state_authorized_official_phone,SHOPKOSTORESOPERATINGCOLLC,WI,MICHAELBETTIGA,9204294243,2,1831477181; 1922386275,159082; 176352
same_name_state_authorized_official_phone,SHOPKOSTORESOPERATINGCOLLC,WY,MICHAELBETTIGA,3078834600,2,1508042425; 1962750158,95463; 184307
same_name_state_authorized_official_phone,SHOPKOSTORESOPERATINGCOLLC,WY,MICHAELBETTIGA,3078859804,2,1326396516; 1891971719,61934; 171318
same_name_state_authorized_official_phone,SHOPRITESUPERMARKETSINC,NY,MELISSAFIGUEROARIVERA,5182434568,2,1336425164; 1851679989,63793; 163191
same_name_state_authorized_official_phone,SHOPRITESUPERMARKETSINC,NY,MELISSAFIGUEROARIVERA,8452980097,2,1508340555; 1851404289,95985; 162452
same_name_state_authorized_official_phone,SHOREHEALTHSYSTEMINC,MD,KENNETHKOZEL,4108221000,2,1033693551; 1558963280,7239; 106555
same_name_state_authorized_official_phone,SHORELINEFOOTANKLECENTERPC,CT,DARRENCOURTRIGHT,8604373737,2,1013226463; 1487706008,2531; 92731
same_name_state_authorized_official_phone,SHORELINEORTHOPAEDICSPORTSMEDICINECLINICPLC,MI,TRICIASCHILDHOUSE,6163965855,2,1619674512; 1881370799,117513; 168056
same_name_state_authorized_official_phone,SHOREPROSTHETICSANDORTHOTICSLLC,VI,IVANSABEL,3407141009,2,1043085210; 1720441272,7666; 138286
same_name_state_authorized_official_phone,SHREEANITHAPRASANNAPA,FL,SHREEPRASANNA,3212673304,2,1194199364; 1386177806,36235; 72659
same_name_state_authorized_official_phone,SHREEPHARMACYLLC,PA,DARSHANPAREKH,2159270224,2,1104980952; 1417731209,20794; 79468
same_name_state_authorized_official_phone,SHREESHAKTIINC,NJ,PURNIMASHAH,9734826753,2,1396891438; 1912908773,75958; 174880
same_name_state_authorized_official_phone,SHRIJISWAMILLC,FL,MITESHPATEL,9047273434,2,1104577865; 1205142627,19896; 38069
same_name_state_authorized_official_phone,SHUMETINC,NJ,HOWARDSHULMAN,7327871414,2,1104826981; 1710406582,20161; 136195
same_name_state_authorized_official_phone,SIDDHIGANESHAINC,NJ,DEVANGNAGRECHA,9089949300,2,1275142416; 1841782752,51295; 161437
same_name_state_authorized_official_phone,SIDDHIPRIYAINC,NJ,DEVANGNAGRECHA,9089949700,3,1679181101; 1720507155; 1760817415,127894; 138432; 146213
same_name_state_authorized_official_phone,SIDDHIVINAYAKINC,NJ,RASIKNAGRECHA,9739721960,3,1043828577; 1073032843; 1801996053,9286; 13262; 154085
same_name_state_authorized_official_phone,SIERRAHOMEMEDICALPRODUCTSINC,NV,EMILYCASTILLO,7027961016,3,1467488148; 1750134029; 1982692349,88456; 142928; 187784
same_name_state_authorized_official_phone,SIERRAINTERNATIONALPHARMACAUTICAL,DC,TIFFANYSMITH,2025480008,2,1336150978; 1902962285,62896; 173160
same_name_state_authorized_official_phone,SIERRAORTHOPEDICLABORATORYINC,CA,DAVIDJEFFRIES,7075289808,2,1417578121; 1659366003,79299; 124339
same_name_state_authorized_official_phone,SIGNATUREMEDICALGROUPINC,MO,CHADSACKMAN,3148490311,3,1649201864; 1942431606; 1982473153,122215; 179963; 187312
same_name_state_authorized_official_phone,SIGNATUREMEDICALGROUPOFKCPA,KS,JANVEST,9137887111,2,1134515935; 1952797755,25911; 182497
same_name_state_authorized_official_phone,SILERCITYPHARMACYLLC,NC,ANGELYNNFOX,9196635541,2,1003863689; 1518112200,1438; 97618
same_name_state_authorized_official_phone,SILVERMANORTHOPAEDICSPC,MN,ANNESILVERMAN,9529204333,3,1225206154; 1659549582; 1780852459,42254; 124994; 149906
same_name_state_authorized_official_phone,SINADRUGLLC,KY,AMYKONAK,8776626633,2,1437577988; 1861935835,83338; 165530
same_name_state_authorized_official_phone,SINCERECAREMANAGEMENTINC,CA,STEPHENLEE,4157523288,2,1528217221; 1548336423,99910; 103555
same_name_state_authorized_official_phone,SINGLETONANDMYRICKINCORPORATED,LA,STEPHENSINGLETON,6019441130,2,1427863653; 1780439646,81749; 148905
same_name_state_authorized_official_phone,SINGLETONANDMYRICKINCORPORATED,MS,STEPHENSINGLETON,6019441130,5,1598468324; 1598639809; 1770373375; 1861830937; 1881462638,113110; 113301; 146959; 165317; 168145
same_name_state_authorized_official_phone,SINGULARSLEEPLLC,FL,HOLLANDANGEL,8447579355,2,1134074289; 1295182129,24723; 55319
same_name_state_authorized_official_phone,SIRIUSHOMEHEALTHINC,IL,PALANISAKTHI,8159575117,2,1003707670; 1063067478,1038; 11401
same_name_state_authorized_official_phone,SIRIUSMEDICALSUPPLY,FL,JAMESANDERSON,7274492027,2,1356482699; 1568816494,67579; 108267
same_name_state_authorized_official_phone,SIRTHOMASINC,FL,THOMASDAPRILE,9417437500,2,1457318248; 1770816415,86161; 148037
same_name_state_authorized_official_phone,SISUHEALTHCARESOLUTIONSINC,AZ,MARCUSULM,4809994488,2,1720618820; 1902451552,138582; 172198
same_name_state_authorized_official_phone,SIXPOINTCONSULTINGLLC,LA,DONOVANSHULTZ,3182376572,4,1073478590; 1265263693; 1841049178; 1922856905,13803; 49450; 159870; 176976
same_name_state_authorized_official_phone,SIZENTLLC,FL,SILASRAYMOND,8135511165,2,1215398243; 1225424310,40591; 42679
same_name_state_authorized_official_phone,SIZEWISERENTALSLLC,AZ,JOHNDOPITA,8008149389,2,1093828709; 1164535878,18580; 31162
same_name_state_authorized_official_phone,SIZEWISERENTALSLLC,CA,JOHNDOPITA,8008149389,6,1063525772; 1073626784; 1114032455; 1144450685; 1336252048; 1609006147,12293; 14411; 21016; 27580; 63391; 114349
same_name_state_authorized_official_phone,SIZEWISERENTALSLLC,KS,JOHNDOPITA,8008149389,2,1255340147; 1417362591,47677; 79006
same_name_state_authorized_official_phone,SIZEWISERENTALSLLC,NC,JOHNDOPITA,8008149389,2,1295748523; 1447663372,56057; 85362
same_name_state_authorized_official_phone,SIZEWISERENTALSLLC,OH,JOHNDOPITA,8008149389,2,1912599127; 1942342175,174549; 179726
same_name_state_authorized_official_phone,SIZEWISERENTALSLLC,OK,JOHNDOPITA,8008149389,2,1518009794; 1578615985,97237; 109610
same_name_state_authorized_official_phone,SIZEWISERENTALSLLC,PA,JOHNDOPITA,8008149389,3,1245535384; 1265571210; 1538572466,46603; 50271; 102382
same_name_state_authorized_official_phone,SIZEWISERENTALSLLC,TX,JOHNDOPITA,8008149389,5,1174894141; 1215269907; 1346510153; 1528339595; 1649658238,33799; 40377; 65809; 100152; 123414
same_name_state_authorized_official_phone,SIZEWISERENTALSLLC,VA,JOHNDOPITA,8008149389,2,1114936960; 1669869301,22563; 127455
same_name_state_authorized_official_phone,SJAPHARMACYINC,IL,SHITALMANEK,7732384500,2,1144573551; 1396098034,27847; 74514
same_name_state_authorized_official_phone,SJCSERVICESLLC,LA,STEVENCOURVILLE,3379840123,3,1528192689; 1649231176; 1871627604,99848; 122346; 166622
same_name_state_authorized_official_phone,SJHEALTHSERVICESLLC,PA,ROBINWITTENSTEIN,6102084660,2,1598724387; 1922488634,113437; 176536
same_name_state_authorized_official_phone,SJHSERVICESCORPORATION,PA,DAVIDLIM,6109161871,2,1356411326; 1538137427,67286; 101214
same_name_state_authorized_official_phone,SKAGGSCOMMUNITYHOSPITALASSOCIATION,MO,STEPHENERIXON,4173342114,2,1659402436; 1821262163,124530; 156852
same_name_state_authorized_official_phone,SKALTERNATIVESLLC,MN,STEVENLIND,9528812778,2,1093936601; 1437482874,18870; 83160
same_name_state_authorized_official_phone,SKILLMANCHEMISTSCORP,NY,VYACHESLAVKHAIMOV,7187291400,2,1558026146; 1972123396,104770; 184928
same_name_state_authorized_official_phone,SKWARBASSEPHARMACYINC,NY,SIMONFIELD,7184495177,2,1225226103; 1790825958,42322; 151603
same_name_state_authorized_official_phone,SLCHOLDINGS,MS,JENELANDRUM,6623275400,2,1386729317; 1700523503,73607; 134162
same_name_state_authorized_official_phone,SLEEPAPNEAGURUSPLLC,TX,DAVIDFERGUSON,2105047000,2,1033801790; 1326656349,7371; 62329
same_name_state_authorized_official_phone,SLEEPAPNEASOLUTIONSTEXASHILLCOUNTRYPLLC,TX,MATTHEWBAYLESS,8304382193,2,1043197593; 1598655441,7763; 113311
same_name_state_authorized_official_phone,SLEEPBETTERAUSTINTREATMENTPLLC,TX,NANCYCANTRELL,5122154350,5,1063208700; 1164890323; 1245064252; 1386321800; 1497360911,11550; 31886; 45422; 72845; 94087
same_name_state_authorized_official_phone,SLEEPBETTERMADISONLLC,WI,JANAGYURINA,6088334466,3,1053253260; 1235076712; 1497697304,9684; 43468; 94450
same_name_state_authorized_official_phone,SLEEPCONNECTICUTPLLC,CT,ZACHARYKORWIN,2033783240,2,1184416554; 1497649115,34552; 94405
same_name_state_authorized_official_phone,SLEEPCONTROL,OH,DEIDREABOUAHMED,6147457920,2,1043525892; 1720394414,8805; 138200
same_name_state_authorized_official_phone,SLEEPDATAHOLDINGSLLC,CA,ANGELAFYFE,8668019440,2,1053865204; 1144767542,11162; 28133
same_name_state_authorized_official_phone,SLEEPDATAINC,CA,JOANNAMUNAFO,6192996299,2,1427363423; 1740397165,81092; 141831
same_name_state_authorized_official_phone,SLEEPDIAGNOSTICCENTEROFMAYNARD,MA,MEENAMEHTA,9783697772,2,1154483352; 1962699488,29344; 184178
same_name_state_authorized_official_phone,SLEEPEXAMINATIONSLLC,TX,ALICIAGROFF,2815500990,4,1215306543; 1326417734; 1568831899; 1821540089,40430; 61971; 108296; 157413
same_name_state_authorized_official_phone,SLEEPEXAMINATIONSLLC,TX,RHONDAMARTINEZ,2815500990,5,1013386341; 1609245984; 1649649054; 1750750089; 1952770281,2827; 114825; 123403; 144330; 182452
same_name_state_authorized_official_phone,SLEEPMEDICALCENTEROFTRICITIESLLC,WA,KRISTINAANDRES,5096276888,4,1033661707; 1124579693; 1396297065; 1588116255,7193; 24234; 74831; 110752
same_name_state_authorized_official_phone,SLEEPMEDOFCALIFORNIA,CA,CARLIBERGER,3108439955,2,1568539518; 1639235021,107569; 120653
same_name_state_authorized_official_phone,SLEEPMEDOFCALIFORNIA,CA,CARLIBERGER,4082609170,5,1326104712; 1568528115; 1659437507; 1699831099; 1760548168,61168; 107523; 124631; 132816; 145552
same_name_state_authorized_official_phone,SLEEPMEDOFCALIFORNIA,CA,CARLIBERGER,6264493033,2,1386765451; 1861558264,73791; 164662
same_name_state_authorized_official_phone,SLEEPMEDOFCALIFORNIA,CA,CARLIBERGER,9094780152,2,1427114818; 1598821068,80410; 113804
same_name_state_authorized_official_phone,SLEEPMEDOFCALIFORNIA,CA,CARLIBERGER,9785367400,3,1083733968; 1760529085; 1801915780,16440; 145495; 153805
same_name_state_authorized_official_phone,SLEEPMEDTHERAPIES,CA,CARLIBERGER,9785367400,2,1033256896; 1861512048,6387; 164552
same_name_state_authorized_official_phone,SLEEPMEDTHERAPIESINC,CA,CARLIBERGER,4082609170,3,1194896860; 1366507808; 1699830141,37523; 69361; 132811
same_name_state_authorized_official_phone,SLEEPMEDTHERAPIESINC,CA,CARLIBERGER,9785367400,5,1124294392; 1205991759; 1316182223; 1558538504; 1902021389,23743; 39613; 59351; 105844; 171410
same_name_state_authorized_official_phone,SLEEPMEDTHERAPIESINC,IL,CARLIBERGER,8479667366,2,1437226990; 1912934852,82447; 175069
same_name_state_authorized_official_phone,SLEEPMEDTHERAPIESINC,MD,CARLIBERGER,9785367400,2,1356513618; 1871765271,67678; 167048
same_name_state_authorized_official_phone,SLEEPMEDTHERAPIESINC,NC,CARLIBERGER,9195709715,2,1255367413; 1619997228,47876; 118116
same_name_state_authorized_official_phone,SLEEPMEDTHERAPIESINC,NC,CARLIBERGER,9785367400,4,1093745457; 1093982001; 1255508263; 1710108956,18253; 18967; 48371; 135551
same_name_state_authorized_official_phone,SLEEPMEDTHERAPIESINC,VA,CARLIBERGER,9785367400,7,1306018650; 1326177056; 1386773000; 1467624718; 1508996232; 1801092879; 1932322955,56947; 61479; 73803; 88930; 97201; 152372; 177991
same_name_state_authorized_official_phone,SLEEPQUESTINC,CA,MARYORTALDA,6504120123,2,1558923482; 1881248912,106516; 167916
same_name_state_authorized_official_phone,SLEEPREMEDIESLLC,OK,ALEXBROWN,4058439997,2,1124442058; 1831122548,24019; 158120
same_name_state_authorized_official_phone,SLEEPRIGHT,TX,RONALDCATES,9036751717,2,1255497939; 1780920686,48340; 150055
same_name_state_authorized_official_phone,SLEEPRITESLEEPCENTERSLLC,TX,VICKIELINDSEY,9728014900,2,1609025089; 1922252170,114405; 176053
same_name_state_authorized_official_phone,SLEEPSERVICESOFAMERICA,GA,JOHNMATHIAS,4048920308,3,1073786281; 1518130723; 1982877197,14763; 97643; 188348
same_name_state_authorized_official_phone,SLEEPSERVICESOFAMERICAINC,GA,JOHNMATHIS,4048740082,2,1427266402; 1821206814,80923; 156759
same_name_state_authorized_official_phone,SLEEPSOLUTIONSINC,MI,ROBYNPARROTT,2486889095,2,1457353534; 1700407368,86233; 134044
same_name_state_authorized_official_phone,SLEEPTREATMENTSYSTEMSINC,AL,WANDASCHOEN,2519908095,2,1255417796; 1265607709,48032; 50379
same_name_state_authorized_official_phone,SLTNPHARMACYSERVICESLTD,MN,CHELSEYCARLSON,5074253166,2,1518205186; 1689028854,97806; 129578
same_name_state_authorized_official_phone,SLTNPHARMACYSERVICESLTD,MN,CHELSEYCARLSON,5078732075,3,1245677590; 1508250820; 1770937948,46868; 95827; 148268
same_name_state_authorized_official_phone,SMAHEALTHCAREINC,FL,NICOLESPROUL,3862363188,2,1073481560; 1417939794,13807; 79707
same_name_state_authorized_official_phone,SMEINCUSA,VA,BETHSPEERLI,8005536971,4,1023219656; 1578764106; 1669673299; 1750582383,4583; 110128; 127112; 144030
same_name_state_authorized_official_phone,SMILEPHARMACYINC,NY,TAELEE,7183583800,2,1588723407; 1922258466,111726; 176065
same_name_state_authorized_official_phone,SMITHDRUGCOMPANYINC,AR,DANNYSMITH,4792536000,2,1578681755; 1831413566,109912; 158967
same_name_state_authorized_official_phone,SMITHDRUGHOMEMEDICALINC,MS,JASONWHITE,6627285322,2,1255433975; 1497897714,48101; 95168
same_name_state_authorized_official_phone,SMITHSCOUNTRYCLUBDRUGSTOREINC,AR,PATRICIAINGELS,5016634118,2,1508847179; 1841339645,96602; 160498
same_name_state_authorized_official_phone,SMITHSDRUGSOFFORESTCITYINC,NC,JOHNHIGGINS,8282454591,2,1033243621; 1114271988,6359; 21592
same_name_state_authorized_official_phone,SMITHSDRUGSOFFORESTCITYINC,NC,JOHNHIGGINS,8282459215,4,1174541890; 1245258961; 1396770236; 1891713517,32834; 45808; 75505; 170552
same_name_state_authorized_official_phone,SNGLABSSNGPROSTHETICEYEINSTITUTEINC,FL,NICOLEGARONZIK,5613917099,10,1003646886; 1043629801; 1164835831; 1194435313; 1497168165; 1558325480; 1669862298; 1780097444; 1801209572; 1891264412,989; 8994; 31794; 36543; 93823; 105130; 127445; 148516; 152583; 169941
same_name_state_authorized_official_phone,SNYDERMARKROSELLEDRUGSINC,IL,MARKMANDEL,6305293400,2,1316036965; 1477698843,58935; 90994
same_name_state_authorized_official_phone,SOASLLC,WA,AARONSYRING,3604663124,2,1265454292; 1407937659,49773; 77831
same_name_state_authorized_official_phone,SOFTTOUCHMEDICALLLC,GA,MATTHEWBUCKHALTER,7705907383,3,1306215959; 1700236700; 1912995382,57389; 133768; 175241
same_name_state_authorized_official_phone,SOLANTICURGENTCARE,FL,KARENBOWLING,9042232330,2,1326360181; 1427370287,61860; 81101
same_name_state_authorized_official_phone,SOLEOHEALTHINC,CO,ANDREWWALK,3039681915,3,1588100432; 1730932419; 1902382807,110724; 140802; 172120
same_name_state_authorized_official_phone,SOLEOHEALTHINC,IL,ANDREWWALK,6304788240,2,1184177081; 1487130480,34289; 91807
same_name_state_authorized_official_phone,SOLEVENTURES,SD,MATTHEWSANGSTER,6052740138,2,1073317665; 1669220513,13639; 126001
same_name_state_authorized_official_phone,SOLINSKYEYECARELLC,CT,ALANSOLINSKY,8602332020,2,1104407246; 1831813252,19726; 159623
same_name_state_authorized_official_phone,SOMEOTHERCOMPANYINC,TN,PAMELALUDWIG,6157777465,5,1023259132; 1326402934; 1588965594; 1831116631; 1962770743,4657; 61940; 112345; 158093; 184337
same_name_state_authorized_official_phone,SONESTASLEEPTHERAPIESLLC,FL,BRENTSOWARDS,7275242896,2,1376723387; 1679791891,71904; 129192
same_name_state_authorized_official_phone,SONIINC,TN,MUKESHPATEL,6152952301,2,1053036699; 1386916716,9473; 74146
same_name_state_authorized_official_phone,SONORAQUESTLABORATORIESLLC,AZ,DAVIDDEXTER,6026855000,2,1801331269; 1841735206,152844; 161362
same_name_state_authorized_official_phone,SORRELLHOMEMEDICALEQUIPMENTLLC,KY,JOSHUASORRELL,8592344441,2,1225183403; 1881628717,42188; 168497
same_name_state_authorized_official_phone,SOULMEDICALINC,FL,ROBERTOPEREZ,3058542727,2,1023055480; 1598796385,4095; 113711
same_name_state_authorized_official_phone,SOUNDHEALTHMEDICALSUPPLY,WA,COURTNEYTEBBS,2532745000,2,1275703084; 1720398258,52431; 138205
same_name_state_authorized_official_phone,SOUNDOXYGENSERVICELLC,WA,WENDYRUSSALESI,8772690405,2,1023274156; 1760816029,4685; 146208
same_name_state_authorized_official_phone,SOUNDSLEEPMEDICALLLC,UT,KIAYAKILPACK,8016853225,2,1013474303; 1588138580,2969; 110787
same_name_state_authorized_official_phone,SOUTHCAROLINACVSPHARMACYLLC,SC,SUSANCOLBERT,4017651500,4,1356674378; 1700949328; 1720111305; 1912656638,68014; 134922; 137511; 174624
same_name_state_authorized_official_phone,SOUTHCOUNTYARTIFICIALLIMBCOINC,CT,LOISJAMES,4017830063,2,1205103975; 1679840342,38004; 129273
same_name_state_authorized_official_phone,SOUTHCOVECOMMUNITYHEALTHCENTERINC,MA,ERICTIBERI,6173183300,2,1740527175; 1902747579,142134; 172475
same_name_state_authorized_official_phone,SOUTHEASTERNPHARMACYLLC,GA,GEORGELEWIS,9122642622,2,1336165547; 1811540867,63007; 155279
same_name_state_authorized_official_phone,SOUTHEASTFAMILYPHARMACYINC,NC,JENNIFERSUTTON,9197781110,2,1609297316; 1922075662,114893; 175588
same_name_state_authorized_official_phone,SOUTHEASTKANSASMENTALHEALTHCENTER,KS,SHANABENNETT,6204312500,2,1164203717; 1255112801,30467; 47415
same_name_state_authorized_official_phone,SOUTHEASTMICHIGANSURGICALHOSPITALLLC,MI,ROBINCOLE,8102759333,2,1316794860; 1477300911,60286; 89983
same_name_state_authorized_official_phone,SOUTHEASTORTHOPEDICSPECIALISTSINC,FL,BRETTPUCKETT,9046340640,3,1104540509; 1194449595; 1992429039,19866; 36559; 189260
same_name_state_authorized_official_phone,SOUTHEASTORTHOPEDICSPECIALISTSLLC,FL,BRETTPUCKETT,9046340640,10,1003542465; 1023865821; 1386368785; 1467188821; 1487378881; 1538952379; 1649994047; 1730815184; 1730887183; 1902651821,870; 5558; 72894; 87915; 92143; 102836; 123856; 140682; 140761; 172399
same_name_state_authorized_official_phone,SOUTHEASTPHARMACEUTICALSINC,AL,JOHNHOLLEY,3348973746,2,1427167477; 1518054816,80668; 97388
same_name_state_authorized_official_phone,SOUTHERNCANCERCENTERPC,AL,LAURENPETTIS,2516075061,3,1568142099; 1619215381; 1962282178,106783; 116814; 183092
same_name_state_authorized_official_phone,SOUTHERNCAREPROVIDERSINC,LA,CARRIEADAMS,2257749200,2,1235394511; 1407011794,44500; 76201
same_name_state_authorized_official_phone,SOUTHERNCARESERVICESLLC,LA,SERNEKASTEVENSON,5043620376,2,1003069873; 1104078815,140; 19169
same_name_state_authorized_official_phone,SOUTHERNHOMEHEALTHCAREINC,AR,STEVETRICARICO,8709320990,2,1003991951; 1790787042,1829; 151451
same_name_state_authorized_official_phone,SOUTHERNMEDICAL,TN,AMBERBLAKELY,6158228888,2,1376796300; 1689668329,72044; 130472
same_name_state_authorized_official_phone,SOUTHERNORTHOPAEDICALLIANCEPLLC,AL,JOSEPHZARZOUR,2514352663,4,1154177947; 1255187043; 1699521484; 1902652704,28536; 47486; 132166; 172400
same_name_state_authorized_official_phone,SOUTHERNORTHOPAEDICALLIANCEPLLC,AL,JOSEPHZARZOUR,2519282401,3,1093561896; 1205682093; 1932955721,17867; 38800; 178934
same_name_state_authorized_official_phone,SOUTHERNORTHOPAEDICSURGEONSLLC,AL,ROLANDHESTER,3346139000,5,1326579582; 1356563613; 1427244722; 1669266599; 1962699611,62249; 67800; 80879; 126044; 184180
same_name_state_authorized_official_phone,SOUTHERNPAINANDSPINEASSOCIATESLLC,GA,ANKURPATEL,6789714167,2,1700742616; 1790642635,134388; 151133
same_name_state_authorized_official_phone,SOUTHERNPLAINSMEDICALCENTERINC,OK,HARESHKUMARBOGHARA,4052248111,2,1124198387; 1326118548,23557; 61239
same_name_state_authorized_official_phone,SOUTHFLORIDAORTHOPAEDICSSPORTSMEDICINEPA,FL,WILLIAMCARLSON,5616278500,3,1538900188; 1659112209; 1942158738,102797; 123975; 179133
same_name_state_authorized_official_phone,SOUTHFLORIDAORTHOPAEDICSSPORTSMEDICINEPA,FL,WILLIAMCARLSON,7722882400,4,1144000845; 1609763440; 1700201100; 1790837326,26538; 115442; 133713; 151641
same_name_state_authorized_official_phone,SOUTHFLORIDASURGICALSPECIALISTSLLC,FL,KUSHTRIPATHI,9546332397,3,1245170703; 1336089887; 1487594958,45526; 62785; 92350
same_name_state_authorized_official_phone,SOUTHGEORGIAMEDICALCENTER,GA,WILLIAMBRANNEN,2292594869,2,1386626570; 1831171867,73170; 158270
same_name_state_authorized_official_phone,SOUTHHILLDRUGCOMPANYINC,VA,VICKIEHAYES,4344478720,2,1093840050; 1629167317,18606; 118711
same_name_state_authorized_official_phone,SOUTHLAKECLINICINCPS,WA,MARIANNELARSON,4252515110,2,1386800753; 1548319171,73882; 103499
same_name_state_authorized_official_phone,SOUTHSIDEDRUGCOINC,TN,DONSLOAN,6153843546,2,1578014452; 1649312737,108620; 122609
same_name_state_authorized_official_phone,SOUTHTEXASCLINICALLABORATORYLTD,TX,ANDREWSANDERS,3615161601,3,1649459744; 1841071917; 1962967240,123081; 159900; 184693
same_name_state_authorized_official_phone,SOUTHWESTERNEYECENTERLTD,AZ,ARTHURBROOKFIELD,4808339100,3,1558102608; 1598506644; 1881919967,104847; 113154; 169303
same_name_state_authorized_official_phone,SOUTHWESTLABSINC,TX,DANVELAZQUEZ,9569718822,2,1174759971; 1720158108,33511; 137642
same_name_state_authorized_official_phone,SOUTHWESTORTHOPAEDICSINC,OH,DANIELKARNS,4408421570,2,1487703633; 1760539290,92725; 145525
same_name_state_authorized_official_phone,SOUTHWESTORTHOPEDICGROUPLLP,TX,KIMMCCONN,2812074000,2,1467651273; 1700085610,88987; 133495
same_name_state_authorized_official_phone,SOUTHWESTORTHOPEDICGROUPLLP,TX,KIMMCCONN,7138001120,3,1295987998; 1386896082; 1588816284,56885; 74106; 112055
same_name_state_authorized_official_phone,SPARKSMEDICALFOUNDATION,AR,REBECCACOX,4797097455,2,1538266937; 1801007372,101734; 152171
same_name_state_authorized_official_phone,SPECIALNEEDSSOLUTIONSLLC,TX,RAYBOCKOVER,9033300821,2,1124199369; 1487892345,23561; 93329
same_name_state_authorized_official_phone,SPECIALTYBRACELIMBINC,FL,SHERYLPRICE,4078439200,2,1730122524; 1841234135,139206; 160223
same_name_state_authorized_official_phone,SPECIALTYPHARMACYSERVICESINC,FL,THOMASSWITZLER,3219532004,2,1508831587; 1972508406,96573; 185312
same_name_state_authorized_official_phone,SPECIALTYSALESSERVICELLC,UT,MICHAELZELLER,8016791874,2,1114850997; 1396804753,22354; 75624
same_name_state_authorized_official_phone,SPECTRAMEDINC,MI,DANIELSTAYER,2486695757,2,1639188667; 1972938140,120462; 186551
same_name_state_authorized_official_phone,SPECTRASOUNDINC,IL,CRISTINABUCUR,7738530408,2,1700266012; 1770299521,133820; 146886
same_name_state_authorized_official_phone,SPECTRUMHEALTHHOMEMEDICALEQUIPMENTLLC,MI,MARKGUZICKI,6164862950,2,1427331495; 1699042952,81039; 131476
same_name_state_authorized_official_phone,SPECTRUMHEALTHHOSPITALS,MI,MATTHEWCOX,6163913759,2,1114014594; 1952409815,20920; 181652
same_name_state_authorized_official_phone,SPINESPECIALISTSOFSOUTHFLORIDALLC,FL,CARIANNEYANTZ,5615070800,3,1710344510; 1790142594; 1801253695,136068; 150485; 152681
same_name_state_authorized_official_phone,SPINESPORTSANDPAINMEDICINEPC,IN,MATTHEWCAVACINI,2609696200,2,1750516704; 1780819755,143866; 149842
same_name_state_authorized_official_phone,SPOKANEVALLEYMEDICALINC,WA,DAVIDREDMOND,5099286400,2,1225276264; 1629505607,42413; 119499
same_name_state_authorized_official_phone,SPRINGFIELDCLINICLLP,IL,ALANNERONE,2175287541,2,1316123284; 1972780278,59231; 186250
same_name_state_authorized_official_phone,SPRINGFIELDCLINICLLP,IL,JAMESNERONE,2175287541,4,1235633777; 1316435340; 1467940387; 1699279976,44869; 59842; 89508; 131861
same_name_state_authorized_official_phone,SPRINGFIELDDRUG,NE,KEITHHENTZEN,4022532000,2,1053854018; 1154864270,11143; 30098
same_name_state_authorized_official_phone,SPRINGFIELDDRUGSTORELLC,LA,DAVIDCASANOVA,2252945045,2,1891898961; 1972099430,171139; 184895
same_name_state_authorized_official_phone,SPRINGFIELDMEDICALCARESYSTEMSINC,VT,JOELWRIGHT,8332191535,2,1245053065; 1619790425,45411; 117640
same_name_state_authorized_official_phone,SPRINGFIELDSURGICALSUPPLYINC,NY,SHATELSTEWART,7185287301,2,1699055905; 1962568832,131505; 183872
same_name_state_authorized_official_phone,SPRXINC,FL,WILLIAMSCROGINS,9045753571,2,1568822377; 1700327020,108278; 133947
same_name_state_authorized_official_phone,SRIGANESHPHARMACYOFHYNDMANINC,PA,TEJASSHETH,8148423201,2,1699845354; 1992064737,132858; 188699
same_name_state_authorized_official_phone,SRTPROSTHETICSORTHOTICSLLC,IN,LESLIESIEBENALER,8666333961,3,1255681870; 1295000909; 1902156532,48718; 54968; 171739
same_name_state_authorized_official_phone,SRXLLC,AL,KELLYSTINSON,2516753333,2,1366133449; 1437532843,68683; 83261
same_name_state_authorized_official_phone,SSDRUGSINC,KS,MAXHEIDRICK,7857382285,2,1295703429; 1861461154,55906; 164408
same_name_state_authorized_official_phone,SSMHEALTHCAREOFWISCONSININC,WI,JOSEPHMINERATH,6082516100,2,1770597445; 1831132802,147404; 158171
same_name_state_authorized_official_phone,SSMHEALTHCAREOFWISCONSININC,WI,JOSEPHMINERATH,6083738000,2,1003258435; 1285020552,510; 53083
same_name_state_authorized_official_phone,SSMMEDICALGROUPINC,MO,KARENREWERTS,6363328455,2,1437573920; 1447633557,83333; 85309
same_name_state_authorized_official_phone,SSRXLLC,TX,MARKFETCENKO,7136608888,2,1184291700; 1790355576,34426; 150804
same_name_state_authorized_official_phone,SSSDSOLUTIONSLLC,CA,SARITASADHWANI,9499660432,2,1629663042; 1780299420,119720; 148751
same_name_state_authorized_official_phone,SSSINC,TX,WILLSHEPARD,2104240025,2,1750594081; 1841403177,144045; 160760
same_name_state_authorized_official_phone,STAFFMEDICALSUPPLYINC,NY,LEONARDOBAMBINA,7187743311,2,1578628871; 1780711358,109643; 149454
same_name_state_authorized_official_phone,STANDIFORDINVESTMENTSLLC,OR,JAMAICASTANDIFORD,5412713631,2,1376915207; 1437294808,72259; 82725
same_name_state_authorized_official_phone,STANFORDHEALTHCARE,CA,HARICHANDANAMULAMALLA,6507363800,2,1053835595; 1760366132,11104; 145054
same_name_state_authorized_official_phone,STANGELPHARMACYINC,IA,AARONSTANGEL,7124231131,2,1174515001; 1801020839,32680; 152185
same_name_state_authorized_official_phone,STANLEYVILLEFAMILYPHARMACYINC,NC,DAVIDPRICE,3363773979,2,1083997530; 1659512879,17071; 124922
same_name_state_authorized_official_phone,STANTONYPHARMACYINC,CA,EMADMICHAEL,3105249244,2,1609822519; 1992501068,115551; 189325
same_name_state_authorized_official_phone,STARDISCOUNTPHARMACYINC,AL,DARDENHERITAGE,2565341118,2,1336127158; 1639157381,62844; 120335
same_name_state_authorized_official_phone,STARDISCOUNTPHARMACYINC,AL,DARDENHERITAGE,2567210739,2,1093793820; 1487632147,18402; 92407
same_name_state_authorized_official_phone,STARLINGPHYSICIANSPLLC,CT,JEFFREYLEBENGER,8602583480,2,1306199351; 1477074649,57358; 89707
same_name_state_authorized_official_phone,STARLINGPHYSICIANSPLLC,CT,JEFFREYLEBENGER,8607218960,2,1215871975; 1356028344,41116; 66582
same_name_state_authorized_official_phone,STARMEDICALEQUIPMENTSERVICES,CA,BARLYNNTUCKER,9517720533,2,1497292346; 1578008371,94018; 108609
same_name_state_authorized_official_phone,STATESERVMEDICAL,FL,CHRISTOPHERROODE,4809669730,2,1447798681; 1700324944,85593; 133944
same_name_state_authorized_official_phone,STATESERVMEDICALLLC,LA,CHRISTOPHERROODE,5032009692,2,1487420477; 1538935515,92194; 102822
same_name_state_authorized_official_phone,STATESERVMEDICALOFFLORIDALLC,FL,CHRISTOPHERROODE,8776337250,3,1023884004; 1811323991; 1942076914,5585; 154939; 179067
same_name_state_authorized_official_phone,STATESERVMEDICALOFFLORIDALLC,GA,CHRISTOPHERROODE,8776337250,2,1154197143; 1184490187,28560; 34624
same_name_state_authorized_official_phone,STATESERVMEDICALOFPHOENIXLLC,AZ,CHRISTOPHERROODE,8776337250,2,1164051900; 1952765844,30321; 182441
same_name_state_authorized_official_phone,STATESERVMEDICALOFTEXAS,TX,CHRISTOPHERROODE,8776337250,3,1265076806; 1437545845; 1447646856,49267; 83280; 85331
same_name_state_authorized_official_phone,STATESERVMEDICALOFTEXASLLC,TX,CHRISTOPHERROODE,2149609175,2,1366218349; 1982470969,68778; 187308
same_name_state_authorized_official_phone,STATGENETIKINC,PR,CARMENRIPOLL,7875231922,2,1235492794; 1841067964,44656; 159898
same_name_state_authorized_official_phone,STATIONPHARMACYNYLLC,NY,DALERRAKHMONOV,6314188953,3,1184454647; 1457282865; 1639001373,34587; 86098; 120086
same_name_state_authorized_official_phone,STBERNARDSHOSPITALINC,AR,BENJAMINBARYLSKE,8702074995,2,1780556787; 1851263859,149033; 161994
same_name_state_authorized_official_phone,STCATHERINEHOSPITALINC,IN,CHARKULLERSTRAND,2193927691,2,1275407736; 1568806057,51564; 108256
same_name_state_authorized_official_phone,STCHARLESHEALTHSYSTEMINC,OR,MATTHEWSWAFFORD,5413823344,4,1194536474; 1427869700; 1629889902; 1760293039,36643; 81755; 119978; 144975
same_name_state_authorized_official_phone,STCLAIRSHOREPHARMACYMILLC,MI,HEMAPATEL,5863596517,2,1104260066; 1306583786,19509; 57873
same_name_state_authorized_official_phone,STCLOUDPHARMACYWELLNESSCENTER,FL,SAJITHOMAS,4075932959,3,1073098489; 1205328663; 1255827309,13378; 38396; 48954
same_name_state_authorized_official_phone,STCROIXORTHOPAEDICSPA,MN,AMYLINDSTROM,6514398807,5,1023385242; 1558648337; 1578830790; 1700163474; 1871870543,4926; 106057; 110244; 133639; 167289
same_name_state_authorized_official_phone,STCROIXORTHOPAEDICSPA,WI,AMYLINDSTROM,6514398807,7,1083991764; 1144507740; 1164709846; 1174800817; 1417234014; 1730452855; 1962789743,17056; 27709; 31557; 33611; 78733; 140115; 184390
same_name_state_authorized_official_phone,STEENPHARMACYLLC,MD,CHRISTINELEE,1410687811,2,1801369335; 1972074417,152896; 184856
same_name_state_authorized_official_phone,STEENPHARMACYLLC,MD,CHRISTINELEE,4106878113,2,1134628860; 1568904613,26100; 108432
same_name_state_authorized_official_phone,STEINHEILPHARMACYSERVICESLLC,OK,RICHARDSTEINHEIL,9184852722,2,1396753786; 1710449202,75397; 136265
same_name_state_authorized_official_phone,STELAMOUNALLC,NY,JOSEPHINELETTS,9146139374,2,1588323992; 1942969415,111021; 180847
same_name_state_authorized_official_phone,STELLARPHARMACYSERVICESINC,PA,BRIANSTELTZ,6109109580,2,1417355579; 1972164952,78990; 184976
same_name_state_authorized_official_phone,STEPHENFAUSTINCOMMUNITYHEALTHCENTERINC,TX,BRANDYSMITH,2818241470,3,1013580935; 1205534039; 1790454338,3088; 38667; 150924
same_name_state_authorized_official_phone,STEPHENFAUSTINCOMMUNITYHEALTHCENTERINC,TX,BRANDYSMITH,2818241480,3,1154909323; 1396305413; 1750140703,30162; 74841; 142937
same_name_state_authorized_official_phone,STEPHENJNICHOLASMDPC,NY,STEPHENNICHOLAS,2127373301,4,1093517393; 1144784851; 1457028003; 1831865450,17817; 28153; 85834; 159693
same_name_state_authorized_official_phone,STEPHENPINSKMDINC,CA,STEVEMERTENS,7078295883,6,1013060516; 1104979608; 1154337822; 1295888790; 1578616074; 1992857718,2113; 20792; 28789; 56640; 109612; 190157
same_name_state_authorized_official_phone,STEPHENSHEALTHCARESPECIALISTSPLLC,OK,JACLYNSTEPHENS,5804973325,2,1366765638; 1720011596,70051; 137194
same_name_state_authorized_official_phone,STEPPINGSTONESCOMMUNITYRESOURCESINC,NC,JESSICANEWTON,9199041909,2,1245764869; 1265966881,46985; 51053
same_name_state_authorized_official_phone,STERLINGPATHOLOGYMEDCORP,CA,CHENGGAOYANG,5627995518,2,1174518302; 1467444893,32684; 88216
same_name_state_authorized_official_phone,STERLINGPATHOLOGYMEDICALCORPORATION,CA,CHANGGAOYANG,5627998900,2,1255324018; 1780450817,47639; 148918
same_name_state_authorized_official_phone,STERLINGPHARMACYINC,NJ,MURRAYLIGHTMAN,8563461122,2,1134276637; 1639226673,25413; 120618
same_name_state_authorized_official_phone,STEVENLHORST,MO,STEVENHORST,5732438173,2,1760661102; 1922103886,145927; 175674
same_name_state_authorized_official_phone,STFRANCISSERVICESLLC,NE,MICHELLEBORGMANN,4023724060,2,1225865900; 1396696654,43257; 75243
same_name_state_authorized_official_phone,STJAMESHEALTHCARE,MT,PAMPALAGI,4064963610,2,1023355849; 1801148374,4865; 152472
same_name_state_authorized_official_phone,STJOHNSCOMMUNITYHEALTH,CA,PETERTAWFIK,2132267396,4,1356194252; 1528865326; 1811794613; 1821841727,66742; 100873; 155547; 157753
same_name_state_authorized_official_phone,STJOSEPHHEALTHENTERPRISES,MI,DONNASANDFORD,9893628591,2,1376607366; 1528122520,71504; 99572
same_name_state_authorized_official_phone,STJOSEPHHOSPITALLLC,ID,JOHNETTATRAYLOR,2087935920,2,1154270023; 1427907393,28616; 81802
same_name_state_authorized_official_phone,STLUKESHOSPITALOFDULUTH,MN,ERICLOHN,2182493068,2,1205319662; 1336774165,38384; 64377
same_name_state_authorized_official_phone,STLUKESHOSPITALOFDULUTH,MN,ERICLOHN,2182495555,2,1811772015; 1952926206,155526; 182680
same_name_state_authorized_official_phone,STLUKESHOSPITALOFDULUTH,MN,LORIPECK,2182492460,2,1154692184; 1568485860,29779; 107336
same_name_state_authorized_official_phone,STLUKESHOSPITALOFKANSASCITY,MO,AMYNACHTIGAL,8169865510,2,1588457923; 1952297921,111165; 181199
same_name_state_authorized_official_phone,STLUKESJONESREGIONALMEDICALCENTER,IA,RACHELVONBEHREN,3194626131,2,1932740024; 1982200523,178716; 186977
same_name_state_authorized_official_phone,STLUKESREGIONALMEDICALCENTER,ID,JEFFTAYLOR,2082884991,2,1386981231; 1427395177,74297; 81159
same_name_state_authorized_official_phone,STLUKESREGIONALMEDICALCENTER,ID,KELLEYCURTIS,2082057779,2,1386302131; 1609534221,72814; 115202
same_name_state_authorized_official_phone,STLUKESREGIONALMEDICALCENTER,ID,KELLYCURTIS,2083814353,2,1114705431; 1568241602,22217; 106870
same_name_state_authorized_official_phone,STLUKESREGIONALMEDICALCENTER,ID,KELLYCURTIS,2087065255,7,1013792993; 1124854427; 1194551499; 1215714373; 1609653310; 1770345381; 1801622105,3317; 24505; 36654; 40964; 115314; 146935; 153185
same_name_state_authorized_official_phone,STMARYSATHOMEINC,IN,KATHYHALL,8124854600,3,1013348697; 1285634303; 1558638825,2766; 53890; 106040
same_name_state_authorized_official_phone,STMARYSHEALTHINC,IN,DENNISJEWELL,8124854000,2,1154867265; 1629176375,30105; 118780
same_name_state_authorized_official_phone,STMARYSPHYSICIANASSOCIATESLLC,OK,TODDEVANS,5802493929,3,1346613833; 1568270882; 1740603265,65996; 106909; 142274
same_name_state_authorized_official_phone,STMEDICALGROUPLTD,IL,CHARLESLEVY,7735636400,2,1316689235; 1598286510,60175; 112915
same_name_state_authorized_official_phone,STNICHOLASHOSPITALSISTERSOFTHETHIRDORDEROFSTFRANCIS,WI,JOHNWAGNER,9204964700,4,1033557871; 1346668936; 1427617414; 1801217328,7020; 66088; 81495; 152603
same_name_state_authorized_official_phone,STORMONTVAILPHARMACYLLC,KS,JOSEPHROGERS,7852358796,3,1225124357; 1780766865; 1992450878,41956; 149618; 189283
same_name_state_authorized_official_phone,STREGISMEDICALEQUIPMENTCORP,NY,MARIAGIGLIO,3157327040,2,1386011278; 1417039819,72412; 78198
same_name_state_authorized_official_phone,STTHOMASCOMMUNITYHEALTHCENTERINC,LA,DONALDERWIN,5045295558,2,1538930490; 1922584523,102818; 176693
same_name_state_authorized_official_phone,STUBBSPROSTHETICSORTHOTICSINC,TN,MELANIESTUBBS,4236981778,2,1053395780; 1417055732,10096; 78296
same_name_state_authorized_official_phone,STVINCENTCHARITYMEDICALCENTER,OH,BENJAMINSILVER,2165922853,2,1184334583; 1962566844,34462; 183867
same_name_state_authorized_official_phone,STVINCENTHOSPITALHOSPITALSISTERSTHIRDORDEROFSTFRANCIS,WI,AMYCROUCH,9204964700,19,1033894472; 1215325428; 1285863282; 1376772376; 1467681460; 1467889006; 1487375895; 1508096389; 1548499544; 1578973343; 1639308638; 1649409640; 1700203452; 1720217722; 1760612543; 1851763320; 1871084483; 1902035900; 1932339447,7462; 40468; 54709; 71996; 89040; 89433; 92141; 95578; 104000; 110502; 120938; 122970; 133716; 137881; 145805; 163335; 165747; 171439; 178024
same_name_state_authorized_official_phone,STVINCENTMEDICALGROUPINC,IN,BRIANMORRIS,3179261056,2,1003582602; 1215606884,915; 40859
same_name_state_authorized_official_phone,STVINCENTSMEDICALCENTER,CT,CHRISTOPHERGIVEN,2035765713,2,1548673940; 1598039141,104302; 112475
same_name_state_authorized_official_phone,STVINCENTSORTHOPEDICSPC,AL,AMANDAFROMKIN,2059337838,2,1801670278; 1831880970,153242; 159708
same_name_state_authorized_official_phone,STVSPORTSMEDICINEORTHOPEDICSLLC,AL,LISAWARREN,2059393699,6,1033991864; 1154103976; 1235911058; 1457133274; 1770365504; 1871375600,7578; 28465; 45242; 85952; 146951; 166079
same_name_state_authorized_official_phone,SUBURBANHOMEMEDICALINC,CT,GREGCZAPIGA,8602360755,2,1104155084; 1811284300,19318; 154851
same_name_state_authorized_official_phone,SULLIVANSDISCOUNTDRUGSINC,MS,DAVIDHUDSON,6622893234,2,1154354314; 1558400549,28902; 105416
same_name_state_authorized_official_phone,SULLIVANSDRUGLLC,TX,RODOLFORANGEL,2813394577,2,1093726580; 1215064340,18144; 39903
same_name_state_authorized_official_phone,SUMMERSPHARMACYOFAPPLETONCITYINC,MO,JULIASUMMERS,6604762142,2,1477582625; 1497874937,90516; 95117
same_name_state_authorized_official_phone,SUMMERTONDRUGSINC,SC,EUGENEPHILLIPS,8034858725,2,1467582270; 1891770574,88826; 170733
same_name_state_authorized_official_phone,SUMMITHOMERESPIRATORYSERVICESINC,FL,KEITHGLISCH,2395965000,6,1023275732; 1124285838; 1144487869; 1265699979; 1629235338; 1952568677,4691; 23727; 27670; 50573; 118968; 182067
same_name_state_authorized_official_phone,SUMMITMEDICALGROUPPA,NJ,PETERSAUNDERS,9085883635,4,1043949704; 1639808389; 1902535669; 1932838679,9377; 121828; 172282; 178808
same_name_state_authorized_official_phone,SUMMITORTHOPEDICSLTD,MN,JOHNBIEN,6519685201,2,1306189642; 1962944827,57341; 184658
same_name_state_authorized_official_phone,SUMMITORTHOPEDICSPLLC,CO,MARKCONKLIN,3032331223,2,1265027668; 1821676008,49204; 157586
same_name_state_authorized_official_phone,SUMMITSTONEHEALTHPARTNERS,CO,CYNTHIADODDS,9704944200,3,1144048372; 1730935222; 1770368151,26580; 140808; 146955
same_name_state_authorized_official_phone,SUNCOASTMEDICALCLINICLLC,FL,GEORGEETTEL,7278248357,2,1306028428; 1760664882,56985; 145938
same_name_state_authorized_official_phone,SUNCOASTVITALCAREINC,FL,MONTEENVITOLA,3527961222,5,1184645954; 1497776264; 1548281314; 1639190408; 1992726764,34929; 94694; 103316; 120467; 189703
same_name_state_authorized_official_phone,SUNLIGHTDMECORP,FL,YAIMARARODRIGUEZ,3058839009,2,1295829810; 1942213202,56372; 179219
same_name_state_authorized_official_phone,SUNMEDICALEQUIPMENTINC,CA,SHAHZADAYAQOOT,9093078090,2,1184716672; 1528676905,35175; 100674
same_name_state_authorized_official_phone,SUNORTHOPAEDICGROUP,PA,PETERHEATH,5705244446,6,1073734265; 1295956498; 1336360536; 1750502118; 1841411105; 1982825170,14649; 56827; 63655; 143841; 160775; 188214
same_name_state_authorized_official_phone,SUNRAYSUPERDRUGSINC,NY,HENRYKAHN,6312064000,2,1265564165; 1841478922,50249; 160905
same_name_state_authorized_official_phone,SUNSHINECOMMUNITYHEALTHCENTERINC,AK,AMANDASIMPSON,9077332273,2,1740005792; 1821812876,140877; 157731
same_name_state_authorized_official_phone,SUNYHEALTHSCIENCECENTERATSYRACUSE,NY,STUARTWRIGHT,3154643784,2,1396330932; 1740796697,74882; 142586
same_name_state_authorized_official_phone,SUPERCARELLC,CA,JOHNCASSAR,8002064880,10,1073963468; 1154725208; 1164832788; 1215738893; 1336599729; 1376173963; 1538519921; 1629473491; 1902863202; 1972953362,15112; 29845; 31789; 40993; 64150; 70727; 102276; 119454; 172861; 186574
same_name_state_authorized_official_phone,SUPERDDRUGSACQUISITIONCO,MO,GARYBOONE,5732762737,2,1437288438; 1568463107,82710; 107207
same_name_state_authorized_official_phone,SUPERIORPROSTHETICSORTHOTICSLLC,TX,BACILIOMORENO,2105930953,2,1235195330; 1407286297,43889; 76728
same_name_state_authorized_official_phone,SUPERIORSLEEPANDWELLNESSLLC,MI,FRANKHOLECEK,2488441415,2,1154271468; 1790282895,28622; 150718
same_name_state_authorized_official_phone,SUPERPHARMACYLLC,DC,ENOCKADEWUYI,2023880050,2,1548308562; 1871608166,103476; 166589
same_name_state_authorized_official_phone,SUPERSAVEHIGHLANDPHARMACY,ID,TORISHAVER,2082379393,2,1003802315; 1437145240,1119; 82082
same_name_state_authorized_official_phone,SUPERSAVERDRUGSINC,MS,JILLGOOCH,6625344774,2,1083896195; 1326151739,16852; 61395
same_name_state_authorized_official_phone,SUPERVALUPHARMACIESINC,MN,JESSICAOCONNELL,6517794023,2,1184700049; 1922879683,35114; 177006
same_name_state_authorized_official_phone,SUPREMEMARKETINGLLC,FL,ARIOLGILLES,5618178093,2,1033056106; 1124965306,5719; 24609
same_name_state_authorized_official_phone,SURGICALSPECIALISTSOFOKLAHOMAPLLC,OK,ANGELACOSBY,4052422101,3,1730368804; 1952580037; 1972782795,139962; 182086; 186262
same_name_state_authorized_official_phone,SURGICALSPECIALISTSOFOKLAHOMAPLLC,OK,ANGELACOSBY,4058424850,2,1447439534; 1902085087,84929; 171577
same_name_state_authorized_official_phone,SURGICALSPECIALISTSOFOKLAHOMAPLLC,OK,DAVIDJOHNSON,4052422101,2,1164601241; 1245419340,31345; 46391
same_name_state_authorized_official_phone,SURGICALSPECIALISTSOFOKLAHOMAPLLC,OK,DAVIDJOHNSON,4058424850,2,1245419076; 1477732568,46389; 91066
same_name_state_authorized_official_phone,SURVIVORFRIENDLYLLC,NC,JACQUELINECROMITY,7044829938,2,1043882327; 1356171284,9340; 66724
same_name_state_authorized_official_phone,SURVIVORFRIENDLYLLC,NC,JACQUELINECROMITY,9197479336,3,1316613490; 1609542083; 1629835475,60081; 115209; 119929
same_name_state_authorized_official_phone,SUSANPDETWILERMDINC,CA,SUSANDETWILER,8585397300,2,1487687414; 1962611350,92667; 183984
same_name_state_authorized_official_phone,SUTTERBAYMEDICALFOUNDATION,CA,KRISTINKELLER,4085233060,2,1144911140; 1356070221,28285; 66613
same_name_state_authorized_official_phone,SUTTERBAYMEDICALFOUNDATION,CA,KRISTINKELLER,4087396000,2,1134904899; 1669287033,26453; 126061
same_name_state_authorized_official_phone,SUTTERBAYMEDICALFOUNDATION,CA,KRISTINKELLER,5104983900,2,1558090407; 1598494452,104836; 113138
same_name_state_authorized_official_phone,SUTTERBAYMEDICALFOUNDATION,CA,KRISTINKELLER,6508532948,3,1295459246; 1326762543; 1902520455,55667; 62431; 172272
same_name_state_authorized_official_phone,SUTTERNORTHMEDICALFOUNDATION,CA,DAVIDYAMAMOTO,5307493500,3,1366588808; 1386790434; 1629114061,69692; 73854; 118550
same_name_state_authorized_official_phone,SUTTERVALLEYHOSPITALS,CA,ASHLEYHUBBARD,5108698454,2,1174470041; 1528915402,32603; 100931
same_name_state_authorized_official_phone,SUTTERVALLEYMEDICALFOUNDATION,CA,KRISTINKELLER,2095241211,2,1144695958; 1285009035,28038; 53053
same_name_state_authorized_official_phone,SUTTERVALLEYMEDICALFOUNDATION,CA,KRISTINKELLER,2099577050,2,1063887883; 1356716179,13063; 68089
same_name_state_authorized_official_phone,SUTTERVALLEYMEDICALFOUNDATION,CA,KRISTINKELLER,9167317900,2,1013077700; 1538494893,2176; 102232
same_name_state_authorized_official_phone,SUTTERVALLEYMEDICALFOUNDATION,CA,KRISTINKELLER,9167815188,2,1083949341; 1841351509,16975; 160527
same_name_state_authorized_official_phone,SUTTERVISITINGNURSEASSOCIATIONANDHOSPICE,CA,MARKMCPHERSON,8002811764,3,1114247681; 1629183090; 1669115804,21538; 118815; 125886
same_name_state_authorized_official_phone,SUTTONORTHOPAEDICSSPORTSMEDICINEPC,GA,JOSEPHSUTTON,7703898386,2,1245457647; 1962629360,46448; 184008
same_name_state_authorized_official_phone,SWCCORPORATION,CT,AMYKURZATKOWSKI,2038522690,2,1285627414; 1356460943,53874; 67533
same_name_state_authorized_official_phone,SWEDISHHEALTHSERVICES,WA,DONALDANDERSON,2063869500,2,1033573233; 1740636018,7044; 142329
same_name_state_authorized_official_phone,SWHEALTHCARE,MO,PHILLIPWILKINS,4177787727,2,1164770822; 1437567211,31693; 83317
same_name_state_authorized_official_phone,SWPHARMACYINC,GA,SARAHARTHUR,7062599787,2,1326255522; 1730290339,61671; 139741
same_name_state_authorized_official_phone,SYBEXLABS,NJ,YASIRRIZVI,8313189196,2,1558243709; 1821969643,104991; 157867
same_name_state_authorized_official_phone,SYMCAREINC,FL,DIMEJILAWAL,9545304808,2,1013226539; 1710296132,2532; 135958
same_name_state_authorized_official_phone,SYNERGENRXLLC,GA,JONATHANPERSONIUS,4045857517,2,1699347682; 1811550528,131977; 155291
same_name_state_authorized_official_phone,TAHOEFRACTUREANDORTHOPEDICMEDICALCLINICINC,NV,DAVIDJONES,7757836190,3,1063953537; 1205098001; 1528594918,13166; 37988; 100594
same_name_state_authorized_official_phone,TALBERTSMEDICALLLC,LA,MARYTALBERT,3374392119,2,1215995592; 1689619520,41516; 130383
same_name_state_authorized_official_phone,TALLAHASSEEORTHOPEDICCLINICIIIPL,FL,LORICARTER,8139789700,23,1104671932; 1154006815; 1154176972; 1225883044; 1376398198; 1386499119; 1396590113; 1437904257; 1447005269; 1457106288; 1477308203; 1487409207; 1508691056; 1679328496; 1710732532; 1710732540; 1740035567; 1750136578; 1801641634; 1871348698; 1881449601; 1942055769; 1952156770,19987; 28383; 28534; 43277; 70978; 73032; 75144; 83786; 83881; 85921; 89994; 92184; 96391; 128070; 136576; 136577; 140899; 142931; 153205; 166051; 168122; 179038; 181053
same_name_state_authorized_official_phone,TALLAHASSEEORTHOPEDICCLINICIIIPL,FL,LORICARTER,8505263236,2,1093907495; 1932391364,18810; 178156
same_name_state_authorized_official_phone,TALLAHASSEEORTHOPEDICCLINICIIIPL,FL,LORICARTER,8508778174,2,1851425037; 1992012181,162501; 188623
same_name_state_authorized_official_phone,TALLAHASSEEORTHOPEDICCLINICIIIPL,FL,RAVICHARI,8139789700,9,1134081771; 1235087925; 1447187042; 1497617948; 1508728049; 1730041278; 1770445314; 1811859416; 1871455311,24735; 43484; 84061; 94376; 96437; 139038; 147042; 155623; 166167
same_name_state_authorized_official_phone,TALLAHASSEEORTHOPEDICCLINICIIIPL,GA,LORICARTER,2292263060,2,1033805270; 1871289009,7376; 165994
same_name_state_authorized_official_phone,TAMARACKPHARMACYLLC,ID,JEFFREYHARRELL,2084574112,2,1659187383; 1801689781,124055; 153261
same_name_state_authorized_official_phone,TAMNYINC,NY,STEPHENMENSAH,7186187305,2,1427925007; 1609741388,81826; 115426
same_name_state_authorized_official_phone,TAMPAFAMILYHEALTHCENTERSINC,FL,SHERRYHOBACK,8133975300,3,1114268950; 1477604486; 1811661440,21585; 90610; 155417
same_name_state_authorized_official_phone,TAMPAFAMILYHEALTHCENTERSINC,FL,SHERRYHOBACK,8138660930,3,1215496641; 1912378795; 1962724807,40735; 174237; 184244
same_name_state_authorized_official_phone,TAMPAPALMSPHARMACYLLC,FL,JOBYTHOMAS,8136050300,2,1679112726; 1952776536,127831; 182460
same_name_state_authorized_official_phone,TAMPASPECIALTYPHARMACYLLC,FL,ALPESHPATEL,8136447277,2,1811133424; 1912436775,154504; 174339
same_name_state_authorized_official_phone,TANBINHPHARMACYINC,CA,CAROLINENGUYEN,7145318275,2,1023010923; 1336293752,3830; 63514
same_name_state_authorized_official_phone,TANDEMHEALTHSC,SC,ANNIEBROWN,8037744579,2,1003371386; 1114114501,673; 21295
same_name_state_authorized_official_phone,TARC,LA,KATHLEENABELS,9855490712,2,1548472228; 1710285085,103953; 135931
same_name_state_authorized_official_phone,TARGET99LLC,TX,SYEDKASHIFIJAZ,6506755235,2,1063303956; 1942198015,11657; 179176
same_name_state_authorized_official_phone,TARHEELAPOTHECARIESINC,NC,RUTHHIGGINS,8286699970,2,1104120070; 1801908819,19247; 153790
same_name_state_authorized_official_phone,TARRANTCOUNTYHOSPITALDISTRICT,TX,JOELWRIGHT,8177023531,2,1104991785; 1205383510,20840; 38503
same_name_state_authorized_official_phone,TATARESOURCESLLC,FL,STEPHENBANJOKO,8132213131,2,1578194536; 1679743157,108856; 129084
same_name_state_authorized_official_phone,TAYLOREDSHOES,CA,KEITHTAYLOR,7072900627,2,1184993941; 1811266679,35875; 154822
same_name_state_authorized_official_phone,TB2GINC,CA,JACQUELINELEE,8054865949,2,1790099620; 1790920957,150421; 151964
same_name_state_authorized_official_phone,TCGINTERESTSLLC,TX,CAMEOZEHNDER,7133832100,3,1316548415; 1801405717; 1881288983,59995; 152934; 167951
same_name_state_authorized_official_phone,TCMEDICALEQUIPMENTINC,MS,TIFFANYCHADWICK,6623358420,2,1639032360; 1669337044,120127; 126115
same_name_state_authorized_official_phone,TCTOOLELLC,KY,HAROLDTOOLE,5024843444,2,1275637233; 1568504470,52204; 107454
same_name_state_authorized_official_phone,TECHNICAREINC,KY,TAMMYJOHNSON,8592535353,2,1487767554; 1750494811,93031; 143813
same_name_state_authorized_official_phone,TECHRIDGEPROSTHETICSPLLC,TX,ANTHONYFRAELLO,5122972724,2,1487104014; 1578318648,91763; 109019
same_name_state_authorized_official_phone,TELLURIDEMEDICALCENTER,CO,PAMMCCREEDY,9707283848,2,1225229966; 1629656467,42329; 119714
same_name_state_authorized_official_phone,TENETFLORIDAPHYSICIANSERVICESIILLC,FL,BRIANRASMUS,5613948443,2,1538883947; 1902518186,102775; 172268
same_name_state_authorized_official_phone,TENETFLORIDAPHYSICIANSERVICESIILLC,FL,BRIANRASMUS,5618445255,3,1285252924; 1477247641; 1720790843,53447; 89923; 138776
same_name_state_authorized_official_phone,TENNESSEELIMBANDBRACELLC,TN,BARRYDAVIDSON,9318549455,2,1326319633; 1972336667,61787; 185124
same_name_state_authorized_official_phone,TENNESSEESLEEPSOLUTIONSLLC,TN,WARRENMELAMED,6158244833,2,1407259542; 1528460227,76678; 100386
same_name_state_authorized_official_phone,TERRANOVARX,PA,CATHERINEWISNIEWSKI,7174842649,2,1508446212; 1942208269,96122; 179200
same_name_state_authorized_official_phone,TERREHAUTEHOMEHEALTHCAREPRODUCTSINC,IN,DAVIDANDERSON,8122346084,2,1114257813; 1790789139,21561; 151459
same_name_state_authorized_official_phone,TERREHAUTEMEDICALLABORATORYINC,IL,WILLIAMDEPOND,8122440100,2,1164749503; 1477870772,31647; 91325
same_name_state_authorized_official_phone,TERRYDISCOUNTDRUGS,MS,LAMBERTLANE,6018785841,2,1083795561; 1164537197,16623; 31172
same_name_state_authorized_official_phone,TETAYLORINC,NC,ELIZABETHTAYLOR,9102766061,2,1336245166; 1760516850,63354; 145461
same_name_state_authorized_official_phone,TETONCLINICALPHARMACYINC,ID,JASONBAILEY,2085293636,2,1316949910; 1487711065,60459; 92749
same_name_state_authorized_official_phone,TETONHANDTHERAPYINC,CO,CYNTHIAGRIGGS,9709015642,2,1215211172; 1962785626,40242; 184378
same_name_state_authorized_official_phone,TEXASCENTRALRXLLC,TX,RAJCHHADUA,8883629587,3,1003502824; 1518578046; 1821849241,827; 98442; 157761
same_name_state_authorized_official_phone,TEXASINFUSIONLLC,TX,AYESHASABEEN,9723729787,2,1477223832; 1689320269,89898; 129966
same_name_state_authorized_official_phone,TEXASOXYCAREINC,TX,SHAWNLEONARD,3256555756,2,1023187119; 1215098892,4504; 39999
same_name_state_authorized_official_phone,TEXOMAMEDICALSERVICESINC,OK,KARENDAILY,5809953500,2,1285898544; 1639133432,54775; 120299
same_name_state_authorized_official_phone,TGHEALTHCAREINC,CA,KHANHLONGTHAI,6264482507,2,1194279604; 1568477180,36360; 107250
same_name_state_authorized_official_phone,THE21CLUBOFCNYINC,TX,CAROLYNWALDRON,7137662796,2,1477410090; 1700743325,90098; 134389
same_name_state_authorized_official_phone,THEAJANIBRANDLLC,GA,WENDYSTALLWORTH,5134008349,2,1194592618; 1730956269,36702; 140827
same_name_state_authorized_official_phone,THEAPOTHECARYDRUGSINC,MI,ASHOKEDUPUGANTI,5174820882,2,1285769224; 1962431742,54497; 183418
same_name_state_authorized_official_phone,THEBARTELLDRUGCOMPANY,WA,PETERKOO,2067632626,2,1013305036; 1437400744,2683; 83000
same_name_state_authorized_official_phone,THEBLEEDINGANDCLOTTINGDISORDERSINSTITUTE,IL,MICHAELTARANTINO,3096925337,2,1639508567; 1962783431,121351; 184373
same_name_state_authorized_official_phone,THECARLEFOUNDATIONHOSPITAL,IL,JAMESLEONARD,2173833311,2,1437559028; 1851177091,83304; 161893
same_name_state_authorized_official_phone,THECENTERFORORTHOPEDICRESEARCHANDEDUCATION,AZ,DAVIDJACOFSKY,6235375600,3,1215137047; 1649470477; 1669652616,40089; 123103; 127069
same_name_state_authorized_official_phone,THECENTERFORPAINOFMONTGOMERYLLC,AL,BRITNICULLEN,8555277246,12,1033916101; 1043178882; 1053118125; 1245037308; 1285431346; 1437956505; 1528865698; 1548032352; 1659178705; 1669279733; 1750249520; 1811794977,7484; 7741; 9571; 45386; 53680; 83828; 100874; 102923; 124044; 126055; 143068; 155548
same_name_state_authorized_official_phone,THECENTRALORTHOPEDICGROUPLLP,NY,SCOTTSILVERBERG,5166818822,2,1669006375; 1770117483,125759; 146688
same_name_state_authorized_official_phone,THECHILDRENSMERCYHOSPITAL,MO,ROBERTFINUF,8168955000,2,1184768293; 1598809600,35390; 113775
same_name_state_authorized_official_phone,THECLEVELANDCLINICFOUNDATION,OH,DANIELMEDVE,2169861256,2,1306090022; 1740434273,57134; 141939
same_name_state_authorized_official_phone,THECLEVELANDCLINICFOUNDATION,OH,DENNISLARAWAY,8002232273,2,1497882690; 1811069685,95131; 154314
same_name_state_authorized_official_phone,THECOLUMBUSORTHOPAEDICCLINICPA,MS,TAMMYGAVIN,6013859111,2,1225849599; 1801607171,43238; 153170
same_name_state_authorized_official_phone,THECOLUMBUSORTHOPAEDICCLINICPA,MS,TAMMYGAVIN,6623281012,3,1336917244; 1447028352; 1689442592,64527; 83909; 130107
same_name_state_authorized_official_phone,THEDACAREINCORPORATED,WI,WILLIAMFLETT,9209690919,6,1194812784; 1295823508; 1376554865; 1699915504; 1760528798; 1780031559,37195; 56341; 71193; 133149; 145493; 148420
same_name_state_authorized_official_phone,THEDACAREREGIONALMEDICALCENTERAPPLETONINC,WI,WILLIAMFLETT,9207314101,2,1417627704; 1861822991,79355; 165300
same_name_state_authorized_official_phone,THEDAILYPLANETINC,VA,ANITABENNETT,8047832505,2,1790464493; 1952153561,150936; 181046
same_name_state_authorized_official_phone,THEDRIVEINPHARMACYINC,MO,LARRYKIMBEL,5735816450,2,1134119043; 1306989769,24788; 58791
same_name_state_authorized_official_phone,THEEYEGROUPOFSOUTHERNINDIANALLC,IN,WILLIAMPENLAND,8124226977,2,1629174545; 1790886547,118769; 151826
same_name_state_authorized_official_phone,THEFIRSTSOURCEDMELLC,TX,JARVISMCKINNEY,9294941034,2,1013847979; 1992638779,3359; 189444
same_name_state_authorized_official_phone,THEFOOTGROUPLLC,CT,MICHAELSCANLON,8604564250,2,1184772071; 1619005253,35399; 116217
same_name_state_authorized_official_phone,THEHANDANDWRISTINSTITUTEPA,TX,JOHNKNIGHT,8173826789,2,1356208318; 1811830714,66756; 155572
same_name_state_authorized_official_phone,THEHEALTHCARECONNECTIONINC,OH,JOLENEJOSEPH,5135544100,2,1083360853; 1558162040,15641; 104914
same_name_state_authorized_official_phone,THEIOWACLINIC,IA,ERICBARP,5158759706,2,1164412672; 1639169071,30668; 120363
same_name_state_authorized_official_phone,THEIOWACLINICPC,IA,ERICBARP,5158759876,3,1174792873; 1184056129; 1528058310,33596; 34094; 99273
same_name_state_authorized_official_phone,THEIOWACLINICPC,IA,ERICBARP,5158759908,2,1235985763; 1700657814,45322; 134290
same_name_state_authorized_official_phone,THEJANZCORPORATION,CA,GREGFINSTERBUSCH,6147597700,2,1386257251; 1992318059,72763; 189139
same_name_state_authorized_official_phone,THEJANZCORPORATION,GA,TONIROHRER,6147597700,2,1306542675; 1467158725,57823; 87881
same_name_state_authorized_official_phone,THEJANZCORPORATION,GERMANY,GREGFINSTERBUSCH,6147597700,2,1861008237; 1942816467,163697; 180671
same_name_state_authorized_official_phone,THEJANZCORPORATION,GERMANY,TONIROHRER,6147597700,2,1043971716; 1114518768,9411; 21999
same_name_state_authorized_official_phone,THEKNEEPAINCENTERPLLC,MI,EDDIEELYUSSIF,5866005633,2,1730023920; 1881489409,139007; 168188
same_name_state_authorized_official_phone,THEKROGERCO,KS,WENDELLWOOLF,8666805133,2,1093858474; 1952444036,18654; 181762
same_name_state_authorized_official_phone,THELANAIRCOINC,TX,RAYMONDALLEN,7137958909,2,1033212568; 1740555911,6212; 142190
same_name_state_authorized_official_phone,THEMEDITRENDGROUPINC,FL,THOMASSTERN,9546331008,4,1093841736; 1487780045; 1821124538; 1831225580,18610; 93051; 156472; 158423
same_name_state_authorized_official_phone,THEMEMORIALHOSPITAL,MI,JORRITREMAIN,9897207500,2,1558105692; 1720964067,104850; 138959
same_name_state_authorized_official_phone,THEMEMORIALHOSPITAL,MI,JORRITREMAIN,9897294781,2,1013655414; 1609514090,3165; 115167
same_name_state_authorized_official_phone,THEMETHODISTHOSPITAL,TX,MARCBOOM,2817370070,2,1073112272; 1801208665,13394; 152578
same_name_state_authorized_official_phone,THEMETROHEALTHSYSTEM,OH,BRANDONDOPPELHEUER,2167783362,2,1053772715; 1063873297,11003; 13036
same_name_state_authorized_official_phone,THEMETROHEALTHSYSTEM,OH,BRANDONDOPPELHEUER,2169576337,2,1871180026; 1992529911,165860; 189349
same_name_state_authorized_official_phone,THEMOBILITYDEPOTLLC,LA,KEITHMENVILLE,2252152222,2,1093367815; 1417912924,17676; 79654
same_name_state_authorized_official_phone,THEMOSESHCONEMEMORIALHOSPITALOPERATINGCORPORATION,NC,ASHLEYEAST,3362185762,3,1114819240; 1467308338; 1912853888,22341; 88048; 174797
same_name_state_authorized_official_phone,THEMOSESHCONEMEMORIALHOSPITALOPERATINGCORPORATION,NC,ASHLEYEAST,3368903050,2,1235969973; 1497414197,45310; 94160
same_name_state_authorized_official_phone,THENEBRASKAMEDICALCENTER,NE,MARYCAVANAUGH,4025595215,2,1750130118; 1952155459,142926; 181049
same_name_state_authorized_official_phone,THEORTHOPAEDICCENTEROFCENTRALVIRGINIAINC,VA,BARBIEHAYES,4348457035,4,1033271671; 1255493888; 1497815005; 1629138227,6425; 48322; 94842; 118605
same_name_state_authorized_official_phone,THEORTHOPEDICINSTITUTEOFVIRGINIAPLLC,VA,KENNETHZASLAV,8042701305,4,1295122364; 1336536424; 1801283999; 1821485905,55192; 64044; 152731; 157313
same_name_state_authorized_official_phone,THEOTHERGUYSPHARMACYINC,TX,SEMGARZA,9564053232,2,1457965691; 1942790530,87656; 180640
same_name_state_authorized_official_phone,THEPAINCENTEROFARIZONAPC,AZ,CATHYHARDESTY,6235168252,8,1053802991; 1154780237; 1477956621; 1548751365; 1710368410; 1720495146; 1750873287; 1902213325,11055; 29940; 91487; 104432; 136111; 138392; 144540; 171835
same_name_state_authorized_official_phone,THEPODIATRYGROUPOFSOUTHTEXASPA,TX,KARENSINCLAIR,2102274164,3,1083715056; 1316048614; 1831290931,16315; 59024; 158651
same_name_state_authorized_official_phone,THEPODIATRYGROUPOFSOUTHTEXASPA,TX,KARENSINCLAIR,2108291880,3,1669573697; 1710117817; 1821220005,126789; 135565; 156779
same_name_state_authorized_official_phone,THEPOLYCLINICPLLC,WA,CRAIGPEPIN,2063291760,4,1063892727; 1306226170; 1407236367; 1821478686,13071; 57405; 76627; 157303
same_name_state_authorized_official_phone,THEPORRETTACENTERFORORTHOPAEDICSURGERYPLLC,MI,DAVIDMARKEL,8669742673,4,1053758391; 1407428584; 1639576440; 1659763563,10981; 76935; 121451; 125412
same_name_state_authorized_official_phone,THEPROMPTCARECOMPANIESINC,NY,STEPHENLARIVIERE,8777766782,4,1134742166; 1356964381; 1750904785; 1770106700,26266; 68473; 144574; 146672
same_name_state_authorized_official_phone,THEPROMPTCARECOMPANIESINC,PA,STEPHENLARIVIERE,8882787702,3,1164960100; 1245778745; 1679011175,32002; 47006; 127672
same_name_state_authorized_official_phone,THERAFITENTERPRISESOFNEWJERSEYINCORPORATED,NJ,CHRISTINECRAWFORD,7326390068,2,1003429812; 1720834039,747; 138831
same_name_state_authorized_official_phone,THERAPYMANAGEMENTSERVICESPLLC,WA,DWANDIAZ,4258238055,2,1033756986; 1265659387,7332; 50486
same_name_state_authorized_official_phone,THERAPYSUPPORTINC,OH,RUSCELLPAVLIN,8778854325,4,1417990102; 1578732764; 1740458611; 1841233467,79945; 110024; 141986; 160220
same_name_state_authorized_official_phone,THETAMARKINCOMPANY,OH,DEBORAHELMS,3303368990,2,1255346169; 1639302557,47704; 120929
same_name_state_authorized_official_phone,THETAMARKINCOMPANY,OH,DEBORAHELMS,6145380801,2,1457660516; 1780976746,87160; 150135
same_name_state_authorized_official_phone,THETHERAPYSOURCEINC,OH,MINDYHEIL,5135745400,4,1083138705; 1871806638; 1942579248; 1982819405,15373; 167157; 180290; 188206
same_name_state_authorized_official_phone,THETRAININGROOMINC,MD,WILLIAMBOLESTA,4103744000,10,1164632949; 1205046000; 1326258104; 1588873111; 1699984229; 1750591533; 1861601494; 1902015522; 1932315330; 1982813507,31405; 37876; 61673; 112194; 133299; 144042; 164856; 171405; 177983; 188193
same_name_state_authorized_official_phone,THETRAININGROOMINC,MD,WILLIAMBOLESTA,8005001878,18,1013186741; 1043489727; 1184893869; 1215106869; 1306015953; 1346419967; 1356510036; 1356510713; 1376712000; 1417126194; 1427227040; 1437328028; 1558530287; 1598934275; 1619146230; 1619146396; 1629247309; 1982873501,2432; 8722; 35686; 40017; 56938; 65613; 67664; 67668; 71876; 78494; 80820; 82825; 105820; 114207; 116658; 116660; 118995; 188333
same_name_state_authorized_official_phone,THETRAININGROOMINC,VA,WILLIAMBOLESTA,4103744000,2,1417166984; 1568672269,78601; 107998
same_name_state_authorized_official_phone,THEUNIVERSITYOFCHICAGOMEDICALCENTER,IL,DENISESCARPELLI,7738347002,2,1255895678; 1780734103,49062; 149506
same_name_state_authorized_official_phone,THEUNIVERSITYOFTEXASSOUTHWESTERNMEDICALCENTERATDALLAS,TX,BRUCEMEYER,2146450624,3,1003903428; 1366530065; 1396832713,1504; 69452; 75725
same_name_state_authorized_official_phone,THEWORLDHEALTHCLINICIANSINCORPORATED,CT,RANJEETAMHATRE,2039391765,2,1225376643; 1528407228,42608; 100291
same_name_state_authorized_official_phone,THHACQUISITIONLLCI,IL,WENDYRUSSALESI,8479319300,3,1134895006; 1306290366; 1760836720,26444; 57511; 146242
same_name_state_authorized_official_phone,THIRTEENTHAVENUEPHARMACY,MS,KYLEMAULDIN,6014287257,2,1255474102; 1689898579,48269; 131230
same_name_state_authorized_official_phone,THOMASDREIDENBACH,CA,THOMASREIDENBACH,7074688991,2,1427248772; 1629158308,80892; 118679
same_name_state_authorized_official_phone,THOMASDRUGSTOREINC,SC,NELLROBINSON,8034759665,2,1053504191; 1558386060,10498; 105313
same_name_state_authorized_official_phone,THOMASDRUGSTOREOFDUNNINC,NC,PAIGEHOUSTON,9108922114,2,1356448294; 1386897460,67457; 74107
same_name_state_authorized_official_phone,THOMPSONPHARMACYINC,MI,MARKTHOMPSON,2319474212,2,1174502983; 1346704517,32649; 66155
same_name_state_authorized_official_phone,THOUSANDOAKSHEALTHCARELLC,TX,ROHITCHAUDHARY,2104902733,2,1295046696; 1346947298,55049; 66473
same_name_state_authorized_official_phone,THREEAMIGOSAPOTHECARYLLC,KS,BRIANCASWELL,6203362144,2,1689911810; 1720154826,131257; 137633
same_name_state_authorized_official_phone,THRIFTDRUGSATECHCLLC,FL,DARRELLMILLER,8504953955,2,1255848958; 1548777659,48974; 104466
same_name_state_authorized_official_phone,THRIFTYPAYLESSINC,CA,JENNIFERZOREK,7177612633,11,1033668652; 1205086048; 1437874062; 1457716698; 1568843019; 1629614300; 1679056014; 1841444049; 1871757195; 1932353133; 1982069704,7201; 37959; 83753; 87257; 108321; 119664; 127740; 160840; 167024; 178055; 186786
same_name_state_authorized_official_phone,THRIFTYPAYLESSINC,CA,JENNIFERZOREK,7179755937,2,1568985091; 1801323225,108558; 152828
same_name_state_authorized_official_phone,THRIFTYWAYPHARMACYOFABBEVILLEINC,LA,MASONROMERO,3378936304,2,1255351607; 1568443703,47775; 107163
same_name_state_authorized_official_phone,THRIFTYWAYPHARMACYOFMAMOULLC,LA,AMITJAIN,3374687111,2,1679775779; 1992245468,129163; 189033
same_name_state_authorized_official_phone,THRIFTYWAYPHARMACYOFVILLEPLATTEINC,LA,ALAINABISCHOFF,3373636685,2,1023504172; 1285719575,5139; 54282
same_name_state_authorized_official_phone,TIDEWATERPHARMACYMEDICALSUPPLYLLC,SC,CHADSTRAUGHAN,8433756310,4,1417316548; 1417341132; 1760876486; 1962896688,78923; 78965; 146307; 184573
same_name_state_authorized_official_phone,TIERNEYORTHOTICSANDPROSTHETICSINC,NC,CYNTHIATIERNEY,3365467165,2,1497158554; 1992641419,93804; 189454
same_name_state_authorized_official_phone,TIFFANYNATURALPHARMACYINC,NJ,BRIANPINTO,9082332200,2,1093855058; 1508878992,18644; 96721
same_name_state_authorized_official_phone,TIFFANYTHUINC,CA,TIFFANYLAM,4083470193,2,1154327302; 1811490659,28709; 155211
same_name_state_authorized_official_phone,TILDINC,TX,IRFANMOMIN,8327709905,2,1578623716; 1821459017,109629; 157265
same_name_state_authorized_official_phone,TIMMITCHELLMEDICALINC,MO,MICHAELSMITH,4174519301,2,1316041353; 1902945470,58980; 173098
same_name_state_authorized_official_phone,TIMMITCHELLMEDICALINC,MO,TIMMITCHELL,4174513776,2,1144566811; 1184059784,27832; 34102
same_name_state_authorized_official_phone,TIMMITCHELLMEDICALINC,MO,TIMMITCHELL,4174519501,2,1578669701; 1952440422,109847; 181751
same_name_state_authorized_official_phone,TITLEMANORTHOPEDICS,PA,MICHAELKEENE,6107243561,2,1053715789; 1295138477,10910; 55227
same_name_state_authorized_official_phone,TMJANDDENTALSLEEPCENTERLLC,IN,MONASINGH,3178723265,2,1336744754; 1750057436,64343; 142851
same_name_state_authorized_official_phone,TNJPRODUCTSINCDBASIONAHEALTHCARE,IL,TSIONABITTON,7739070680,2,1194784777; 1790380210,37138; 150827
same_name_state_authorized_official_phone,TNTAPOTHECARYLLC,ID,THOMASWADSWORTH,2085365761,3,1205348356; 1316029184; 1518479773,38425; 58909; 98296
same_name_state_authorized_official_phone,TOAALTAPHARMACYINC,PR,MARIAMARRERO,7878701434,3,1144372822; 1366593329; 1831241512,27390; 69710; 158473
same_name_state_authorized_official_phone,TOBIASMOELLERBERTRAMMDCORPORATION,CA,MICHAELVONKOLEN,7606477676,2,1336036656; 1861389199,62731; 164110
same_name_state_authorized_official_phone,TOCAATBANNERHEALTHLLC,AZ,SHIVABIRDI,6022776211,2,1427672534; 1659995249,81559; 125745
same_name_state_authorized_official_phone,TOCCOACLINICMEDICALASSOCIATES,GA,JIMWADE,7068867537,3,1114127107; 1710186168; 1831398270,21309; 135732; 158931
same_name_state_authorized_official_phone,TODAYSRESPIRATORY,TX,PETERMUNOZ,2813427500,3,1467653733; 1477683464; 1689789109,88996; 90938; 131005
same_name_state_authorized_official_phone,TODDSPHARMACYINC,NC,WILLIAMOWENS,2523352901,2,1447357660; 1518264605,84685; 97912
same_name_state_authorized_official_phone,TODDSPHARMACYOFCAMDENINC,NC,WILLIAMOWENS,2523408560,2,1295246544; 1740701929,55401; 142439
same_name_state_authorized_official_phone,TODDSPHARMACYOFGATESCOINC,NC,HARLANHURDLE,2523571800,2,1366703621; 1841739877,69919; 161374
same_name_state_authorized_official_phone,TOLEDOCLINICINCORPORATED,OH,TOMSYLAK,4194795445,2,1114079167; 1275280125,21160; 51450
same_name_state_authorized_official_phone,TOMSRIVERAMBULATORYANESTHESIALLC,NJ,THEODOREKUTZIN,7327477077,2,1316877392; 1497685481,60345; 94427
same_name_state_authorized_official_phone,TONISWESTSIDEREXALLINC,OK,TONIGIBSON,5807654456,2,1164437901; 1407901671,30777; 77723
same_name_state_authorized_official_phone,TONYGBASTIANPHARMACYINC,CA,TONYBASTIAN,4157512326,2,1366701161; 1730231895,69915; 139510
same_name_state_authorized_official_phone,TOPSHELFMEDICAL,MA,ALEXANDERWALSH,9786600889,2,1366602831; 1518110659,69738; 97614
same_name_state_authorized_official_phone,TOPSMARKETSLLC,NY,SCOTTGUISINGER,7164394377,2,1346272358; 1427899426,65076; 81791
same_name_state_authorized_official_phone,TOPSMARKETSLLC,NY,SCOTTGUISINGER,7165153435,2,1003657016; 1992737993,997; 189762
same_name_state_authorized_official_phone,TOPSMARKETSLLC,NY,SCOTTGUISINGER,7168527052,2,1689415697; 1992733950,130072; 189738
same_name_state_authorized_official_phone,TOTALCARECOMPREHENSIVEHOMEHEALTHSUPPLYLTD,TX,JONATHANLEICHLITER,9035923300,3,1063284180; 1396517512; 1598537714,11633; 75091; 113199
same_name_state_authorized_official_phone,TOTALHEALTHCAREINC,MD,KEVINBELLAMY,4107355390,3,1184437683; 1588400907; 1932333226,34572; 111107; 178012
same_name_state_authorized_official_phone,TOTALMOBILITYLLC,VA,MATTHEWRIORDAN,7035744721,2,1922371426; 1942625603,176324; 180364
same_name_state_authorized_official_phone,TOTALSLEEPAPNEACAREINC,TX,ERINSALSBURY,9152252262,2,1073634093; 1780628065,14425; 149231
same_name_state_authorized_official_phone,TOTALSLEEPHOLDINGSINC,IN,CHRISTINEALBANESE,3175859137,3,1144371162; 1245356609; 1285785204,27384; 46210; 54538
same_name_state_authorized_official_phone,TOWERMEDICALGROUPINC,TX,MARCSEMMELMANN,8006270908,2,1689450991; 1952187403,130126; 181083
same_name_state_authorized_official_phone,TOWNDRUGATBROADWAYINC,NY,SALVATOREPAGANO,2123049582,2,1134140106; 1720168420,24895; 137678
same_name_state_authorized_official_phone,TOWNEDRUGSLLC,NJ,DHIMANPARIKH,9735386787,2,1063423663; 1578082079,11817; 108707
same_name_state_authorized_official_phone,TOWNEPHARMACYLLC,LA,IVANLANDRY,3378398880,2,1598177917; 1821081050,112742; 156343
same_name_state_authorized_official_phone,TRADELINESHINC,FL,RAAFATHABIB,8138862800,2,1477207447; 1659767515,89875; 125420
same_name_state_authorized_official_phone,TRAILERCRAFTINC,AK,TAMMIESTOOPS,9075633631,2,1083744551; 1447499215,16460; 85057
same_name_state_authorized_official_phone,TRANSITIONSSALON,MI,WANDAMORRISON,2485227965,2,1275478653; 1871438275,51622; 166132
same_name_state_authorized_official_phone,TRANSWELLINC,CA,MDMAHMUDULISLAM,5625792282,2,1184438277; 1801618400,34574; 153179
same_name_state_authorized_official_phone,TREATMENTRESOURCESOFMARGATELLC,FL,DAVIDMICHAEL,9542568213,2,1447629779; 1568830545,85302; 108290
same_name_state_authorized_official_phone,TREKHOLDINGSINC,GA,RYANDOUGHERTY,7063891260,2,1114819323; 1982596193,22342; 187429
same_name_state_authorized_official_phone,TRENCHLOGISTICSLLC,FL,VAMSIKRISHNAADDAGARLA,8032323151,2,1851219695; 1922926765,161926; 177036
same_name_state_authorized_official_phone,TRENTONMEDICALCENTERINC,FL,ANITAREMBERT,3524630400,2,1700801396; 1861694531,134431; 165061
same_name_state_authorized_official_phone,TRIADHEALTHSYSTEMSINC,KY,JESSICAWHEELER,8595671271,2,1851035471; 1982474201,161730; 187314
same_name_state_authorized_official_phone,TRIADOFALABAMALLC,AL,DEBBIEBREWER,3347939674,2,1407890106; 1538111646,77674; 101169
same_name_state_authorized_official_phone,TRIANGLERINC,NY,RUBINKAYKOV,7183228234,2,1083871677; 1851311377,16790; 162111
same_name_state_authorized_official_phone,TRIAREACOMMUNITYHEALTH,VA,CAROLHASH,8889087820,2,1023846433; 1639936826,5541; 121949
same_name_state_authorized_official_phone,TRIAREACOMMUNITYHEALTH,VA,JAMESWERTH,5403659992,2,1043658537; 1477619179,9036; 90646
same_name_state_authorized_official_phone,TRICENTURYEYECAREPC,PA,BARBARAKILLMER,2153554428,2,1124642343; 1801412481,24305; 152949
same_name_state_authorized_official_phone,TRICOUNTYHOMEMEDICALEQUIPMENTLLC,AL,DAVIDBOWMAN,3342881003,2,1043264666; 1346294501,8089; 65175
same_name_state_authorized_official_phone,TRICOUNTYMEDICALEQUIPMENTANDSUPPLYLLC,PA,WENDYRUSSALESI,6106306357,2,1134303902; 1932854841,25511; 178835
same_name_state_authorized_official_phone,TRIMARKPHYSICIANSGROUPINC,IA,MICHAELDEWERFF,5155734141,3,1528045275; 1659358364; 1831176536,99249; 124315; 158285
same_name_state_authorized_official_phone,TRINITYHEALTH,ND,JOHNKUTCH,7015727711,3,1316273998; 1902949845; 1942355300,59555; 173119; 179755
same_name_state_authorized_official_phone,TRINITYHEALTHMICHIGAN,MI,ROBERTCASALOU,6166851080,2,1447960299; 1700321551,85762; 133934
same_name_state_authorized_official_phone,TRINITYMEDICALWNYPC,NY,THOMASCUMBO,7162041101,4,1407495773; 1427697796; 1669012720; 1790324069,77010; 81597; 125766; 150768
same_name_state_authorized_official_phone,TRIOPHARMACYLLC,OH,IJEOMANNANI,6142988180,2,1619309127; 1699620211,116980; 132276
same_name_state_authorized_official_phone,TRIPLECAREMEDICALSUPPLIESINC,CA,MARGARETSILVA,7148214668,2,1669636585; 1972607273,127026; 185745
same_name_state_authorized_official_phone,TRIPLEMMEDICALINC,MI,ROBINCOLE,8102759333,3,1114668738; 1790426310; 1962143586,22159; 150884; 182936
same_name_state_authorized_official_phone,TRIPLESRPHARMACYINC,CA,SARKISJARAKIAN,8005575555,2,1154812527; 1275930638,29997; 52898
same_name_state_authorized_official_phone,TRISTATEORTHOPAEDICTREATMENTCENTERINC,OH,CLYDEHENDERSON,5137916611,2,1174627889; 1861503005,33174; 164515
same_name_state_authorized_official_phone,TRISTATEPHARMACEUTICALSERVICESINC,AL,MICHAELSTRINGER,3347931316,2,1154308625; 1750425823,28676; 143522
same_name_state_authorized_official_phone,TRIUMPHHOMECAREINC,FL,ALBERTOKOURI,3055012306,3,1114459344; 1407486178; 1942830518,21939; 76996; 180693
same_name_state_authorized_official_phone,TRIUNITYINFUSIONSERVICESLLC,MI,DEVINBARRETT,8442144446,2,1124633946; 1467070714,24294; 87781
same_name_state_authorized_official_phone,TROPICALBRACEANDLIMBLLC,FL,MICHAELNEWMYER,4078972112,2,1043027543; 1073320560,7606; 13643
same_name_state_authorized_official_phone,TRUECARERXLLC,NC,DAVIDLINE,7047886337,2,1588048714; 1629421029,110642; 119351
same_name_state_authorized_official_phone,TRUEMETRICSLLC,TX,MASTANISHAIK,7196980772,2,1164364600; 1598607012,30596; 113267
same_name_state_authorized_official_phone,TRUENORTHMEDICALGROUPPC,NY,SHARLENEBRONSTORPH,2124006633,2,1235075656; 1780520106,43467; 148996
same_name_state_authorized_official_phone,TRUETESTLABLLC,TX,BILALKHAN,8326558383,2,1407727068; 1942181342,77271; 179159
same_name_state_authorized_official_phone,TRUSTEDLIFECAREINC,TX,WILLIAMGUIDETTI,4694992857,15,1003121682; 1013222710; 1184939761; 1265746036; 1285949867; 1326351255; 1457666034; 1538473301; 1568777142; 1639484702; 1649585225; 1700190576; 1790099562; 1811201684; 1982918017,267; 2522; 35776; 50658; 54869; 61840; 87172; 102189; 108193; 121298; 123305; 133694; 150420; 154681; 188451
same_name_state_authorized_official_phone,TRUSTEESOFTHEUNIVERSITYOFPENNSYLVANIA,PA,DANIELPITCHFORD,2156622920,2,1699782664; 1972780419,132623; 186251
same_name_state_authorized_official_phone,TRUTONEHEARINGAIDCENTERINC,PA,MARYMCKENNA,2157427767,3,1225190564; 1558423897; 1689736225,42210; 105481; 130769
same_name_state_authorized_official_phone,TUBACITYREGIONALHEALTHCARECORPORATION,AZ,JOSEPHENGELKEN,9282832501,2,1871548354; 1932378312,166445; 178114
same_name_state_authorized_official_phone,TUCKERWELLSMEDICALINC,SC,ROBERTWELLS,8436652092,2,1487663878; 1881891976,92488; 169259
same_name_state_authorized_official_phone,TUCSONPATHOLOGYASSOCIATESPC,AZ,WELDONCOUCH,5208733929,2,1689880387; 1720294424,131203; 138030
same_name_state_authorized_official_phone,TUERKHOUSEINC,MD,VANESSALYLE,6672123626,2,1619692019; 1831789270,117538; 159597
same_name_state_authorized_official_phone,TUFTSMEDICINEPHARMACYLLC,MA,KEITHTHOMASSET,8669186848,2,1356009336; 1689384232,66562; 130030
same_name_state_authorized_official_phone,TULIPDRUGSINC,NY,JAYGLASSMAN,5163542000,2,1821184607; 1992726947,156650; 189704
same_name_state_authorized_official_phone,TURNERDRUGINC,SD,DILLONKJERSTAD,6052856121,2,1851314231; 1952629032,162129; 182206
same_name_state_authorized_official_phone,TURNERHOUSECLINICINC,KS,PATRICKSALLEE,9132334452,2,1316607898; 1386220176,60075; 72718
same_name_state_authorized_official_phone,TUSCONSUPPLYINC,NY,FATEHMUHAMMAD,3154183641,2,1730007477; 1851218234,138980; 161920
same_name_state_authorized_official_phone,TWINCOUNTYPODIATRYPC,NY,SCOTTHERBERT,5163780184,2,1073783411; 1609943117,14751; 115944
same_name_state_authorized_official_phone,TWINGEMINIINC,CA,NIRAVA,9512781222,3,1225859069; 1437914009; 1598657306,43249; 83792; 113313
same_name_state_authorized_official_phone,TWINMEDS2GO,TX,CARLOSMANUEL,3464406466,2,1063353068; 1679414684,11704; 128174
same_name_state_authorized_official_phone,TWINTIERMANAGEMENTCORPINC,NY,RACHELMAZUR,6077563880,2,1194853473; 1659904613,37389; 125632
same_name_state_authorized_official_phone,TYLERMDAVISDDSPA,NC,TYLERDAVIS,9195563780,2,1063991578; 1982191789,13216; 186965
same_name_state_authorized_official_phone,TZENONPHARMACEUTICALS,IA,MICHAELSTEIN,3193372492,2,1134224587; 1275637993,25252; 52209
same_name_state_authorized_official_phone,UCSFMEDICALCENTER,CA,MARKLARET,4154761000,4,1083818033; 1457555328; 1558565812; 1699979641,16693; 87006; 105902; 133291
same_name_state_authorized_official_phone,UCSFMEDICALGROUPBUSINESSSERVICES,CA,KOSALBO,4154761788,3,1356014971; 1760523021; 1962936054,66570; 145473; 184638
same_name_state_authorized_official_phone,UHSRETAILPHARMACYLLC,NV,MARVINPEMBER,7754327907,3,1508264979; 1700245560; 1881085140,95856; 133782; 167670
same_name_state_authorized_official_phone,UIVERSITYOFMIAMI,FL,MONICAJORDAN,3056892742,2,1174449326; 1679411201,32564; 128171
same_name_state_authorized_official_phone,ULCLINICLLC,KY,PETERSAAD,6068354991,2,1376648659; 1730618901,71695; 140447
same_name_state_authorized_official_phone,ULISSESACUNA,TX,ULISSESACUNA,9155907008,2,1659304020; 1780912055,124162; 150038
same_name_state_authorized_official_phone,ULTRAMEDICALSERVICESINC,FL,MARIOLAY,3058202855,2,1407801426; 1811912272,77340; 155732
same_name_state_authorized_official_phone,ULTRAMEDICALSUPPLY,NY,EZRIELUNGAR,7187967555,2,1770983207; 1780084210,148341; 148497
same_name_state_authorized_official_phone,ULTRAMEDICALSUPPLY,PA,EZRIELUNGAR,7187967555,2,1467852103; 1952701534,89364; 182334
same_name_state_authorized_official_phone,ULTRAMEDICALSUPPLYINC,NY,SIMCHAHYMAN,7187967555,4,1225132970; 1558785238; 1568883221; 1669893327,42011; 106300; 108387; 127503
same_name_state_authorized_official_phone,UMASSMEMORIALMEDICALCENTERINC,MA,BRIANHUGGINS,5084211990,2,1669630950; 1992068381,127011; 188702
same_name_state_authorized_official_phone,UMASSMEMORIALMEDICALCENTERINC,MA,BRIANHUGGINS,7744419800,2,1003637034; 1043036726,974; 7618
same_name_state_authorized_official_phone,UMASSMEMORIALMEDICALCENTERINC,MA,BRIANSMITH,8886393988,2,1366714529; 1831461086,69944; 159054
same_name_state_authorized_official_phone,UMASSMEMORIALMEDICALCENTERINC,MA,THERESEDAY,5084211900,2,1174899280; 1891864039,33809; 170997
same_name_state_authorized_official_phone,UNICAREDIAGNOSTICSLLC,CA,SCOTTVOLD,8053750033,2,1912923301; 1942216577,174977; 179270
same_name_state_authorized_official_phone,UNIMEDIIINC,KS,DONALDTHOMAS,9137472400,2,1437306610; 1447256219,82765; 84182
same_name_state_authorized_official_phone,UNIONORTHOTICSPROSTHETICSCO,PA,ANNLEIMKUEHLERMOSS,4126222020,4,1073255501; 1336860089; 1598859282; 1891683769,13567; 64474; 113936; 170418
same_name_state_authorized_official_phone,UNITEDPHARMACY,CA,EDWARDDERDERIAN,5595916400,2,1255334702; 1326161431,47668; 61444
same_name_state_authorized_official_phone,UNITEDPHARMACYUPPERDARBYINC,PA,VICTORIAOBASI,2154383880,2,1134313588; 1811260938,25540; 154811
same_name_state_authorized_official_phone,UNITEDPROSTHETICSINC,MA,IVANSABEL,6174366110,2,1134127061; 1720511934,24805; 138439
same_name_state_authorized_official_phone,UNITEDSUPERMARKETSLTD,TX,SUZANNKIRBY,8064353636,2,1255479341; 1750478335,48287; 143687
same_name_state_authorized_official_phone,UNITYHEALTHNETWORKLLC,OH,KELSEYNEINO,3309263231,2,1023476512; 1134588239,5093; 26036
same_name_state_authorized_official_phone,UNITYPOINTATHOME,IA,MARISSASMITH,5155573100,2,1053400960; 1053406215,10109; 10134
same_name_state_authorized_official_phone,UNIVERSITYHEALTHSYSTEMINC,TN,TROYREBERT,8653057420,2,1447821368; 1629498662,85613; 119488
same_name_state_authorized_official_phone,UNIVERSITYMEDICALCENTERMANAGEMENTCORPORATION,LA,CINDYNUESSLEIN,5049031991,2,1841401817; 1962801720,160756; 184409
same_name_state_authorized_official_phone,UNIVERSITYMEDICALSUPPLYINC,FL,TAYLORGONZALEZ,3054369541,2,1679658454; 1992802177,128804; 189928
same_name_state_authorized_official_phone,UNIVERSITYOFALABAMAATBIRMINGHAM,AL,JENNIFERPETERSON,2058018730,2,1003630864; 1922105766,969; 175682
same_name_state_authorized_official_phone,UNIVERSITYOFALABAMAATBIRMINGHAM,AL,JENNIFERPETERSON,2059342661,2,1437253168; 1487478715,82554; 92254
same_name_state_authorized_official_phone,UNIVERSITYOFALABAMAHEALTHSERVICESFOUNDATIONPC,AL,REIDJONES,2059344983,3,1164617205; 1366638330; 1558556704,31377; 69810; 105885
same_name_state_authorized_official_phone,UNIVERSITYOFARKANSASFORMEDICALSCIENCES,AR,AMANDAGEORGE,4799664491,3,1396454369; 1487285292; 1972211258,75019; 92024; 185003
same_name_state_authorized_official_phone,UNIVERSITYOFARKANSASFORMEDICALSCIENCES,AR,AMANDAGEORGE,5016868000,4,1073988572; 1275056004; 1457846651; 1770292732,15154; 51173; 87477; 146877
same_name_state_authorized_official_phone,UNIVERSITYOFCALIFORNIAIRVINE,CA,RANDOLPHSIWABESSY,7144565514,2,1518684430; 1669344339,98555; 126121
same_name_state_authorized_official_phone,UNIVERSITYOFCALIFORNIASANFRANCISCO,CA,SHEILAANTRUM,4153531544,2,1114646833; 1265481089,22138; 49929
same_name_state_authorized_official_phone,UNIVERSITYOFKENTUCKY,KY,ELAINEYOUNCE,8333338579,2,1275291759; 1780342246,51461; 148808
same_name_state_authorized_official_phone,UNIVERSITYOFMARYLANDDERMATOLOGISTSPA,MD,KATELYNPETTIT,6672141608,2,1063388361; 1912876855,11758; 174833
same_name_state_authorized_official_phone,UNIVERSITYOFMARYLANDMEDICALREGIONALPROFESSIONALSERVICESLLC,MD,ROBINLUXON,4103371112,2,1447003025; 1477306058,83878; 89990
same_name_state_authorized_official_phone,UNIVERSITYOFMARYLANDPATHOLOGYASSOCIATESPA,MD,KAROLZIMMERMAN,6672141444,5,1073467700; 1093669723; 1215881941; 1922952654; 1992659627,13792; 17976; 41127; 177075; 189485
same_name_state_authorized_official_phone,UNIVERSITYOFMARYLANDPATHOLOGYASSOCIATESPA,MD,KAROLZIMMERMAN,6672141608,4,1326994138; 1578419388; 1659223576; 1851243778,62683; 109124; 124097; 161962
same_name_state_authorized_official_phone,UNIVERSITYOFMARYLANDPEDIATRICSASSOCPA,MD,MARGIEBURR,4107065181,2,1003911413; 1588677934,1545; 111488
same_name_state_authorized_official_phone,UNIVERSITYOFMIAMI,FL,CESIASANCHEZ,3052436837,2,1386705671; 1790846087,73521; 151679
same_name_state_authorized_official_phone,UNIVERSITYOFMIAMI,FL,CESIASANCHEZ,3052437688,3,1063462604; 1225088040; 1932150752,12065; 41862; 177511
same_name_state_authorized_official_phone,UNIVERSITYOFNEVADASCHOOLOFMEDICINEPHARMACYINC,NV,IAINBUXTON,7029926906,2,1326462102; 1932522646,62053; 178410
same_name_state_authorized_official_phone,UNIVERSITYOFNORTHCAROLINAHOSPITALSATCHAPELHILL,NC,LATONYABROWN,9196945939,2,1134928542; 1992653471,26472; 189473
same_name_state_authorized_official_phone,UNIVERSITYOFPITTSBURGHPHYSICIANS,PA,MARKEHALT,4126470943,2,1124038369; 1164431631,22943; 30716
same_name_state_authorized_official_phone,UNIVERSITYOFROCHESTER,NY,JASONSMITH,5856022271,2,1558004531; 1659151231,104736; 124024
same_name_state_authorized_official_phone,UNIVERSITYOFTEXASHEALTHCENTERATTYLER,TX,DANIELDESLATTE,9038777088,2,1235232372; 1427946805,44008; 81846
same_name_state_authorized_official_phone,UNIVERSITYOFTEXASHEALTHSCIENCECENTERATSANANTONIO,TX,ANDREAMARKS,2104506470,2,1114024718; 1538224142,20983; 101569
same_name_state_authorized_official_phone,UNIVERSITYOFTEXASHEALTHSCIENCECENTERATTYLER,TX,DANIELDESLATTE,9035957086,2,1780628099; 1801784293,149232; 153371
same_name_state_authorized_official_phone,UNIVERSITYOFTEXASSOUTHWESTERNMEDICALCENTERATDALLAS,TX,BRUCEMEYER,2146450624,2,1093900201; 1588751903,18800; 111814
same_name_state_authorized_official_phone,UNIVERSITYOFTEXASSOUTHWESTERNMEDICALCENTERATDALLAS,TX,MARKMEYER,2146482422,2,1609420025; 1659434801,115072; 124618
same_name_state_authorized_official_phone,UNIVERSITYOFUTAH,UT,KELLEEHOWELL,8012138650,2,1487372413; 1790147833,92135; 150493
same_name_state_authorized_official_phone,UNIVERSITYOFUTAH,UT,KELLEEHOWELL,8015850172,2,1528796745; 1861582843,100804; 164748
same_name_state_authorized_official_phone,UNIVERSITYOFVERMONTMEDICALCENTERINC,VT,MARKDIPARLO,8028473784,2,1427112861; 1619031044,80397; 116283
same_name_state_authorized_official_phone,UNIVERSITYOFVERMONTMEDICALCENTERINC,VT,RICHARDVINCENT,8028471882,2,1013090372; 1245316918,2236; 46011
same_name_state_authorized_official_phone,UNIVERSITYOFVIRGINIAPHYSICIANSGROUP,VA,JOSEPHJUST,4342434670,2,1578685475; 1639626005,109917; 121543
same_name_state_authorized_official_phone,UNIVERSITYOFWASHINGTON,WA,STEVEFIJALKA,2065984411,2,1760891907; 1770982506,146333; 148340
same_name_state_authorized_official_phone,UNIVERSITYOFWISCONSINHOSPITALSANDCLINICSAUTHORITY,WI,ALANKAPLAN,6088906431,2,1548685316; 1639594401,104326; 121492
same_name_state_authorized_official_phone,UNIVERSITYOFWYOMING,WY,LYLESVOBODA,3072654446,2,1023589462; 1104394907,5264; 19711
same_name_state_authorized_official_phone,UNIVERSITYORTHOPAEDICASSOCIATESOFROCHESTER,NY,JILLHETTERICH,5852755321,10,1003304635; 1033671680; 1194502377; 1376020271; 1528891025; 1619457496; 1811478373; 1841779949; 1912720152; 1962982538,572; 7204; 36616; 70506; 100899; 117219; 155199; 161431; 174678; 184716
same_name_state_authorized_official_phone,UNIVERSITYORTHOPEDICSCENTERLTD,PA,DAVIDDAVIES,8005052101,2,1306030523; 1912303223,56990; 174102
same_name_state_authorized_official_phone,UNIVERSITYORTHOPEDICSCENTERLTD,PA,DAVIDDAVIES,8142312101,3,1124487723; 1528252640; 1932568532,24095; 100000; 178475
same_name_state_authorized_official_phone,UNIVERSITYORTHOPEDICSCENTERLTD,PA,KIMBERLYSTOUDNOUR,8142312101,2,1477747699; 1902417157,91113; 172155
same_name_state_authorized_official_phone,UNIVERSITYPHYSICIANSINC,CO,GAILALBERTSON,3037243700,2,1245514868; 1467738252,46570; 89143
same_name_state_authorized_official_phone,UNIVERSITYPHYSICIANSINCORPORATED,CO,LISADONAHUE,3033720000,3,1184672693; 1396793899; 1821046343,35071; 75591; 156277
same_name_state_authorized_official_phone,UNIVERSITYPHYSICIANSINCORPORATED,CO,LISADONAHUE,3034937000,9,1043501919; 1245288729; 1265480511; 1275937310; 1316995707; 1407804990; 1558765743; 1861946360; 1871813451,8758; 45921; 49925; 52911; 60738; 77351; 106271; 165552; 167176
same_name_state_authorized_official_phone,UNIVERSITYPRIMARYCAREPRACTICES,OH,STEVERIDDLE,2163830100,4,1043352800; 1306912290; 1417099284; 1447392204,8382; 58493; 78434; 84816
same_name_state_authorized_official_phone,UNIVERSITYPRIMARYCAREPRACTICESINC,OH,STEVERIDDLE,2163830100,9,1053405217; 1215949649; 1235141557; 1437161767; 1447336672; 1518048396; 1639181944; 1659465763; 1992894877,10129; 41310; 43596; 82127; 84572; 97364; 120393; 124723; 190311
same_name_state_authorized_official_phone,UNIVITAHEALTHCARESOLUTIONSLLC,FL,MICHAELMUCHNICKI,9543331000,3,1033519749; 1598169096; 1669715595,6952; 112724; 127190
same_name_state_authorized_official_phone,UNIVITAHOMECARESOLUTIONSLLC,FL,DOUGLASBYRD,9543331000,2,1144624644; 1689086738,27937; 129673
same_name_state_authorized_official_phone,UNIVITAHOMECARESOLUTIONSLLC,FL,MICHAELMUCHNICKI,9543331000,2,1316341811; 1659783041,59677; 125453
same_name_state_authorized_official_phone,UNIVITAOFFLORIDAINC,FL,MICHAELMUCHNICKI,9543331000,2,1093714495; 1376924266,18051; 72275
same_name_state_authorized_official_phone,UNIVITAOFTENNESSEEINC,TN,DOUGLASBYRD,6156508000,3,1013254655; 1093051005; 1912994625,2598; 17192; 175240
same_name_state_authorized_official_phone,UNIVITAOFTENNESSEEINC,TN,JEFFSJOBECK,6156508000,2,1295071314; 1477899334,55107; 91380
same_name_state_authorized_official_phone,UOFLHEALTHLOUISVILLEINC,KY,THOMASMILLER,5022596000,2,1659026268; 1801584248,123894; 153151
same_name_state_authorized_official_phone,UPLIFTMOBILITYINC,FL,ABNERJIMENEZ,7275354645,3,1245402098; 1285806034; 1730148735,46332; 54599; 139284
same_name_state_authorized_official_phone,UPPERCHESAPEAKEORTHOPEDICSLLC,MD,MARCUSPRIOLO,4436433130,2,1497625784; 1679443964,94383; 128211
same_name_state_authorized_official_phone,UROLOGYCENTERSOFALABAMAPC,AL,LOGANSTYKE,2054450183,2,1023861796; 1811854656,5554; 155608
same_name_state_authorized_official_phone,UROLOGYCLINICSOFNORTHTEXASPLLC,TX,SHANNENRODRIGUEZ,2145802265,2,1164957700; 1528237260,31995; 99952
same_name_state_authorized_official_phone,UROLOGYMEDICALSPECIALISTSPA,FL,SANJEEVGUPTA,9549431133,3,1184482291; 1386402493; 1790569994,34619; 72934; 151052
same_name_state_authorized_official_phone,UROLOGYOFINDIANALLC,IN,BRADLEYORRIS,3178131660,2,1740360379; 1922639673,141626; 176761
same_name_state_authorized_official_phone,UROPARTNERSLLC,IL,RICHARDHARRIS,6306535550,2,1659124683; 1851144703,123983; 161855
same_name_state_authorized_official_phone,UROPARTNERSLLC,IL,RICHARDHARRIS,7738787555,2,1255184073; 1346093564,47482; 64710
same_name_state_authorized_official_phone,UROPARTNERSLLC,IL,RICHARDHARRIS,8154094930,2,1497507024; 1750133385,94259; 142927
same_name_state_authorized_official_phone,UROPARTNERSLLC,IL,RICHARDHARRIS,8478233185,2,1578317061; 1801649967,109016; 153215
same_name_state_authorized_official_phone,URX5LLC,CT,JUSTINBUTURLA,2035750199,3,1386403483; 1629195789; 1841050309,72937; 118871; 159871
same_name_state_authorized_official_phone,USAMEDBEDLLC,VA,SEANCALLAHAN,8044950770,2,1679339014; 1710743141,128081; 136588
same_name_state_authorized_official_phone,USDMEINC,WI,RAYYANNAJEEB,4145629117,2,1144371766; 1861924250,27387; 165505
same_name_state_authorized_official_phone,USMEDICALSUPPLYLLC,NY,ROBERTWARD,5857604512,2,1326327040; 1962795088,61799; 184402
same_name_state_authorized_official_phone,USMEDLLC,FL,ANTHONYALVAREZ,8007876331,2,1184124497; 1467463000,34196; 88255
same_name_state_authorized_official_phone,UTAHCVSPHARMACYLLC,UT,SUSANCOLBERT,4017651500,5,1083128029; 1376057315; 1467381962; 1679186837; 1689182693,15340; 70558; 88104; 127900; 129802
same_name_state_authorized_official_phone,UTAHNEUROLOGICALCLINICPC,UT,MIRIAMBIRCH,8013577404,2,1285420570; 1356131783,53670; 66683
same_name_state_authorized_official_phone,UTMEDICALSUPPLYLLC,UT,MARGARETFRANCOIS,5617799039,2,1053289397; 1619847613,9723; 117718
same_name_state_authorized_official_phone,UVAPRINCEWILLIAMMEDICALCENTER,VA,CHARLESCODER,7033698000,2,1114865789; 1528251352,22382; 99994
same_name_state_authorized_official_phone,VAILCLINICINC,CO,MICHAELBROWN,9704761225,5,1093461998; 1114673415; 1215670625; 1285380188; 1902552805,17771; 22165; 40914; 53606; 172310
same_name_state_authorized_official_phone,VAKRATUNDAINC,NJ,RASIKNAGRECHA,9732731100,4,1447779921; 1740609338; 1780293902; 1780784967,85566; 142291; 148745; 149708
same_name_state_authorized_official_phone,VALABCOINC,CA,VINCENTCARDINALE,8313728085,2,1013014299; 1063729150,1928; 12786
same_name_state_authorized_official_phone,VALLEYDRUGCO,WA,KEVINHERDA,5099358611,2,1407168461; 1659413110,76504; 124552
same_name_state_authorized_official_phone,VALLEYHEALTHPARTNERSCOMMUNITYHEALTHCENTER,PA,LOUISFINNERTY,6109694200,2,1386402873; 1619778453,72935; 117625
same_name_state_authorized_official_phone,VALLEYLAKEINC,NV,AKUWUDIKEANOZIE,7025653374,2,1619494937; 1982834131,117299; 188225
same_name_state_authorized_official_phone,VALLEYORTHOPAEDICSPECIALISTSLLC,CT,JONICACIAGLIA,2037347900,3,1114162633; 1154505733; 1699129957,21371; 29418; 131625
same_name_state_authorized_official_phone,VALLEYORTHOTICSPECIALISTSINC,VA,SARAHLANE,5406673631,2,1104158633; 1871892398,19321; 167328
same_name_state_authorized_official_phone,VALLEYPATHOLOGYMEDICALGROUP,CA,ALANMARE,9516522811,2,1023314507; 1467776203,4785; 89228
same_name_state_authorized_official_phone,VALLEYSLEEPTHERAPYINC,AZ,LAURILEADLEY,4803610124,6,1013475292; 1477166809; 1609318153; 1689443160; 1861281008; 1932978525,2971; 89827; 114922; 130111; 163991; 178967
same_name_state_authorized_official_phone,VALMARSURGICALSUPPLIESINC,NJ,JOSEPHZICHERMAN,5165963070,2,1245387943; 1366014821,46286; 68535
same_name_state_authorized_official_phone,VALUEDRUGLTD,HI,BYRONYOSHINO,8088360223,2,1265418891; 1346623394,49618; 66014
same_name_state_authorized_official_phone,VALUEDRUGLTD,HI,BYRONYOSHINO,8088400223,2,1073972287; 1437518644,15119; 83231
same_name_state_authorized_official_phone,VALUEHEALTHCONSULTANTSINC,FL,EMILYRAHEMI,7724461100,2,1790863066; 1962585950,151728; 183924
same_name_state_authorized_official_phone,VALUEMEDINC,KY,PAULREFFETT,6067895995,2,1043256068; 1346211869,8060; 64821
same_name_state_authorized_official_phone,VANDERBILTUNIVERSITY,TN,WALTWOODS,6153226480,2,1013215086; 1316974231,2507; 60647
same_name_state_authorized_official_phone,VANGUARDMEDICALEQUIPMENTCORP,FL,CARLOSLOPEZ,3052318227,2,1356640023; 1659619435,67948; 125151
same_name_state_authorized_official_phone,VANTAGEEYECARELLC,PA,RICHARDPRINCE,8004486767,3,1396258604; 1871006171; 1881228930,74764; 165622; 167887
same_name_state_authorized_official_phone,VASCULARANDVEININSTITUTEOFTHESOUTHPLLC,AR,HEATHERNOEL,9013902930,2,1669179065; 1790482115,125960; 150958
same_name_state_authorized_official_phone,VDVINC,MT,DANSEVERSON,4067775591,2,1841355229; 1982709044,160540; 187885
same_name_state_authorized_official_phone,VENOUSSYSTEMSINC,PA,CHAZJANNUZI,7243592346,2,1083657605; 1942011093,16177; 178995
same_name_state_authorized_official_phone,VEREDRXLLC,FL,AKIVADEGROEN,8887974632,3,1285577353; 1336019652; 1518841360,53798; 62713; 98725
same_name_state_authorized_official_phone,VEROPHARMACYINC,FL,KAZIIMAM,7725623660,2,1801239272; 1891206157,152652; 169838
same_name_state_authorized_official_phone,VERSATOOLSLLC,TX,SYEDMOHAMMEDHUSSAIN,4698801157,2,1275360067; 1326835539,51528; 62524
same_name_state_authorized_official_phone,VERUSHEALTHCARELLC,FL,STEPHENGRIGGS,8004875566,2,1568027779; 1932764248,106633; 178742
same_name_state_authorized_official_phone,VGMGROUPINC,IA,DAVIDHARBERTS,3192435475,3,1053937268; 1265058317; 1689665911,11261; 49251; 130468
same_name_state_authorized_official_phone,VGMGROUPINC,IA,DAVIDHARBERTS,8004821993,4,1013347202; 1508350810; 1700299146; 1972916310,2760; 95998; 133875; 186502
same_name_state_authorized_official_phone,VGWELLNESSPHARMACYINC,CA,KYUNGJOOKOO,2133884100,2,1417259326; 1962168740,78801; 182967
same_name_state_authorized_official_phone,VHENTERPRISESINC,FL,EDDYBLANCO,3053248777,2,1295877280; 1992786230,56595; 189888
same_name_state_authorized_official_phone,VHSOUTPATIENTCLINICSINC,AZ,BRIANRASMUS,4804200749,2,1114533205; 1881540425,22010; 168238
same_name_state_authorized_official_phone,VHSOUTPATIENTCLINICSINC,AZ,BRIANRASMUS,4805583744,3,1679189765; 1679429211; 1891302790,127902; 128193; 169986
same_name_state_authorized_official_phone,VHSOUTPATIENTCLINICSINC,AZ,BRIANRASMUS,6232421231,3,1356283543; 1568078657; 1962358507,66813; 106703; 183170
same_name_state_authorized_official_phone,VIANDRUGCOMPANYLLC,OK,JASONCARTER,9187738111,2,1124486030; 1356487912,24091; 67595
same_name_state_authorized_official_phone,VICTORYDISTRIBUTORSLLC,MA,ELWENEATON,5082384067,2,1396978433; 1982712360,76138; 187894
same_name_state_authorized_official_phone,VICTORYDISTRIBUTORSLLC,MA,ELWENEATON,9785363222,2,1003049131; 1437267812,90; 82642
same_name_state_authorized_official_phone,VICTORYDISTRIBUTORSLLC,MA,MICHAELVAIL,9785827013,2,1487887527; 1700994183,93315; 135132
same_name_state_authorized_official_phone,VICTORYDISTRIBUTORSLLC,NH,MICHAELVAIL,6036222320,2,1154439537; 1609009737,29229; 114358
same_name_state_authorized_official_phone,VIDACURAINC,CT,LINDAMORASUTTI,8007048432,2,1386800548; 1518124650,73880; 97634
same_name_state_authorized_official_phone,VILLAGEAPOTHECARYINC,AR,MICHAELBUTLER,8707726969,2,1235114208; 1972054468,43530; 184833
same_name_state_authorized_official_phone,VILLAGEAPOTHECARYINC,AR,MICHAELBUTLER,8708670106,2,1518368562; 1841639960,98111; 161213
same_name_state_authorized_official_phone,VILLAGEOAKSPATHOLOGYSERVICESPA,TX,ROBYJOYCE,2106460890,2,1053633479; 1548303712,10762; 103457
same_name_state_authorized_official_phone,VILLAGEPHARMACYLLC,FL,JOSECABRAL,9544283784,2,1346560109; 1366774739,65898; 70077
same_name_state_authorized_official_phone,VILLAGESUPERMARKETOFMARYLANDLLC,MD,MELISSAFIGUEROARIVERA,9734672200,2,1184918492; 1558655860,35737; 106073
same_name_state_authorized_official_phone,VIRGINIACVSPHARMACYLLC,VA,SUSANCOLBERT,4017651500,19,1003323163; 1013420710; 1043434475; 1134355548; 1144958414; 1285866426; 1427181890; 1457559825; 1467077560; 1548492689; 1558698076; 1578232385; 1629674239; 1689558371; 1780828996; 1902447550; 1912140658; 1912548470; 1922621960,586; 2875; 8614; 25601; 28331; 54720; 80714; 87015; 87792; 103982; 106156; 108908; 119734; 130267; 149870; 172195; 173741; 174501; 176744
same_name_state_authorized_official_phone,VIRGINIAMEDICALSERVICESLLC,VA,SEIFUSERTSE,7034361626,2,1528494994; 1710204425,100435; 135761
same_name_state_authorized_official_phone,VIRXLLC,VI,ANTONIOROMANACH,3407187666,2,1235765538; 1851305650,45090; 162040
same_name_state_authorized_official_phone,VISIONQUESTINDUSTRIESINC,CA,RICHARDHUFF,9492613000,3,1235310699; 1639238819; 1881855393,44312; 120667; 169169
same_name_state_authorized_official_phone,VISIONQUESTMEDICALCENTERPA,ID,JACOBMONG,2083773937,2,1003873852; 1780641902,1459; 149271
same_name_state_authorized_official_phone,VISITINGNURSEASSOCIATIONOFSAGINAW,MI,DIANEGLASGOW,9897996020,2,1225374374; 1942546247,42601; 180241
same_name_state_authorized_official_phone,VISITINGNURSESERVICESOFMICHIGAN,MI,STEVELOY,8104968641,12,1023066701; 1063460749; 1124076963; 1235187915; 1275581225; 1346298387; 1518061985; 1588613822; 1760430540; 1770531451; 1851349534; 1932158276,4131; 12063; 23150; 43873; 51988; 65185; 97440; 111347; 145237; 147261; 162313; 177527
same_name_state_authorized_official_phone,VISITINGTHERAPISTINC,MI,ALIALKHAFAJI,2482980221,2,1184076382; 1245286384,34125; 45913
same_name_state_authorized_official_phone,VITACAREPHARMACYINC,CA,YONATHANSEYOUM,5108327500,2,1760815781; 1902310246,146205; 171992
same_name_state_authorized_official_phone,VITALCAREHOMEMEDICALEQUIPINC,MI,JULIEBRYAN,2316277157,3,1073585816; 1184704025; 1578650115,14204; 35130; 109738
same_name_state_authorized_official_phone,VITALMEDIXSUPPLIESLLC,MO,UNKNOWNMOHAMMEDMOHIUDDINAHMED,8723318174,2,1053109710; 1356157317,9562; 66711
same_name_state_authorized_official_phone,VITALRXOFLOUISIANALLC,LA,JOSEPHTATE,8772648060,2,1780108704; 1831839513,148541; 159654
same_name_state_authorized_official_phone,VITALSTATINC,AL,TBISHOP,2568782111,6,1003829292; 1013927557; 1053324210; 1245241363; 1750394946; 1821001017,1236; 3549; 9795; 45639; 143385; 156013
same_name_state_authorized_official_phone,VITROMOLECULARLABORATORIES,FL,HADIYAZIJI,3052677979,2,1386437713; 1881780138,72978; 168929
same_name_state_authorized_official_phone,VOLLERTSENOBERLININC,KS,KURTVOLLERTSEN,7854752285,2,1659480325; 1699836866,124829; 132829
same_name_state_authorized_official_phone,VONETTENURTURINGHEARTINC,FL,SHELLEYLOUIS,9549105458,2,1043183270; 1215800461,7747; 41055
same_name_state_authorized_official_phone,VOSHELLSPHARMACYINC,MD,TRIEUBAO,4106448400,2,1073508271; 1487049896,13847; 91654
same_name_state_authorized_official_phone,VPPRIORITYCARESERVICESINC,FL,VICTORPEREZGONZALEZ,2392885548,2,1265105985; 1891366464,49311; 170068
same_name_state_authorized_official_phone,VVSBPHARMACYINC,NY,JOSEPHPAUL,9149653049,2,1043960370; 1255680104,9392; 48710
same_name_state_authorized_official_phone,W5PHARMACY,TX,CODYWIMBERLEY,2543668291,2,1417835661; 1902490428,79576; 172241
same_name_state_authorized_official_phone,WAKEMED,NC,TERENCEFLYNN,9193508000,2,1659987170; 1982210746,125733; 186997
same_name_state_authorized_official_phone,WAKEMEDSPECIALISTSGROUPLLC,NC,MARIAJAYOUSSI,9192325020,5,1093370389; 1376108522; 1457916603; 1588229777; 1992360960,17679; 70655; 87594; 110911; 189188
same_name_state_authorized_official_phone,WAKEMEDSPECIALISTSGROUPLLC,NC,MICHAELDUFFEY,9192325020,2,1023837929; 1346095999,5533; 64713
same_name_state_authorized_official_phone,WALGREENCO,AL,ALYSSASWEETEN,2177092386,23,1033632245; 1194248310; 1245753466; 1245753516; 1255854345; 1417470410; 1467975466; 1508389503; 1518480607; 1558884940; 1558884957; 1578086963; 1609399633; 1639692734; 1801319801; 1851814958; 1871016162; 1891218004; 1902329378; 1922521137; 1932622032; 1962925966; 1962925982,7129; 36322; 46953; 46955; 48987; 79152; 89558; 96063; 98303; 106449; 106450; 108718; 115039; 121653; 152818; 163424; 165636; 169871; 172041; 176576; 178563; 184616; 184617
same_name_state_authorized_official_phone,WALGREENCO,CA,JENNIFERPONCE,8475272489,2,1174440572; 1710804125,32563; 136645
same_name_state_authorized_official_phone,WALGREENCO,CO,ALYSSASWEETEN,2177092386,7,1144743519; 1316460769; 1427571892; 1508389974; 1669995056; 1831612274; 1841713211,28095; 59877; 81421; 96069; 127644; 159343; 161310
same_name_state_authorized_official_phone,WALGREENCO,CO,KIRATAYLOR,3032327549,2,1619695038; 1720093065,117541; 137427
same_name_state_authorized_official_phone,WALGREENCO,CO,KIRATAYLOR,3033207847,2,1336580687; 1801514229,64125; 153079
same_name_state_authorized_official_phone,WALGREENCO,CO,KIRATAYLOR,3033408860,2,1477568715; 1942928726,90398; 180796
same_name_state_authorized_official_phone,WALGREENCO,CO,KIRATAYLOR,3034205619,2,1255050852; 1366457608,47311; 69115
same_name_state_authorized_official_phone,WALGREENCO,CO,KIRATAYLOR,3034575823,2,1700983905; 1851019301,135065; 161716
same_name_state_authorized_official_phone,WALGREENCO,CO,KIRATAYLOR,3035243745,2,1447978333; 1790791432,85777; 151516
same_name_state_authorized_official_phone,WALGREENCO,CO,KIRATAYLOR,3035243778,2,1275252876; 1720255888,51419; 137954
same_name_state_authorized_official_phone,WALGREENCO,CO,KIRATAYLOR,3035868417,2,1073752259; 1730808338,14686; 140677
same_name_state_authorized_official_phone,WALGREENCO,CO,KIRATAYLOR,3036931805,2,1346969946; 1558653188,66503; 106069
same_name_state_authorized_official_phone,WALGREENCO,CO,KIRATAYLOR,3037598853,2,1053039503; 1457366791,9475; 86306
same_name_state_authorized_official_phone,WALGREENCO,CO,KIRATAYLOR,3037736154,2,1013635424; 1912912254,3148; 174910
same_name_state_authorized_official_phone,WALGREENCO,CO,KIRATAYLOR,3037950043,2,1659090264; 1891218269,123945; 169872
same_name_state_authorized_official_phone,WALGREENCO,CO,KIRATAYLOR,3037952331,2,1518686120; 1568477800,98558; 107287
same_name_state_authorized_official_phone,WALGREENCO,CO,KIRATAYLOR,3039287053,2,1073640942; 1407574940,14430; 77105
same_name_state_authorized_official_phone,WALGREENCO,CO,KIRATAYLOR,3039288064,2,1447978937; 1629286554,85779; 119097
same_name_state_authorized_official_phone,WALGREENCO,CO,KIRATAYLOR,3039288982,2,1104003136; 1669190112,19028; 125976
same_name_state_authorized_official_phone,WALGREENCO,CO,KIRATAYLOR,3039853977,2,1477272086; 1871016246,89949; 165637
same_name_state_authorized_official_phone,WALGREENCO,CO,KIRATAYLOR,7192190230,2,1790942019; 1952029365,152012; 180911
same_name_state_authorized_official_phone,WALGREENCO,CO,KIRATAYLOR,7192191288,2,1093433419; 1326377714,17740; 61892
same_name_state_authorized_official_phone,WALGREENCO,CO,KIRATAYLOR,7192193747,2,1003535667; 1225215213,863; 42283
same_name_state_authorized_official_phone,WALGREENCO,CO,KIRATAYLOR,7193820427,2,1124033485; 1881312361,22915; 167982
same_name_state_authorized_official_phone,WALGREENCO,CO,KIRATAYLOR,7194737300,2,1477271922; 1548275886,89948; 103289
same_name_state_authorized_official_phone,WALGREENCO,CO,KIRATAYLOR,7194738834,2,1003821349; 1144948647,1194; 28319
same_name_state_authorized_official_phone,WALGREENCO,CO,KIRATAYLOR,7196878104,2,1265150783; 1487669743,49342; 92550
same_name_state_authorized_official_phone,WALGREENCO,CO,KIRATAYLOR,7202141151,2,1588382022; 1649313719,111085; 122611
same_name_state_authorized_official_phone,WALGREENCO,CO,KIRATAYLOR,7202141172,2,1124173562; 1912626516,23473; 174588
same_name_state_authorized_official_phone,WALGREENCO,CO,KIRATAYLOR,7202143853,2,1548988967; 1770808909,104720; 148021
same_name_state_authorized_official_phone,WALGREENCO,CO,KIRATAYLOR,7202145673,2,1114932472; 1609594175,22529; 115253
same_name_state_authorized_official_phone,WALGREENCO,CO,KIRATAYLOR,7202588203,2,1457517690; 1609595214,86915; 115256
same_name_state_authorized_official_phone,WALGREENCO,CO,KIRATAYLOR,7202624615,2,1215655626; 1689833097,40905; 131109
same_name_state_authorized_official_phone,WALGREENCO,CO,KIRATAYLOR,7205969500,2,1316695414; 1699416263,60182; 132059
same_name_state_authorized_official_phone,WALGREENCO,CO,KIRATAYLOR,7208760919,2,1144235482; 1942928627,26837; 180795
same_name_state_authorized_official_phone,WALGREENCO,CO,KIRATAYLOR,9703041218,2,1205352960; 1215656822,38448; 40907
same_name_state_authorized_official_phone,WALGREENCO,CO,KIRATAYLOR,9704750554,2,1194443507; 1275724221,36550; 52473
same_name_state_authorized_official_phone,WALGREENCO,CO,KIRATAYLOR,9708240155,2,1366160772; 1831366913,68714; 158848
same_name_state_authorized_official_phone,WALGREENCO,CO,KIRATAYLOR,9708791968,2,1437877859; 1942578711,83757; 180289
same_name_state_authorized_official_phone,WALGREENCO,CT,ALYSSASWEETEN,2177092386,2,1265955686; 1639692072,51027; 121649
same_name_state_authorized_official_phone,WALGREENCO,GA,ALYSSASWEETEN,2177092386,2,1073037487; 1730602343,13274; 140387
same_name_state_authorized_official_phone,WALGREENCO,ID,ALANNIELSEN,2177092386,4,1023531472; 1164945531; 1598288912; 1770006058,5177; 31970; 112926; 146504
same_name_state_authorized_official_phone,WALGREENCO,IL,ALYSSASWEETEN,6309857189,2,1356902613; 1689039638,68409; 129596
same_name_state_authorized_official_phone,WALGREENCO,IL,KIRATAYLOR,2173247670,2,1386382760; 1548467996,72904; 103946
same_name_state_authorized_official_phone,WALGREENCO,IL,KIRATAYLOR,2173447201,2,1154069672; 1578578688,28431; 109420
same_name_state_authorized_official_phone,WALGREENCO,IL,KIRATAYLOR,2173452233,2,1427063650; 1568100980,80143; 106738
same_name_state_authorized_official_phone,WALGREENCO,IL,KIRATAYLOR,2173675486,2,1184363335; 1649287673,34491; 122494
same_name_state_authorized_official_phone,WALGREENCO,IL,KIRATAYLOR,2174223801,2,1225307986; 1639808835,42459; 121829
same_name_state_authorized_official_phone,WALGREENCO,IL,KIRATAYLOR,2174962392,2,1194463463; 1215229836,36569; 40277
same_name_state_authorized_official_phone,WALGREENCO,IL,KIRATAYLOR,2175622770,2,1003041674; 1801534169,75; 153105
same_name_state_authorized_official_phone,WALGREENCO,IL,KIRATAYLOR,2177092351,12,1144939356; 1265179246; 1275240921; 1295462760; 1336856087; 1336856897; 1366159014; 1457068108; 1518697440; 1659019693; 1770007981; 1811623309,28309; 49359; 51402; 55672; 64464; 64465; 68709; 85868; 98570; 123888; 146523; 155366
same_name_state_authorized_official_phone,WALGREENCO,IL,KIRATAYLOR,2177260979,2,1407039159; 1639817059,76270; 121831
same_name_state_authorized_official_phone,WALGREENCO,IL,KIRATAYLOR,2178248154,2,1598403016; 1831104942,113048; 158021
same_name_state_authorized_official_phone,WALGREENCO,IL,KIRATAYLOR,2178752751,2,1750029260; 1922013226,142822; 175291
same_name_state_authorized_official_phone,WALGREENCO,IL,KIRATAYLOR,2179351357,2,1164624870; 1245978634,31390; 47232
same_name_state_authorized_official_phone,WALGREENCO,IL,KIRATAYLOR,3094441681,2,1205841319; 1942948955,39005; 180822
same_name_state_authorized_official_phone,WALGREENCO,IL,KIRATAYLOR,3096477610,2,1235877754; 1497839633,45207; 94933
same_name_state_authorized_official_phone,WALGREENCO,IL,KIRATAYLOR,3096730665,2,1588302079; 1619982832,110992; 118009
same_name_state_authorized_official_phone,WALGREENCO,IL,KIRATAYLOR,3097346644,2,1811225915; 1982342317,154743; 187162
same_name_state_authorized_official_phone,WALGREENCO,IL,KIRATAYLOR,3097972588,2,1407863400; 1831837830,77508; 159651
same_name_state_authorized_official_phone,WALGREENCO,IL,KIRATAYLOR,3099443784,2,1295979789; 1346988789,56875; 66533
same_name_state_authorized_official_phone,WALGREENCO,IL,KIRATAYLOR,6182520134,2,1598948622; 1649918160,114258; 123773
same_name_state_authorized_official_phone,WALGREENCO,IL,KIRATAYLOR,6182592013,2,1043264153; 1295473262,8088; 55681
same_name_state_authorized_official_phone,WALGREENCO,IL,KIRATAYLOR,6183430297,2,1366642126; 1679211189,69816; 127930
same_name_state_authorized_official_phone,WALGREENCO,IL,KIRATAYLOR,6184578397,2,1033857396; 1477867372,7424; 91318
same_name_state_authorized_official_phone,WALGREENCO,IL,KIRATAYLOR,6185244819,2,1356579338; 1760120109,67831; 144794
same_name_state_authorized_official_phone,WALGREENCO,IL,KIRATAYLOR,6185652329,2,1780322040; 1982868774,148777; 188320
same_name_state_authorized_official_phone,WALGREENCO,IL,KIRATAYLOR,6186511204,2,1285372235; 1639184849,53594; 120431
same_name_state_authorized_official_phone,WALGREENCO,IL,KIRATAYLOR,6186674267,2,1265170633; 1700016417,49354; 133328
same_name_state_authorized_official_phone,WALGREENCO,IL,KIRATAYLOR,6188337236,2,1003554361; 1720216328,882; 137877
same_name_state_authorized_official_phone,WALGREENCO,IL,KIRATAYLOR,6189399944,2,1467533844; 1821736489,88637; 157662
same_name_state_authorized_official_phone,WALGREENCO,IL,KIRATAYLOR,6189425291,2,1144968579; 1366680571,28338; 69864
same_name_state_authorized_official_phone,WALGREENCO,IL,KIRATAYLOR,6302135995,2,1518972751; 1609514975,98961; 115173
same_name_state_authorized_official_phone,WALGREENCO,IL,KIRATAYLOR,6303750570,2,1629233168; 1821736471,118961; 157661
same_name_state_authorized_official_phone,WALGREENCO,IL,KIRATAYLOR,6304280496,2,1205574571; 1538455233,38703; 102152
same_name_state_authorized_official_phone,WALGREENCO,IL,KIRATAYLOR,6304289171,2,1073528246; 1205577889,13936; 38708
same_name_state_authorized_official_phone,WALGREENCO,IL,KIRATAYLOR,6304668321,2,1760120323; 1831449172,144796; 159035
same_name_state_authorized_official_phone,WALGREENCO,IL,KIRATAYLOR,6305510367,2,1962419945; 1992443956,183328; 189278
same_name_state_authorized_official_phone,WALGREENCO,IL,KIRATAYLOR,6305533759,2,1558376756; 1902544778,105248; 172298
same_name_state_authorized_official_phone,WALGREENCO,IL,KIRATAYLOR,6305536112,2,1437898749; 1952453037,83779; 181781
same_name_state_authorized_official_phone,WALGREENCO,IL,KIRATAYLOR,6305857594,2,1518972835; 1760120190,98969; 144795
same_name_state_authorized_official_phone,WALGREENCO,IL,KIRATAYLOR,6306683359,2,1063141265; 1467889832,11470; 89439
same_name_state_authorized_official_phone,WALGREENCO,IL,KIRATAYLOR,6308016977,2,1235397068; 1780322180,44503; 148778
same_name_state_authorized_official_phone,WALGREENCO,IL,KIRATAYLOR,6308204098,2,1326777509; 1861639767,62459; 164922
same_name_state_authorized_official_phone,WALGREENCO,IL,KIRATAYLOR,6308361788,2,1164623617; 1972242279,31388; 185037
same_name_state_authorized_official_phone,WALGREENCO,IL,KIRATAYLOR,6308920927,2,1447457726; 1831837434,84973; 159649
same_name_state_authorized_official_phone,WALGREENCO,IL,KIRATAYLOR,7082391136,2,1194730408; 1962140335,36887; 182932
same_name_state_authorized_official_phone,WALGREENCO,IL,KIRATAYLOR,7083523116,2,1841938750; 1962417105,161635; 183285
same_name_state_authorized_official_phone,WALGREENCO,IL,KIRATAYLOR,7084476851,2,1699413658; 1790790913,132056; 151502
same_name_state_authorized_official_phone,WALGREENCO,IL,KIRATAYLOR,7084482540,2,1154336378; 1275271090,28761; 51438
same_name_state_authorized_official_phone,WALGREENCO,IL,KIRATAYLOR,7084568810,2,1588302855; 1881609915,110996; 168372
same_name_state_authorized_official_phone,WALGREENCO,IL,KIRATAYLOR,7084570606,2,1578578878; 1891433215,109438; 170129
same_name_state_authorized_official_phone,WALGREENCO,IL,KIRATAYLOR,7088685669,2,1255347712; 1386382083,47760; 72902
same_name_state_authorized_official_phone,WALGREENCO,IL,KIRATAYLOR,7732473051,2,1346255577; 1831837541,64956; 159650
same_name_state_authorized_official_phone,WALGREENCO,IL,KIRATAYLOR,7732847419,2,1487392486; 1629085600,92157; 118412
same_name_state_authorized_official_phone,WALGREENCO,IL,KIRATAYLOR,7732860309,2,1609514108; 1710992037,115168; 137030
same_name_state_authorized_official_phone,WALGREENCO,IL,KIRATAYLOR,7733250413,2,1386382307; 1790791267,72903; 151513
same_name_state_authorized_official_phone,WALGREENCO,IL,KIRATAYLOR,7733422818,2,1750517298; 1902544349,143870; 172296
same_name_state_authorized_official_phone,WALGREENCO,IL,KIRATAYLOR,7734930733,2,1326786369; 1659393189,62468; 124463
same_name_state_authorized_official_phone,WALGREENCO,IL,KIRATAYLOR,7736518500,2,1407861537; 1548908569,77474; 104629
same_name_state_authorized_official_phone,WALGREENCO,IL,KIRATAYLOR,7736858759,2,1477291482; 1609882174,89970; 115696
same_name_state_authorized_official_phone,WALGREENCO,IL,KIRATAYLOR,7737286254,2,1295473924; 1841205952,55683; 160059
same_name_state_authorized_official_phone,WALGREENCO,IL,KIRATAYLOR,7737312147,2,1174252357; 1801802277,32388; 153429
same_name_state_authorized_official_phone,WALGREENCO,IL,KIRATAYLOR,7737648961,2,1528706892; 1912912221,100718; 174907
same_name_state_authorized_official_phone,WALGREENCO,IL,KIRATAYLOR,7737880180,2,1255346573; 1710626205,47741; 136471
same_name_state_authorized_official_phone,WALGREENCO,IL,KIRATAYLOR,7739787174,2,1376558692; 1851039838,71255; 161739
same_name_state_authorized_official_phone,WALGREENCO,IL,KIRATAYLOR,8152358148,2,1174761381; 1669110094,33513; 125879
same_name_state_authorized_official_phone,WALGREENCO,IL,KIRATAYLOR,8152545792,2,1821208315; 1992444202,156762; 189279
same_name_state_authorized_official_phone,WALGREENCO,IL,KIRATAYLOR,8152931152,2,1144959321; 1972750750,28333; 186177
same_name_state_authorized_official_phone,WALGREENCO,IL,KIRATAYLOR,8153323256,2,1013656289; 1376785667,3167; 72026
same_name_state_authorized_official_phone,WALGREENCO,IL,KIRATAYLOR,8155626473,2,1073787164; 1134867534,14765; 26403
same_name_state_authorized_official_phone,WALGREENCO,IL,KIRATAYLOR,8156330475,2,1033368618; 1174261432,6658; 32401
same_name_state_authorized_official_phone,WALGREENCO,IL,KIRATAYLOR,8158060438,2,1003959040; 1053050435,1707; 9485
same_name_state_authorized_official_phone,WALGREENCO,IL,KIRATAYLOR,8158954609,2,1548275738; 1639817554,103275; 121832
same_name_state_authorized_official_phone,WALGREENCO,IL,KIRATAYLOR,8159360817,2,1295473635; 1326270828,55682; 61684
same_name_state_authorized_official_phone,WALGREENCO,IL,KIRATAYLOR,8159370632,2,1174261549; 1356365696,32402; 67052
same_name_state_authorized_official_phone,WALGREENCO,IL,KIRATAYLOR,8159434376,2,1013655430; 1447405923,3166; 84848
same_name_state_authorized_official_phone,WALGREENCO,IL,KIRATAYLOR,8473524061,2,1619618295; 1710992904,117451; 137066
same_name_state_authorized_official_phone,WALGREENCO,IL,KIRATAYLOR,8473674652,2,1730827759; 1851346696,140693; 162303
same_name_state_authorized_official_phone,WALGREENCO,IL,KIRATAYLOR,8476697590,2,1235868415; 1497073571,45197; 93654
same_name_state_authorized_official_phone,WALGREENCO,IL,KIRATAYLOR,8476957727,2,1518972744; 1942948500,98960; 180819
same_name_state_authorized_official_phone,WALGREENCO,IL,KIRATAYLOR,8478840752,2,1598772576; 1851030258,113583; 161722
same_name_state_authorized_official_phone,WALGREENCO,IL,KIRATAYLOR,8479981442,2,1053327643; 1578201489,9849; 108866
same_name_state_authorized_official_phone,WALGREENCO,KY,ALANNIELSEN,2177092386,2,1235652264; 1821511189,44908; 157355
same_name_state_authorized_official_phone,WALGREENCO,KY,ALYSSASWEETEN,2177092386,35,1013430040; 1053834184; 1083137178; 1093238156; 1104349109; 1104349570; 1124541339; 1154844157; 1174046106; 1174046114; 1225551252; 1235652298; 1306369418; 1306369772; 1316460504; 1336662600; 1336662618; 1346763380; 1396268512; 1437672458; 1447775077; 1487177416; 1538682547; 1548783988; 1609399971; 1619490703; 1710400734; 1881117844; 1891218822; 1902329006; 1912420357; 1922521954; 1952824054; 1952824161; 1972026300,2889; 11091; 15365; 17505; 19647; 19652; 24155; 30046; 32126; 32127; 42894; 44909; 57633; 57635; 59876; 64230; 64231; 66229; 74786; 83477; 85546; 91878; 102547; 104480; 115041; 117272; 136174; 167735; 169876; 172038; 174298; 176581; 182528; 182531; 184763
same_name_state_authorized_official_phone,WALGREENCO,KY,KIRATAYLOR,2177092386,2,1992228225; 1992228266,189002; 189003
same_name_state_authorized_official_phone,WALGREENCO,LA,ALANNIELSEN,3183719837,2,1154847242; 1255858874,30063; 49008
same_name_state_authorized_official_phone,WALGREENCO,LA,ALANNIELSEN,3379887280,2,1093234031; 1730605122,17492; 140406
same_name_state_authorized_official_phone,WALGREENCO,LA,ALYSSASWEETEN,2257539662,2,1306362728; 1649797317,57609; 123635
same_name_state_authorized_official_phone,WALGREENCO,LA,KIRATAYLOR,3378981929,2,1063199818; 1669159265,11546; 125936
same_name_state_authorized_official_phone,WALGREENCO,MD,VIRGINIAGARZA,2403139165,2,1811742612; 1831436187,155492; 159010
same_name_state_authorized_official_phone,WALGREENCO,MD,VIRGINIAGARZA,3013926116,2,1013187384; 1851146625,2434; 161858
same_name_state_authorized_official_phone,WALGREENCO,MD,VIRGINIAGARZA,3016453095,2,1255537247; 1881449643,48448; 168123
same_name_state_authorized_official_phone,WALGREENCO,MD,VIRGINIAGARZA,3018382790,2,1154509461; 1508611302,29442; 96296
same_name_state_authorized_official_phone,WALGREENCO,MD,VIRGINIAGARZA,3018566501,2,1063267847; 1184883019,11614; 35662
same_name_state_authorized_official_phone,WALGREENCO,MD,VIRGINIAGARZA,3019329826,2,1255346441; 1356196117,47730; 66744
same_name_state_authorized_official_phone,WALGREENCO,MD,VIRGINIAGARZA,4103623310,2,1437905205; 1467875344,83787; 89409
same_name_state_authorized_official_phone,WALGREENCO,MD,VIRGINIAGARZA,4103999691,2,1083469878; 1659501237,15758; 124893
same_name_state_authorized_official_phone,WALGREENCO,MD,VIRGINIAGARZA,4104444700,2,1528814118; 1790209427,100825; 150610
same_name_state_authorized_official_phone,WALGREENCO,MD,VIRGINIAGARZA,4106382404,2,1366519753; 1780439547,69415; 148903
same_name_state_authorized_official_phone,WALGREENCO,MD,VIRGINIAGARZA,4107636907,2,1104921089; 1780439554,20588; 148904
same_name_state_authorized_official_phone,WALGREENCO,MD,VIRGINIAGARZA,4109568319,2,1487608626; 1699520452,92380; 132160
same_name_state_authorized_official_phone,WALGREENCO,MS,ALYSSASWEETEN,2177092386,16,1093238099; 1164945176; 1194248294; 1255854261; 1295258390; 1366965329; 1487177481; 1497278592; 1538682802; 1568985968; 1669995767; 1750804944; 1811410814; 1841713849; 1871016972; 1972026979,17504; 31966; 36321; 48985; 55440; 70406; 91879; 93995; 102550; 108564; 127650; 144420; 155090; 161312; 165641; 184767
same_name_state_authorized_official_phone,WALGREENCO,NC,ALANNIELSEN,7045988773,2,1134645880; 1568989010,26128; 108581
same_name_state_authorized_official_phone,WALGREENCO,NC,ALANNIELSEN,7046626551,2,1336668250; 1619493673,64255; 117288
same_name_state_authorized_official_phone,WALGREENCO,NC,ALANNIELSEN,8286529543,2,1033638861; 1538688361,7162; 102577
same_name_state_authorized_official_phone,WALGREENCO,NC,ALANNIELSEN,9106927773,2,1174042089; 1497274401,32116; 93986
same_name_state_authorized_official_phone,WALGREENCO,NC,ALANNIELSEN,9194964134,2,1538688429; 1982121372,102579; 186869
same_name_state_authorized_official_phone,WALGREENCO,NC,ALYSSASWEETEN,9104881033,2,1053838466; 1891212288,11117; 169856
same_name_state_authorized_official_phone,WALGREENCO,NH,ALYSSASWEETEN,6033565512,2,1184141236; 1518483874,34216; 98323
same_name_state_authorized_official_phone,WALGREENCO,NJ,ALANNIELSEN,6092940633,2,1164949228; 1649794322,31989; 123620
same_name_state_authorized_official_phone,WALGREENCO,NJ,ALANNIELSEN,6097290162,2,1003339037; 1457879496,626; 87536
same_name_state_authorized_official_phone,WALGREENCO,NJ,ALANNIELSEN,6098882203,2,1275051237; 1497273460,51165; 93984
same_name_state_authorized_official_phone,WALGREENCO,NJ,ALANNIELSEN,7322259655,2,1104343888; 1285159889,19639; 53338
same_name_state_authorized_official_phone,WALGREENCO,NJ,ALANNIELSEN,7327982450,2,1720505357; 1851818769,138423; 163445
same_name_state_authorized_official_phone,WALGREENCO,NJ,ALANNIELSEN,7329851431,2,1356868400; 1629593223,68362; 119627
same_name_state_authorized_official_phone,WALGREENCO,NJ,ALANNIELSEN,9085340019,2,1326565193; 1831613546,62223; 159355
same_name_state_authorized_official_phone,WALGREENCO,NJ,ALANNIELSEN,9087228123,2,1356866172; 1427575646,68345; 81438
same_name_state_authorized_official_phone,WALGREENCO,NJ,ALANNIELSEN,9738279195,2,1780101741; 1902320963,148523; 172012
same_name_state_authorized_official_phone,WALGREENCO,NJ,ALANNIELSEN,9739040550,2,1043737190; 1225553019,9166; 42906
same_name_state_authorized_official_phone,WALGREENCO,NJ,ALYSSASWEETEN,7326077510,2,1124543913; 1851810642,24170; 163415
same_name_state_authorized_official_phone,WALGREENCO,NY,ALANNIELSEN,7184930854,2,1124544176; 1902322951,24172; 172026
same_name_state_authorized_official_phone,WALGREENCO,OH,KIRATAYLOR,2177092351,2,1548967961; 1649926494,104692; 123789
same_name_state_authorized_official_phone,WALGREENCO,SC,ALYSSASWEETEN,2177092386,10,1033632054; 1194248195; 1215450309; 1265955496; 1306369335; 1356864441; 1497278402; 1508389537; 1548783640; 1871016873,7127; 36320; 40664; 51026; 57630; 68337; 93991; 96064; 104477; 165639
same_name_state_authorized_official_phone,WALGREENCO,TX,KIRATAYLOR,2177092351,2,1164122834; 1578282729,30385; 108978
same_name_state_authorized_official_phone,WALGREENCO,UT,ALYSSASWEETEN,2177092386,9,1215450242; 1306369434; 1417470444; 1518480540; 1558884676; 1689197618; 1770006884; 1770006892; 1801319926,40662; 57634; 79153; 98301; 106448; 129833; 146512; 146513; 152821
same_name_state_authorized_official_phone,WALGREENCO,WV,KIRATAYLOR,3042290935,2,1134847429; 1619493202,26378; 117286
same_name_state_authorized_official_phone,WALGREENCO,WV,KIRATAYLOR,3042420273,2,1164947941; 1366160608,31981; 68713
same_name_state_authorized_official_phone,WALGREENCO,WV,KIRATAYLOR,3042624697,2,1336867761; 1861652562,64479; 164946
same_name_state_authorized_official_phone,WALGREENCO,WV,KIRATAYLOR,3042650926,2,1124253786; 1922726363,23662; 176840
same_name_state_authorized_official_phone,WALGREENCO,WV,KIRATAYLOR,3042726767,2,1275251522; 1982120705,51418; 186866
same_name_state_authorized_official_phone,WALGREENCO,WV,KIRATAYLOR,3042734496,2,1124746565; 1609391358,24422; 115014
same_name_state_authorized_official_phone,WALGREENCO,WV,KIRATAYLOR,3042940343,2,1316463979; 1689392953,59893; 130047
same_name_state_authorized_official_phone,WALGREENCO,WV,KIRATAYLOR,3042954573,2,1093234080; 1437877735,17493; 83756
same_name_state_authorized_official_phone,WALGREENCO,WV,KIRATAYLOR,3042962547,2,1376067090; 1720706070,70584; 138695
same_name_state_authorized_official_phone,WALGREENCO,WV,KIRATAYLOR,3043292212,2,1528786829; 1720504145,100799; 138420
same_name_state_authorized_official_phone,WALGREENCO,WV,KIRATAYLOR,3043664526,2,1417473000; 1912625203,79171; 174583
same_name_state_authorized_official_phone,WALGREENCO,WV,KIRATAYLOR,3043727448,2,1013432749; 1881312221,2903; 167981
same_name_state_authorized_official_phone,WALGREENCO,WV,KIRATAYLOR,3044280946,2,1336665785; 1720706021,64249; 138694
same_name_state_authorized_official_phone,WALGREENCO,WV,KIRATAYLOR,3044389204,2,1124746490; 1841716404,24421; 161327
same_name_state_authorized_official_phone,WALGREENCO,WV,KIRATAYLOR,3044551790,2,1104544469; 1831615574,19872; 159368
same_name_state_authorized_official_phone,WALGREENCO,WV,KIRATAYLOR,3044624438,2,1336867696; 1427574086,64478; 81432
same_name_state_authorized_official_phone,WALGREENCO,WV,KIRATAYLOR,3044655658,2,1154049492; 1457877219,28419; 87523
same_name_state_authorized_official_phone,WALGREENCO,WV,KIRATAYLOR,3044665069,2,1265150528; 1528584182,49339; 100572
same_name_state_authorized_official_phone,WALGREENCO,WV,KIRATAYLOR,3044720150,2,1295259919; 1700504149,55450; 134145
same_name_state_authorized_official_phone,WALGREENCO,WV,KIRATAYLOR,3044855517,2,1184342420; 1861919466,34472; 165497
same_name_state_authorized_official_phone,WALGREENCO,WV,KIRATAYLOR,3045230167,2,1295454775; 1457876112,55662; 87521
same_name_state_authorized_official_phone,WALGREENCO,WV,KIRATAYLOR,3045233502,2,1003057811; 1205554631,106; 38682
same_name_state_authorized_official_phone,WALGREENCO,WV,KIRATAYLOR,3045274082,2,1205554508; 1780100123,38681; 148521
same_name_state_authorized_official_phone,WALGREENCO,WV,KIRATAYLOR,3045486593,3,1003534389; 1033838511; 1437676392,859; 7407; 83501
same_name_state_authorized_official_phone,WALGREENCO,WV,KIRATAYLOR,3045832404,2,1053837963; 1639897937,11114; 121919
same_name_state_authorized_official_phone,WALGREENCO,WV,KIRATAYLOR,3045869064,2,1407574841; 1992220628,77103; 188978
same_name_state_authorized_official_phone,WALGREENCO,WV,KIRATAYLOR,3045872224,2,1033837323; 1982121844,7404; 186872
same_name_state_authorized_official_phone,WALGREENCO,WV,KIRATAYLOR,3045896868,2,1356867113; 1770201014,68352; 146783
same_name_state_authorized_official_phone,WALGREENCO,WV,KIRATAYLOR,3045928003,3,1144949611; 1245958529; 1669998241,28322; 47209; 127660
same_name_state_authorized_official_phone,WALGREENCO,WV,KIRATAYLOR,3046368180,2,1629251038; 1639897069,119007; 121917
same_name_state_authorized_official_phone,WALGREENCO,WV,KIRATAYLOR,3046828586,2,1194443499; 1891211702,36549; 169854
same_name_state_authorized_official_phone,WALGREENCO,WV,KIRATAYLOR,3047232110,2,1417473844; 1780302083,79178; 148754
same_name_state_authorized_official_phone,WALGREENCO,WV,KIRATAYLOR,3047287713,2,1578281846; 1801312467,108973; 152796
same_name_state_authorized_official_phone,WALGREENCO,WV,KIRATAYLOR,3047370205,2,1265150577; 1750807046,49340; 144433
same_name_state_authorized_official_phone,WALGREENCO,WV,KIRATAYLOR,3047423072,2,1598281404; 1619696192,112904; 117545
same_name_state_authorized_official_phone,WALGREENCO,WV,KIRATAYLOR,3047437912,2,1255857850; 1841918133,49005; 161611
same_name_state_authorized_official_phone,WALGREENCO,WV,KIRATAYLOR,3047448362,2,1255059507; 1841716560,47325; 161329
same_name_state_authorized_official_phone,WALGREENCO,WV,KIRATAYLOR,3047522910,2,1659897205; 1730807090,125616; 140674
same_name_state_authorized_official_phone,WALGREENCO,WV,KIRATAYLOR,3047577318,2,1821717315; 1922524909,157635; 176599
same_name_state_authorized_official_phone,WALGREENCO,WV,KIRATAYLOR,3047996617,2,1508584806; 1952827388,96269; 182549
same_name_state_authorized_official_phone,WALGREENCO,WV,KIRATAYLOR,3048223313,2,1700301587; 1942928387,133889; 180794
same_name_state_authorized_official_phone,WALGREENCO,WV,KIRATAYLOR,3048245050,2,1720504442; 1861110124,138421; 163795
same_name_state_authorized_official_phone,WALGREENCO,WV,KIRATAYLOR,3048247077,2,1164948972; 1396463642,31987; 75026
same_name_state_authorized_official_phone,WALGREENCO,WV,KIRATAYLOR,3048420647,2,1013635457; 1609179860,3149; 114715
same_name_state_authorized_official_phone,WALGREENCO,WV,KIRATAYLOR,3048542373,2,1083130009; 1659099901,15344; 123954
same_name_state_authorized_official_phone,WALGREENCO,WV,KIRATAYLOR,3048551032,2,1427574441; 1831817196,81434; 159626
same_name_state_authorized_official_phone,WALGREENCO,WV,KIRATAYLOR,3048724394,2,1558514448; 1578281903,105797; 108974
same_name_state_authorized_official_phone,WALGREENCO,WV,KIRATAYLOR,3048760505,2,1033837331; 1245756683,7405; 46974
same_name_state_authorized_official_phone,WALGREENCO,WV,KIRATAYLOR,3049496237,2,1134847486; 1568988285,26379; 108576
same_name_state_authorized_official_phone,WALGREENCO,WV,KIRATAYLOR,3049679775,2,1730605171; 1811615156,140407; 155353
same_name_state_authorized_official_phone,WALGREENCO,WV,KIRATAYLOR,3049862280,2,1629594296; 1639897903,119634; 121918
same_name_state_authorized_official_phone,WALGREENSPECIALTYPHARMACYLLC,PA,JENNIFERPONCE,2177092494,2,1710793203; 1891514923,136636; 170231
same_name_state_authorized_official_phone,WALGREENSPECIALTYPHARMACYLLC,TX,JENNIFERPONCE,2143873500,2,1144521899; 1598066243,27735; 112531
same_name_state_authorized_official_phone,WALGREENSSPECIALTYPHARMACYLLC,MI,JENNIFERPONCE,8882825166,3,1417284845; 1528224623; 1942303110,78859; 99923; 179557
same_name_state_authorized_official_phone,WALKABOUTORTHOTICSPROSTHETICSINC,WI,JENNIFERSIMMONS,7158498703,3,1033970223; 1649031832; 1659374213,7545; 122037; 124352
same_name_state_authorized_official_phone,WALKERHOMEMEDICAL,GA,JESSICAPENNINGTON,9123531809,2,1598944126; 1952599292,114245; 182148
same_name_state_authorized_official_phone,WALKERHOMEMEDICALINC,GA,ROSWELLWALKER,9126813838,2,1235226556; 1376991075,43991; 72387
same_name_state_authorized_official_phone,WALKERSSHOECENTERINC,OH,MELISSAWALKER,7406543166,2,1467658120; 1811205016,89001; 154692
same_name_state_authorized_official_phone,WALLHOMEMEDICALEQUIPMENTINC,SC,BARBARAWALL,8433742299,2,1447216957; 1659577104,84112; 125063
same_name_state_authorized_official_phone,WALMARTINC,CA,KIMBERLYCANONIC,9095632577,2,1285590323; 1770458945,53817; 147063
same_name_state_authorized_official_phone,WALMARTSTORESEASTLP,FL,KIMBERLYCANONIC,4792779170,2,1629558937; 1891280251,119576; 169967
same_name_state_authorized_official_phone,WALMARTSTORESEASTLP,GA,KIMBERLYCANONIC,7622095008,2,1215310800; 1770965634,40438; 148313
same_name_state_authorized_official_phone,WALMARTSTORESEASTLP,TN,KIMBERLYCANONIC,9315520241,2,1720005929; 1831116003,137158; 158064
same_name_state_authorized_official_phone,WALMARTSTORESTEXASLLC,TX,KIMBERLYCANONIC,4792734288,2,1194216143; 1528555463,36252; 100523
same_name_state_authorized_official_phone,WALSHPHARMACYOFROCKSTREETINC,MA,THOMASPASTERNAK,5086791300,2,1649361361; 1831651272,122743; 159436
same_name_state_authorized_official_phone,WARMACKPHARMACIESINC,AR,LYNNWILSON,8703256262,2,1669209458; 1942645569,125993; 180398
same_name_state_authorized_official_phone,WARRENPHARMACYMEDICALSUPPLIESPC,MI,FARAHKHAN,2485415800,2,1417122805; 1497960033,78481; 95304
same_name_state_authorized_official_phone,WARRIORSERVICECOMPANYLLC,KY,ALEXPRESMAN,8887244344,2,1346172012; 1740112416,64770; 140976
same_name_state_authorized_official_phone,WARRIORSERVICECOMPANYLLC,MO,ALEXPRESMAN,8887244344,4,1265364939; 1316879083; 1609708353; 1992637672,49538; 60346; 115386; 189441
same_name_state_authorized_official_phone,WARRIORSERVICECOMPANYLLC,OR,ALEXPRESMAN,8887244344,3,1235061912; 1295667970; 1902738693,43442; 55865; 172468
same_name_state_authorized_official_phone,WARSAWRXLLC,NC,KELSEYGELDERMAN,9103243164,2,1134222029; 1619014453,25207; 116238
same_name_state_authorized_official_phone,WASHINGTONASSOCIATES,CA,DEIRDREWASHINGTON,8184196659,3,1023477627; 1336509322; 1811357452,5094; 63978; 154991
same_name_state_authorized_official_phone,WASHINGTONUNIVERSITY,MO,CATHYEGHIGIAN,3143625641,2,1043414113; 1174880629,8580; 33775
same_name_state_authorized_official_phone,WASHINGTONUNIVERSITY,MO,CATHYEGHIGIAN,3143627509,3,1114353497; 1124453071; 1588099436,21752; 24037; 110722
same_name_state_authorized_official_phone,WASHINGTONUNIVERSITY,MO,CATHYEGHIGIAN,3144546162,2,1043645807; 1053747378,9020; 10960
same_name_state_authorized_official_phone,WASHINGTONUNIVERSITY,MO,CATHYEGHIGIAN,3145143500,4,1033382536; 1144892662; 1295556280; 1497381206,6683; 28272; 55764; 94114
same_name_state_authorized_official_phone,WASHINGTONUNIVERSITY,MO,CATHYEGHIGIAN,3149963845,2,1144614538; 1528492055,27916; 100427
same_name_state_authorized_official_phone,WASHINGTONUNIVERSITYSCHOOLOFMEDICINE,MO,CATHYEGHIGIAN,3149350770,8,1144410689; 1306036843; 1396935839; 1487844924; 1528258548; 1609066141; 1831389386; 1972793412,27524; 57011; 76057; 93230; 100010; 114519; 158911; 186284
same_name_state_authorized_official_phone,WATAUGAORTHOPAEDICSPLC,TN,KATHERINELYONS,4232829011,2,1518508993; 1730924192,98353; 140795
same_name_state_authorized_official_phone,WATERLILLYPHARMACYLLC,FL,GORJANAAPOSTOLOVIC,9544175698,2,1396519633; 1528689015,75094; 100692
same_name_state_authorized_official_phone,WAUKEGANCLINICCORP,IL,SOPHIAARWOOD,8473366111,2,1417384306; 1538597117,79049; 102433
same_name_state_authorized_official_phone,WAVEMEDICALEQUIPMENTSUPPLYLLC,TX,RABBIAASHRAF,4843313408,2,1083573943; 1275492134,15861; 51652
same_name_state_authorized_official_phone,WAYNEDRUGOFPULASKIINC,NY,JAMESBRANSHAW,3153435722,2,1275606097; 1326259961,52054; 61677
same_name_state_authorized_official_phone,WAYNEPHARMACYINC,NC,KENNETHWIGGINS,9197356936,3,1528416898; 1659824274; 1790853810,100305; 125530; 151696
same_name_state_authorized_official_phone,WBDRUGSINC,GA,WINSTONBROCK,2292461000,2,1922033075; 1992738686,175465; 189767
same_name_state_authorized_official_phone,WBPLAZAPHARMACYINC,GA,DOUGLASWILKINSON,4782376621,2,1326086067; 1730123787,61106; 139213
same_name_state_authorized_official_phone,WCROSEDRUGSTOREINC,NC,KARENROSE,2522371188,2,1659516425; 1700935665,124932; 134874
same_name_state_authorized_official_phone,WCROSEDRUGSTOREINC,NC,WILLIAMROSE,2522371188,2,1831252311; 1912986001,158496; 175226
same_name_state_authorized_official_phone,WEARSDRUGSINC,AL,FLAVILWEAR,2566853530,2,1154340750; 1376017764,28802; 70503
same_name_state_authorized_official_phone,WEILFOOTANDANKLEINSTITUTELLC,IL,LOWELLWEIL,8473907666,19,1003546623; 1043952476; 1093445629; 1124758743; 1134859796; 1245960871; 1376273979; 1437889060; 1457081457; 1568103455; 1578293106; 1609506229; 1699334003; 1730961301; 1760112379; 1770213696; 1821714585; 1881324457; 1972370039,874; 9384; 17750; 24427; 26396; 47213; 70851; 83770; 85886; 106740; 108987; 115161; 131956; 140835; 144785; 146798; 157632; 167994; 185160
same_name_state_authorized_official_phone,WEIMERDRUGCOINC,KS,SCOTTPATTERSON,7852632229,2,1083797997; 1417276338,16636; 78839
same_name_state_authorized_official_phone,WELIAHEALTH,MN,RANDYULSETH,3203225141,2,1407276264; 1841761871,76704; 161408
same_name_state_authorized_official_phone,WELLCAREPHARMACY,CA,MOBEENYAMIN,9166491615,2,1124430111; 1659691103,24003; 125286
same_name_state_authorized_official_phone,WELLCARERESPIRATORYHMEINC,TX,YASSERHAYDAR,9155924346,3,1124115399; 1568563005; 1699876185,23229; 107661; 133001
same_name_state_authorized_official_phone,WELLNESSCORPORATESOLUTIONSLLC,MD,FIONAGATHRIGHT,3012297555,2,1235683509; 1508149667,44984; 95670
same_name_state_authorized_official_phone,WELLNESSONWHEELSLLC,LA,KENYALLWILLIAMS,2258069503,3,1316835713; 1467340927; 1497643803,60320; 88083; 94399
same_name_state_authorized_official_phone,WELLNESSPHARMACYINC,PA,JIANJIANG,2157826688,2,1245097443; 1851278287,45463; 162010
same_name_state_authorized_official_phone,WELLNESSPLUSLLC,NJ,OLUSEGUNADEYEMO,9733991150,2,1225574742; 1831806249,42937; 159613
same_name_state_authorized_official_phone,WELLPARTNERLLC,OR,SUSANCOLBERT,5037185757,2,1518150002; 1801034863,97703; 152229
same_name_state_authorized_official_phone,WELLSDRUGSINC,TN,CHUCKWELLS,4235661967,2,1043606452; 1255763751,8957; 48857
same_name_state_authorized_official_phone,WELLSPANPHARMACYINC,PA,KEVINCHARNETSKI,7177418151,2,1477095172; 1871645580,89748; 166677
same_name_state_authorized_official_phone,WELLSTARISMEDICALEQUIPMENTSUPPLYCORP,GA,LOLITABURGESS,4705520841,2,1164388765; 1518823814,30623; 98703
same_name_state_authorized_official_phone,WENATCHEEVALLEYHOSPITAL,WA,GLENNADAMS,5096638711,2,1639734320; 1689916819,121725; 131271
same_name_state_authorized_official_phone,WESTCOASTBRACELIMB,FL,SHARONDORR,8139855000,2,1013482546; 1194733758,2977; 36908
same_name_state_authorized_official_phone,WESTCOASTDMESUPPLIESLLC,CA,MICHAELWELLS,9094773117,3,1255998290; 1376883660; 1689189664,49176; 72199; 129813
same_name_state_authorized_official_phone,WESTERNCPAPSUPPLYLLC,WY,MARKSCHULTZ,3074264012,2,1679734958; 1821220955,129061; 156785
same_name_state_authorized_official_phone,WESTERNNEWYORKMEDICALPRACTICEPC,NY,NICHOLEHOLDER,5857233000,2,1073182853; 1639748429,13489; 121743
same_name_state_authorized_official_phone,WESTFIELDPHARMACYINC,NE,KIMRILEY,3085325539,2,1104914720; 1629421078,20544; 119352
same_name_state_authorized_official_phone,WESTHEALTHCARESOLUTIONSINC,CA,JOSHROYAL,6613249411,2,1144221797; 1538899927,26769; 102796
same_name_state_authorized_official_phone,WESTHOLTMEMORIALHOSPITAL,NE,JEREMYBAUER,4029252651,2,1649716143; 1811913767,123515; 155745
same_name_state_authorized_official_phone,WESTMILFORDDRUGSINC,NJ,PIYUSHPATEL,9737281400,2,1649799842; 1730104241,123649; 139091
same_name_state_authorized_official_phone,WESTPARKHOSPITALDISTRICT,WY,HANNAHMCRAE,3075277501,2,1457179533; 1467442459,85999; 88210
same_name_state_authorized_official_phone,WESTPENNALLEGHENYHEALTHSYSTEMINC,PA,ANDREWTISCH,8783324450,2,1083587547; 1154281806,15873; 28639
same_name_state_authorized_official_phone,WESTSHOREUROLOGYPLC,MI,CRISTEENBENCH,2317399492,2,1669640058; 1760650154,127035; 145899
same_name_state_authorized_official_phone,WESTSIDEJIFFYPHARMACYINC,AL,JEBJONES,2562332307,2,1407417637; 1992327019,76922; 189153
same_name_state_authorized_official_phone,WESTSIDEPHARMACYOFDETROITINC,MI,RENARDOGRAY,3133421555,2,1275609372; 1427050129,52071; 80076
same_name_state_authorized_official_phone,WESTVIRGINIAUNIVERSITYHOSPITALSINC,WV,MICHAELGRACE,3045984000,2,1215818653; 1851269591,41073; 161999
same_name_state_authorized_official_phone,WEYRAUCHSPHARMACYLLC,OH,JOHNWEYRAUCH,3308570115,2,1265207773; 1972506582,49403; 185311
same_name_state_authorized_official_phone,WHEATRIDGEDRUGSTORELLC,CO,WENDYDILORENZO,3034216111,2,1497214332; 1811389174,93908; 155046
same_name_state_authorized_official_phone,WHEELCHAIRSPLUSINC,MN,CHRISTINESCHEDIN,2182591833,2,1437248531; 1780640821,82522; 149269
same_name_state_authorized_official_phone,WHGOODALECO,NJ,ROBERTPERGOLA,9733660976,2,1043729718; 1780781617,9147; 149681
same_name_state_authorized_official_phone,WHITEDIAMONDSLLC,CO,DANNIECAMPBELL,3037475176,2,1295653418; 1831017052,55843; 157889
same_name_state_authorized_official_phone,WHITEFORDDARLINGTONLLC,MD,NAVEENKUNAPARAJU,4104525221,2,1124125976; 1992169882,23315; 188899
same_name_state_authorized_official_phone,WHITEHALLPHARMACYLLC,WV,TERRIVILAIN,3043689355,2,1114098134; 1962647719,21243; 184052
same_name_state_authorized_official_phone,WHITEMARSHHEALTHCAREPHYSICALMEDICINELLC,MD,TIMOTHYGOBER,4437254930,2,1376990200; 1942674163,72385; 180437
same_name_state_authorized_official_phone,WHITEMARSHPHARMACY,MD,MICHAELSOURANIS,4433842500,2,1033297544; 1932385515,6527; 178141
same_name_state_authorized_official_phone,WHITESDRUGSOFRICHTONLLC,MS,JIMMYWHITE,6017886335,2,1457367922; 1831125368,86316; 158141
same_name_state_authorized_official_phone,WHITESTARPROFESSIONALCORPORATION,OH,DARRELLWHITE,4408923931,2,1477768091; 1730394362,91156; 140008
same_name_state_authorized_official_phone,WHITTIERHEALTHPHARMACYINC,MA,LAURETTAOKOYE,6175416846,2,1285717264; 1841970761,54268; 161672
same_name_state_authorized_official_phone,WIENNERINC,MD,STEPHENWIENNER,4105398030,2,1336142058; 1861894156,62877; 165430
same_name_state_authorized_official_phone,WIGGINSENTERPRISELLC,TX,FELIXLANTSMAN,7135413300,2,1457739278; 1639602329,87300; 121501
same_name_state_authorized_official_phone,WILBEAMEDICALEQUIPMENTLLC,TX,CLAUDEFRIESLAND,2549397171,2,1871470385; 1932086543,166182; 177214
same_name_state_authorized_official_phone,WILKAREPHARMACYOFDONIPHAN,MO,PHILLIPWILKINS,5739964127,2,1548029457; 1811763378,102914; 155514
same_name_state_authorized_official_phone,WILKINSONPHARMACYINC,MO,JAMESBEISNER,4176237907,2,1639490055; 1740292325,121314; 141383
same_name_state_authorized_official_phone,WILKINSONPHARMACYINC,MO,MICHAELBURNS,4175324431,2,1013973759; 1720185333,3760; 137764
same_name_state_authorized_official_phone,WILLAMETTECOMMUNITYMEDICALGROUPLLC,OR,DEBBIEBREWER,5416867007,2,1336324219; 1942485800,63593; 180094
same_name_state_authorized_official_phone,WILLAMETTEORTHOTICSPROSTHETICSLLC,OR,IVANSABEL,5033646006,2,1003955865; 1124726815,1699; 24400
same_name_state_authorized_official_phone,WILLIAMCARLYLEJOHNSON,TN,WILLIAMJOHNSON,9315361414,2,1447458542; 1881819605,84974; 169083
same_name_state_authorized_official_phone,WILLIAMFRYANCOMMUNITYHEALTHCENTERINC,NY,JOSEVIRELLA,2125317533,2,1871305532; 1881406551,166005; 168075
same_name_state_authorized_official_phone,WILLIAMSDRUGLLC,NJ,DHIMANPARIKH,9735230777,2,1073653762; 1124547633,14451; 24182
same_name_state_authorized_official_phone,WILLIAMSTROTTERASSOCIATES,TX,TOMMICLAY,3256706500,2,1174659486; 1942416615,33279; 179939
same_name_state_authorized_official_phone,WILLIAMSTYLERTOWNPHARMACYLLC,MS,MATTHEWWILLIAMS,6012221770,2,1346075785; 1639720717,64698; 121706
same_name_state_authorized_official_phone,WILLIAMTSIMONETMDPA,MN,CLAUDETTENORDBY,9529158324,2,1104004506; 1477730414,19034; 91058
same_name_state_authorized_official_phone,WILLOWBROOKBIOSCIENCESLLC,TX,BILLYWEITZ,2812123129,2,1174459705; 1447186077,32591; 84055
same_name_state_authorized_official_phone,WILNOSURGICALSINC,NY,WILLIAMNORONHA,7182925625,2,1275791360; 1871659250,52628; 166719
same_name_state_authorized_official_phone,WILSONDRUGINC,OR,DAVIDWILSON,5038424181,2,1255477865; 1881892453,48279; 169260
same_name_state_authorized_official_phone,WILSONFAMILYPHARMACIESINC,NC,KEVINWILSON,9102858737,2,1598875379; 1598906745,114069; 114144
same_name_state_authorized_official_phone,WILSONPHARMACYGROUPLLC,TX,BRANCEWILSON,8066523353,2,1407478522; 1801472626,76986; 153030
same_name_state_authorized_official_phone,WINDINGWATERSMEDICALCLINIC,OR,KELIDENNIS,5414264502,2,1114631322; 1285482695,22122; 53733
same_name_state_authorized_official_phone,WINDSORPHARMAINC,PA,HIMAJAPARUCHURI,2159451125,2,1679800452; 1871684548,129202; 166805
same_name_state_authorized_official_phone,WINKELMANNSONSDRUGCO,MO,DANIELWINKELMANN,3143533300,3,1407862881; 1710991161; 1750324018,77505; 137025; 143224
same_name_state_authorized_official_phone,WINMARKDRUGLTD,NY,MARKSMILOVITZ,2127371280,2,1053402107; 1669797643,10115; 127343
same_name_state_authorized_official_phone,WINSLETTEPHARMACYINC,GA,WOOTSONWINSLETTE,7062900300,2,1255637278; 1649331265,48625; 122648
same_name_state_authorized_official_phone,WIREGRASSDRUGSINC,AL,THOMASSHARPE,3346840453,2,1770234619; 1811986086,146823; 155979
same_name_state_authorized_official_phone,WISCONSINSPINEANDPAINSC,WI,MICHAELJUNG,9202046758,5,1154149367; 1285452391; 1487472593; 1649098856; 1982422192,28506; 53706; 92248; 122100; 187255
same_name_state_authorized_official_phone,WITHOUTLIMITSLLC,CO,WILLIAMALLEN,3032639983,2,1003064916; 1548446198,132; 103900
same_name_state_authorized_official_phone,WJGMULTISPECIALTYCLINICPC,ME,WOODRUFFBAUM,2076055593,2,1144177056; 1366262545,26699; 68829
same_name_state_authorized_official_phone,WOLFINDUSTRIESINC,MS,STEPHENGRIGGS,2288633331,2,1326339409; 1770919979,61816; 148232
same_name_state_authorized_official_phone,WOLFINDUSTRIESINC,MS,STEPHENGRIGGS,2288649096,2,1154568889; 1508188376,29551; 95735
same_name_state_authorized_official_phone,WOODBINEMEDICALLLC,GA,RYANCLEMENTS,9125766998,2,1821661034; 1841201266,157574; 160000
same_name_state_authorized_official_phone,WOODBURYCOUNTYGOVERNMENT,IA,KEVINGRIEME,7122796119,2,1073617080; 1790889707,14336; 151864
same_name_state_authorized_official_phone,WOODRUFFDRUGCOPA,AR,CHERYLWOODRUFF,8705783277,2,1275544850; 1558556555,51770; 105884
same_name_state_authorized_official_phone,WOODWARDCJSPHARMACYINC,IL,JILLWOODWARD,6182590085,2,1396759445; 1437648342,75423; 83440
same_name_state_authorized_official_phone,WOODWARDDETROITCVSLLC,MI,SUSANCOLBERT,4017651500,2,1033374319; 1922273424,6672; 176101
same_name_state_authorized_official_phone,WOODYSPHARMACYINC,TN,JOSEPHCOLLINS,4236263333,2,1073632972; 1982700266,14424; 187798
same_name_state_authorized_official_phone,WOOSTERCLINICLLC,OH,DENNISLARAWAY,3302874500,2,1124192810; 1679646541,23535; 128755
same_name_state_authorized_official_phone,WORLDRXINC,NY,ANWAARBAIG,3474549032,2,1184941890; 1407129141,35781; 76431
same_name_state_authorized_official_phone,WPMCOMMUNITYPHARMACIESLLC,AR,WMALONE,4796210400,2,1073918223; 1447320528,15026; 84502
same_name_state_authorized_official_phone,WRBENTERPRISESINC,KY,WILLIAMBROWN,2702477300,2,1457406969; 1861599607,86531; 164851
same_name_state_authorized_official_phone,WRIGHTCAREHOMEMEDICALSUPPLIESINC,KY,LAWRENCECONN,7404564363,2,1548158363; 1770279002,103053; 146866
same_name_state_authorized_official_phone,WRIGHTFILIPPISINC,MI,ANTHONYFILIPPIS,2316228680,2,1003054768; 1639318280,99; 120967
same_name_state_authorized_official_phone,WRIGHTFILIPPISINC,MI,ANTHONYFILIPPIS,2317757961,2,1427242841; 1427242874,80874; 80875
same_name_state_authorized_official_phone,WRIGHTFILIPPISINC,MI,ANTHONYFILIPPIS,2486202401,2,1033264296; 1043258973,6403; 8077
same_name_state_authorized_official_phone,WRIGHTFILIPPISINC,MI,ANTHONYFILIPPIS,2488298200,2,1205877594; 1588719645,39209; 111720
same_name_state_authorized_official_phone,WRIGHTFILIPPISINC,MI,ANTHONYFILIPPIS,5867775409,2,1366629362; 1508039579,69795; 95451
same_name_state_authorized_official_phone,WRIGHTFILIPPISINC,MI,ANTHONYFILIPPIS,6165311340,2,1376585554; 1982759189,71430; 188034
same_name_state_authorized_official_phone,WRIGHTFILIPPISINC,MI,ANTHONYFILIPPIS,9062286930,3,1356496533; 1851305726; 1962842435,67620; 162041; 184478
same_name_state_authorized_official_phone,WRIGHTFILIPPISINC,MI,ANTHONYFILIPPIS,9062532278,2,1124174248; 1649284373,23474; 122430
same_name_state_authorized_official_phone,WRIGHTFILIPPISINC,MI,ANTHONYFILIPPIS,9067860538,2,1194870295; 1639117062,37437; 120260
same_name_state_authorized_official_phone,WRIGHTFILIPPISINC,MI,ANTHONYFILIPPIS,9892697995,2,1568409712; 1811042161,107093; 154245
same_name_state_authorized_official_phone,WRIGHTFILIPPISINC,MI,ANTHONYFILIPPIS,9893562034,2,1417994658; 1528113123,79971; 99543
same_name_state_authorized_official_phone,WRIGHTFILIPPISINC,MI,ANTHONYFILIPPIS,9893622897,2,1467685396; 1518283001,89047; 97942
same_name_state_authorized_official_phone,WRIGHTFILIPPISINC,MI,ANTHONYFILIPPIS,9897292442,2,1720092604; 1851447494,137420; 162568
same_name_state_authorized_official_phone,WRIGHTFILIPPISINC,MI,ANTHONYFILIPPIS,9897324521,2,1013959295; 1598810798,3737; 113777
same_name_state_authorized_official_phone,WRIGHTFILIPPISINC,MI,ANTHONYFILIPPIS,9898724297,2,1194762575; 1720133077,37077; 137561
same_name_state_authorized_official_phone,WRIGHTFILIPPISINC,OH,ANTHONYFILIPPIS,4194793020,2,1043224702; 1992850002,7811; 190132
same_name_state_authorized_official_phone,WRIGHTFILIPPISINC,WI,ANTHONYFILIPPIS,7153305437,2,1093030876; 1427221548,17146; 80806
same_name_state_authorized_official_phone,WRIGHTFILIPPISLLC,MI,ANTHONYFILIPPIS,2483368460,2,1457406605; 1891739611,86530; 170672
same_name_state_authorized_official_phone,WRIGHTFILIPPISLLC,MI,ANTHONYFILIPPIS,2483472365,2,1457538456; 1699948661,86973; 133222
same_name_state_authorized_official_phone,WRIGHTFILIPPISLLC,MI,ANTHONYFILIPPIS,2486150041,2,1518908490; 1669527917,98806; 126599
same_name_state_authorized_official_phone,WRIGHTFILIPPISLLC,MI,ANTHONYFILIPPIS,2486580990,2,1639121296; 1932254075,120272; 177811
same_name_state_authorized_official_phone,WRIGHTFILIPPISLLC,MI,ANTHONYFILIPPIS,2488298200,2,1427058650; 1992857742,80097; 190158
same_name_state_authorized_official_phone,WRIGHTFILIPPISLLC,MI,ANTHONYFILIPPIS,2692262617,2,1083647580; 1942355128,16128; 179753
same_name_state_authorized_official_phone,WRIGHTFILIPPISLLC,MI,ANTHONYFILIPPIS,2699795760,2,1174560320; 1679628739,32920; 128700
same_name_state_authorized_official_phone,WRIGHTFILIPPISLLC,MI,ANTHONYFILIPPIS,3133863330,2,1316951254; 1447305628,60464; 84449
same_name_state_authorized_official_phone,WRIGHTFILIPPISLLC,MI,ANTHONYFILIPPIS,3137459811,2,1053466243; 1386685576,10373; 73449
same_name_state_authorized_official_phone,WRIGHTFILIPPISLLC,MI,ANTHONYFILIPPIS,3138325020,2,1194762856; 1942356589,37082; 179758
same_name_state_authorized_official_phone,WRIGHTFILIPPISLLC,MI,ANTHONYFILIPPIS,5174842624,2,1295768703; 1760537948,56169; 145521
same_name_state_authorized_official_phone,WRIGHTFILIPPISLLC,MI,ANTHONYFILIPPIS,5867564020,2,1457365819; 1871649632,86263; 166689
same_name_state_authorized_official_phone,WRIGHTFILIPPISLLC,MI,ANTHONYFILIPPIS,6162491807,2,1578748398; 1740464585,110089; 142001
same_name_state_authorized_official_phone,WRIGHTFILIPPISLLC,MI,ANTHONYFILIPPIS,7344218400,2,1285648121; 1629123773,53953; 118566
same_name_state_authorized_official_phone,WRIGHTFILIPPISLLC,MI,ANTHONYFILIPPIS,7349756800,2,1770520918; 1902951254,147217; 173128
same_name_state_authorized_official_phone,WRIGHTFILIPPISLLC,MI,ANTHONYFILIPPIS,8102346582,2,1154476497; 1881632396,29314; 168515
same_name_state_authorized_official_phone,WRIGHTFILIPPISLLC,MI,ANTHONYFILIPPIS,8103856330,2,1598779308; 1922153022,113604; 175842
same_name_state_authorized_official_phone,WRIGHTFILIPPISLLC,MI,ANTHONYFILIPPIS,8106641101,2,1063567212; 1457384968,12395; 86441
same_name_state_authorized_official_phone,WRIGHTFILIPPISLLC,MI,ANTHONYFILIPPIS,9897997360,2,1457497646; 1538173364,86873; 101289
same_name_state_authorized_official_phone,WRROSENINC,FL,JANETWOODALL,9544477779,2,1417222126; 1902055262,78712; 171492
same_name_state_authorized_official_phone,WSRXHEALTHCARELLC,FL,TAMTU,3213164615,2,1235556879; 1467872549,44762; 89404
same_name_state_authorized_official_phone,WYANDANCHPHARMACYINC,NY,SUNDASNAQVI,6312534552,2,1275571192; 1386407633,51939; 72941
same_name_state_authorized_official_phone,XPRESSPHARMACYINC,IL,DEMAALZEIN,7085985000,2,1164786554; 1902684541,31715; 172424
same_name_state_authorized_official_phone,YAKIMAVALLEYMEMORIALPHYSICIANS,WA,WILLIAMROBERTSON,5094548888,3,1366325870; 1548143050; 1871279257,68906; 103038; 165989
same_name_state_authorized_official_phone,YALEDRUGINC,OK,TROYSIMONS,9183874183,2,1114089760; 1780602748,21202; 149105
same_name_state_authorized_official_phone,YALEUNIVERSITY,CT,IAINBURCHELL,2037852579,2,1548066962; 1740099407,102955; 140965
same_name_state_authorized_official_phone,YALEUNIVERSITY,CT,IAINBURCHELL,8779253637,5,1053079335; 1104530666; 1144985482; 1831854173; 1962167395,9524; 19859; 28362; 159681; 182965
same_name_state_authorized_official_phone,YANKEBIONICSINC,OH,MARKYANKE,3307626411,2,1033212600; 1154999217,6213; 30261
same_name_state_authorized_official_phone,YATYMEDICALSUPPLIESLLC,FL,YAMILEARMAS,7862427974,2,1487662268; 1588611255,92480; 111343
same_name_state_authorized_official_phone,YEEADVANCEDORTHOPEDICSSPORTSMEDICINEPC,NV,RANDALLYEE,7027405327,2,1043624190; 1790199842,8980; 150585
same_name_state_authorized_official_phone,YFCCGROUPLLC,NJ,YINGDUN,7322489322,2,1770083206; 1902474869,146646; 172224
same_name_state_authorized_official_phone,YORKDRUGINC,VA,DAVIDCREECY,7578687114,2,1487716569; 1619086725,92772; 116529
same_name_state_authorized_official_phone,YOSEMITEPATHOLOGYMEDICALGROUPINC,CA,ROBERTCOLLETTI,2095771200,6,1134394190; 1417122730; 1750556718; 1760657092; 1760657720; 1942475900,25675; 78480; 143961; 145918; 145921; 180067
same_name_state_authorized_official_phone,YOUCANTOOCANINC,CO,MARTHAHANSEN,3037599525,2,1265545198; 1841307824,50197; 160416
same_name_state_authorized_official_phone,YOUNGERSALONINC,VA,LORIRUSSELL,5712306302,2,1669166500; 1790479640,125944; 150955
same_name_state_authorized_official_phone,YOURPHARMACYLLC,KY,JOSHUASORRELL,8592345400,2,1518946979; 1639348550,98877; 121029
same_name_state_authorized_official_phone,ZABVENTURESLLC,TX,PETERCATALANO,8552552454,2,1649815648; 1831496488,123665; 159125
same_name_state_authorized_official_phone,ZARKULINC,TX,MDZIAURRAHMAN,3465704749,2,1376376384; 1932825262,70960; 178792
same_name_state_authorized_official_phone,ZEALSPLLC,PA,JONATHANOGURCHAK,8884129325,2,1629939020; 1689423709,120042; 130078
same_name_state_authorized_official_phone,ZEBULONDRUGCOMPANYINC,NC,WALTONONEAL,9192697481,2,1023702990; 1255336285,5401; 47672
same_name_state_authorized_official_phone,ZENITHCHIROPRACTICPLLC,TX,GURSIMRANGILL,9722100033,3,1093383903; 1336717255; 1871161794,17695; 64313; 165835
same_name_state_authorized_official_phone,ZENITHLABORATORYSERVICESLLC,TX,CYRUSKASHEF,9032124302,2,1568840593; 1841741741,108316; 161378
same_name_state_authorized_official_phone,ZERIGOHEALTHINC,CA,LISAROMETTY,8554372482,2,1013703743; 1578078986,3232; 108703
same_name_state_authorized_official_phone,ZETROZSYSTEMSLLC,CT,GEORGELEWIS,8882029831,2,1265929566; 1942679816,50985; 180447
same_name_state_authorized_official_phone,ZHARTSINC,NY,ASRAKHAN,5168728700,2,1255135190; 1871939207,47438; 167420
same_name_state_authorized_official_phone,ZOOCITYDRUGINC,NC,MICHAELGRIFFIN,3366263784,2,1164785796; 1770845166,31714; 148097
same_name_state_authorized_official_phone,ZZFARMACYINC,CA,ERICPHAN,7145315502,2,1134219355; 1548763584,25198; 104447
